subgrid,mode,model_key,api_model,provider,family,prompt_variant,seed_index,case_id,label,typology,difficulty,stratum,seed,temperature,timestamp_utc,prompt_hash,content_sha256,suspicious,decision,out_typology,rationale,input_tokens,output_tokens,cost_usd,ok,error,key_id,raw_response
full,REAL,xai_grok,grok-4.5,xai,xai,v_terse,0,B-genuine_trade_finance-e-000,benign,,easy,benign:genuine_trade_finance,1973213412,0.0,2026-07-15T16:41:03.894154+00:00,17f1cf72fae2b15e,893d47e6f7b30cd4cbcfb84d3d87d3cfea9693e65d4191b835ec96122ce0274f,False,no_flag,,"Normal verified business trade payment with minor utilities; no layering, structuring or other red flags.",569,36,0.001674,True,,0,"{""suspicious"": false, ""typology"": null, ""rationale"": ""Normal verified business trade payment with minor utilities; no layering, structuring or other red flags.""}"
full,REAL,xai_grok,grok-4.5,xai,xai,v_terse,0,B-genuine_trade_finance-e-001,benign,,easy,benign:genuine_trade_finance,941626782,0.0,2026-07-15T16:41:05.058726+00:00,801d0234a707a90c,50cb6312b592ba1f10d8ca0838b318d2c055c1a702abd95d66d179eeff7fa950,False,no_flag,,Normal cross-border trade wire between verified businesses; minor utility and card flows show no laundering indicators.,570,38,0.001691,True,,0,"{""suspicious"": false, ""typology"": null, ""rationale"": ""Normal cross-border trade wire between verified businesses; minor utility and card flows show no laundering indicators.""}"
full,REAL,xai_grok,grok-4.5,xai,xai,v_terse,0,B-genuine_trade_finance-e-002,benign,,easy,benign:genuine_trade_finance,2140278145,0.0,2026-07-15T16:41:05.327967+00:00,8c3bff8632f7a248,c6d0823e3c3b58194f6b544dfd46081f5da3a250019d6d194e03706b2c0c18c7,False,no_flag,,"Verified businesses, single legitimate wire for trade, minor routine invoice and payroll; no red flags.",570,36,0.001677,True,,0,"{""suspicious"": false, ""typology"": null, ""rationale"": ""Verified businesses, single legitimate wire for trade, minor routine invoice and payroll; no red flags.""}"
full,REAL,xai_grok,grok-4.5,xai,xai,v_terse,0,B-genuine_trade_finance-e-003,benign,,easy,benign:genuine_trade_finance,1654290126,0.0,2026-07-15T16:41:06.781213+00:00,5973d00dda1ebc47,dae7c1001f5734d22b7f9cb102756a3e1b8a6db513cf2c6ed45abbe1b54005dd,False,no_flag,,Verified businesses with standard trade wire and minor unrelated payments; no ML indicators.,571,32,0.001651,True,,0,"{""suspicious"": false, ""typology"": null, ""rationale"": ""Verified businesses with standard trade wire and minor unrelated payments; no ML indicators.""}"
full,REAL,xai_grok,grok-4.5,xai,xai,v_terse,0,B-genuine_trade_finance-e-004,benign,,easy,benign:genuine_trade_finance,1864465226,0.0,2026-07-15T16:41:07.391703+00:00,594516da298852de,7dd1e204848ffde16164b0690a4972d6ff092c60313999f202bde19f9d17fb22,False,no_flag,,Legitimate trade payment between verified businesses plus minor vendor and payroll flows; no ML indicators.,572,34,0.001668,True,,0,"{""suspicious"": false, ""typology"": null, ""rationale"": ""Legitimate trade payment between verified businesses plus minor vendor and payroll flows; no ML indicators.""}"
full,REAL,xai_grok,grok-4.5,xai,xai,v_terse,0,B-genuine_trade_finance-e-006,benign,,easy,benign:genuine_trade_finance,742370855,0.0,2026-07-15T16:41:10.056512+00:00,b0d249da8fcbaa8d,59f42a84306d6802fd5423723441b2b8a1af986e7861f3880603143d1a05c891,False,no_flag,,Normal verified trade wire; minor reverse inflows lack laundering indicators.,569,31,0.001639,True,,0,"{""suspicious"": false, ""typology"": null, ""rationale"": ""Normal verified trade wire; minor reverse inflows lack laundering indicators.""}"
full,REAL,xai_grok,grok-4.5,xai,xai,v_terse,0,B-genuine_trade_finance-e-005,benign,,easy,benign:genuine_trade_finance,1751529096,0.0,2026-07-15T16:41:10.171980+00:00,521b82f4c8cdd7bf,99d0f34752f78b16e97a58b6d9e12a240e465e18ea209f9dcebba70974a2f478,False,no_flag,,"Legitimate cross-border trade payment with minor unrelated utility/rent flows; verified parties, no layering or red flags.",568,41,0.001707,True,,0,"{""suspicious"": false, ""typology"": null, ""rationale"": ""Legitimate cross-border trade payment with minor unrelated utility/rent flows; verified parties, no layering or red flags.""}"
full,REAL,xai_grok,grok-4.5,xai,xai,v_terse,0,B-genuine_trade_finance-e-007,benign,,easy,benign:genuine_trade_finance,767577600,0.0,2026-07-15T16:41:10.270834+00:00,b3ef79d6ec4d3395,d46ce6108b66721f1fba9d9e08fd9fcabf5eda01c20ee219d90ba80cee83bdf6,False,no_flag,,Normal trade payment under LC followed by routine vendor and payroll outflows; no layering or other red flags.,572,39,0.001703,True,,0,"{""suspicious"": false, ""typology"": null, ""rationale"": ""Normal trade payment under LC followed by routine vendor and payroll outflows; no layering or other red flags.""}"
full,REAL,xai_grok,grok-4.5,xai,xai,v_terse,0,B-genuine_trade_finance-e-008,benign,,easy,benign:genuine_trade_finance,698669257,0.0,2026-07-15T16:41:11.507332+00:00,bcf4b1b8e43832b0,29413400637351de821fcce160ef30614e4d67dbed051225072215f407d9e078,False,no_flag,,Verified businesses with single large wire payment consistent with trade; minor payroll/utility transfers unrelated and normal.,568,37,0.001679,True,,0,"{""suspicious"": false, ""typology"": null, ""rationale"": ""Verified businesses with single large wire payment consistent with trade; minor payroll/utility transfers unrelated and normal.""}"
full,REAL,xai_grok,grok-4.5,xai,xai,v_terse,0,B-genuine_trade_finance-e-009,benign,,easy,benign:genuine_trade_finance,191638504,0.0,2026-07-15T16:41:13.637748+00:00,98f0c7fc0afa1d72,eb3b9fdde235ca84c04803683d4997d4f255921f2c2c2da1aed9f6166caf2244,False,no_flag,,"Normal verified business wire payment with minor payroll and tax; no layering, structuring or other red flags.",567,38,0.001683,True,,0,"{""suspicious"": false, ""typology"": null, ""rationale"": ""Normal verified business wire payment with minor payroll and tax; no layering, structuring or other red flags.""}"
full,REAL,xai_grok,grok-4.5,xai,xai,v_terse,0,B-genuine_trade_finance-e-010,benign,,easy,benign:genuine_trade_finance,1931149406,0.0,2026-07-15T16:41:14.140794+00:00,0944835f68bf2cf8,cab877c3612a4266ef821293f163c9e50689272b1bfd8d818ce94525e87f7569,False,no_flag,,"Normal verified trade payment with tax and minor invoice; no layering, structuring or other red flags.",571,37,0.001687,True,,0,"{""suspicious"": false, ""typology"": null, ""rationale"": ""Normal verified trade payment with tax and minor invoice; no layering, structuring or other red flags.""}"
full,REAL,xai_grok,grok-4.5,xai,xai,v_terse,0,B-genuine_trade_finance-e-011,benign,,easy,benign:genuine_trade_finance,514934457,0.0,2026-07-15T16:41:16.735729+00:00,19104682e6a3843b,b5ea72edb27fbcdab25d9003d1b25dda4192baae3d926b42376dfa426b5b5cfc,False,no_flag,,Normal cross-border trade wire with LC; minor unrelated payrolls show no laundering indicators.,569,36,0.001674,True,,0,"{""suspicious"": false, ""typology"": null, ""rationale"": ""Normal cross-border trade wire with LC; minor unrelated payrolls show no laundering indicators.""}"
full,REAL,xai_grok,grok-4.5,xai,xai,v_terse,0,B-genuine_trade_finance-h-000,benign,,hard,benign:genuine_trade_finance,1586226817,0.0,2026-07-15T16:41:18.194020+00:00,fe3820ea5a8d2166,ac36c51c87a9a1a8d5722f1c242b34c39fb373bafeff321c16ff4216568fc690,False,no_flag,,"Normal cross-border trade payment with routine tax, rent, utility and card settlements; no layering or other red flags.",862,42,0.002449,True,,0,"{""suspicious"": false, ""typology"": null, ""rationale"": ""Normal cross-border trade payment with routine tax, rent, utility and card settlements; no layering or other red flags.""}"
full,REAL,xai_grok,grok-4.5,xai,xai,v_terse,0,B-genuine_trade_finance-h-001,benign,,hard,benign:genuine_trade_finance,653433794,0.0,2026-07-15T16:41:18.211044+00:00,83848f9c3390c583,1136dca1ba7efaa015adaebeac6d7420d1e105c17c039f1713e1f11b446da267,False,no_flag,,Normal trade payment with routine operational inflows/outflows; no red flags for laundering typologies.,863,38,0.002424,True,,0,"{""suspicious"": false, ""typology"": null, ""rationale"": ""Normal trade payment with routine operational inflows/outflows; no red flags for laundering typologies.""}"
full,REAL,xai_grok,grok-4.5,xai,xai,v_terse,0,B-genuine_trade_finance-h-002,benign,,hard,benign:genuine_trade_finance,1211858304,0.0,2026-07-15T16:41:20.794415+00:00,e7e55c83c9d93b5c,561d0c2d26b1fa0641dac61b7ef849c9036cbca3e2469ec239bbb0516424c89a,False,no_flag,,Verified businesses with normal payroll/utility flows and one large trade wire; no layering or other red flags.,859,39,0.00242,True,,0,"{""suspicious"": false, ""typology"": null, ""rationale"": ""Verified businesses with normal payroll/utility flows and one large trade wire; no layering or other red flags.""}"
full,REAL,xai_grok,grok-4.5,xai,xai,v_terse,0,B-genuine_trade_finance-h-003,benign,,hard,benign:genuine_trade_finance,1547777353,0.0,2026-07-15T16:41:21.670907+00:00,838ff08d01fe3a2b,76eb28562c38cbe5c4802571a66c919dd939906931f42549d4a0b925d0e0e5d8,False,no_flag,,Normal business ops with verified entities; single large trade wire and routine expenses/refunds show no laundering indicators.,861,40,0.002432,True,,0,"{""suspicious"": false, ""typology"": null, ""rationale"": ""Normal business ops with verified entities; single large trade wire and routine expenses/refunds show no laundering indicators.""}"
full,REAL,xai_grok,grok-4.5,xai,xai,v_terse,0,B-genuine_trade_finance-h-006,benign,,hard,benign:genuine_trade_finance,187749425,0.0,2026-07-15T16:41:24.773267+00:00,23c5925682903f6e,3864351a95b428246a407364adf7aea7e13da74e87821e60d3a50d085feff68e,False,no_flag,,"Single verified trade wire with subsequent routine utility, tax, rent and vendor flows; no layering or other red flags.",856,41,0.002427,True,,0,"{""suspicious"": false, ""typology"": null, ""rationale"": ""Single verified trade wire with subsequent routine utility, tax, rent and vendor flows; no layering or other red flags.""}"
full,REAL,xai_grok,grok-4.5,xai,xai,v_terse,0,B-genuine_trade_finance-h-004,benign,,hard,benign:genuine_trade_finance,466727836,0.0,2026-07-15T16:41:25.007584+00:00,a54926d6b9319820,dfdf190578d765436aaa6854de32f781e2cadf83a1317a061a83007cef7422be,False,no_flag,,"Verified businesses with one large trade wire plus routine small rents, taxes, cards; no clear laundering pattern.",865,39,0.002436,True,,0,"{""suspicious"": false, ""typology"": null, ""rationale"": ""Verified businesses with one large trade wire plus routine small rents, taxes, cards; no clear laundering pattern.""}"
full,REAL,xai_grok,grok-4.5,xai,xai,v_terse,0,B-genuine_trade_finance-h-007,benign,,hard,benign:genuine_trade_finance,1418470498,0.0,2026-07-15T16:41:25.261788+00:00,8487e173b1b041a2,ff2a90f875749e741cf34adb95158334579df90eed960785bf17c3c9e9a4bda8,False,no_flag,,"Normal cross-border trade payment with routine business expenses; no layering, rapid movement or other ML indicators.",865,39,0.002436,True,,0,"{""suspicious"": false, ""typology"": null, ""rationale"": ""Normal cross-border trade payment with routine business expenses; no layering, rapid movement or other ML indicators.""}"
full,REAL,xai_grok,grok-4.5,xai,xai,v_terse,0,B-genuine_trade_finance-h-005,benign,,hard,benign:genuine_trade_finance,2009779585,0.0,2026-07-15T16:41:28.273091+00:00,418713c98fb989b6,06e1ec9a22224214f01c918a9ad3d61506bf7b1c6738a76063bcbec1c1701d5a,False,no_flag,,Verified businesses with one large trade wire and routine small inflows/outflows including refunds; no ML red flags.,860,41,0.002437,True,,0,"{""suspicious"": false, ""typology"": null, ""rationale"": ""Verified businesses with one large trade wire and routine small inflows/outflows including refunds; no ML red flags.""}"
full,REAL,xai_grok,grok-4.5,xai,xai,v_terse,0,B-genuine_trade_finance-h-009,benign,,hard,benign:genuine_trade_finance,193363968,0.0,2026-07-15T16:41:29.092545+00:00,4e850f54bfc38b30,2234b25ceac009aa7d57261de8e85edbf891aed6eb011c3c8088d006467a1c93,False,no_flag,,"Legitimate cross-border trade payment with subsequent routine tax, rent and utility flows; no ML indicators.",859,37,0.002407,True,,0,"{""suspicious"": false, ""typology"": null, ""rationale"": ""Legitimate cross-border trade payment with subsequent routine tax, rent and utility flows; no ML indicators.""}"
full,REAL,xai_grok,grok-4.5,xai,xai,v_terse,0,B-genuine_trade_finance-h-008,benign,,hard,benign:genuine_trade_finance,1150219371,0.0,2026-07-15T16:41:29.251296+00:00,bcec221e653d231e,b3f41703cf1ea39bac5441110514876556bece34d61d4baa5d27a344ecf67e5b,False,no_flag,,Legitimate cross-border trade payment plus routine business expenses and receipts; no ML indicators.,861,34,0.00239,True,,0,"{""suspicious"": false, ""typology"": null, ""rationale"": ""Legitimate cross-border trade payment plus routine business expenses and receipts; no ML indicators.""}"
full,REAL,xai_grok,grok-4.5,xai,xai,v_terse,0,B-genuine_trade_finance-h-010,benign,,hard,benign:genuine_trade_finance,696444186,0.0,2026-07-15T16:41:31.413920+00:00,19c6641fc74fa453,d5575765bfa761fc39203c5983252adb7f29c122d9dd30ea22e60ac856f149a7,False,no_flag,,"Normal cross-border trade payment plus routine rents, taxes, payroll and card settlements; no laundering indicators.",859,39,0.00242,True,,0,"{""suspicious"": false, ""typology"": null, ""rationale"": ""Normal cross-border trade payment plus routine rents, taxes, payroll and card settlements; no laundering indicators.""}"
full,REAL,xai_grok,grok-4.5,xai,xai,v_terse,0,B-genuine_trade_finance-m-001,benign,,medium,benign:genuine_trade_finance,160288820,0.0,2026-07-15T16:41:33.903769+00:00,4b73b187d3dfd129,165b61ef87c71ae890b5adb4a0b1a8107ebfd69f3f324c0a976c234e79494197,False,no_flag,,"Legitimate cross-border trade payment with routine payroll, rent and invoice flows; no ML indicators.",698,36,0.001997,True,,0,"{""suspicious"": false, ""typology"": null, ""rationale"": ""Legitimate cross-border trade payment with routine payroll, rent and invoice flows; no ML indicators.""}"
full,REAL,xai_grok,grok-4.5,xai,xai,v_terse,0,B-genuine_trade_finance-m-002,benign,,medium,benign:genuine_trade_finance,2056509707,0.0,2026-07-15T16:41:34.088832+00:00,b4f3cdd4397c2eda,01e8bd3d74c5f72e8ae3cf27e3ee05099bb337cc96beb98cb6e7f61806483e7a,False,no_flag,,Normal cross-border trade payment with subsequent routine business expenses; no laundering indicators present.,696,35,0.001985,True,,0,"{""suspicious"": false, ""typology"": null, ""rationale"": ""Normal cross-border trade payment with subsequent routine business expenses; no laundering indicators present.""}"
full,REAL,xai_grok,grok-4.5,xai,xai,v_terse,0,B-genuine_trade_finance-m-000,benign,,medium,benign:genuine_trade_finance,56139592,0.0,2026-07-15T16:41:34.408401+00:00,42ff77692671648b,61b88d2235f6fbbf290f0985b409eb472b0cd4e7f5a50589b3cc48601944ca3d,False,no_flag,,Normal cross-border trade payment with subsequent routine business expenses and minor receipts; no layering or other red flags.,702,40,0.002035,True,,0,"{""suspicious"": false, ""typology"": null, ""rationale"": ""Normal cross-border trade payment with subsequent routine business expenses and minor receipts; no layering or other red flags.""}"
full,REAL,xai_grok,grok-4.5,xai,xai,v_terse,0,B-genuine_trade_finance-m-003,benign,,medium,benign:genuine_trade_finance,844643352,0.0,2026-07-15T16:41:38.630527+00:00,c636d6de946d2a42,1cdf70f2d6122f48f6a7feee35de085d2a5e15feaa86d4db43117ec5eeeb3b56,False,no_flag,,"Normal trade payment under LC plus routine rent, tax and vendor invoices; no layering or structuring indicators.",697,38,0.002009,True,,0,"{""suspicious"": false, ""typology"": null, ""rationale"": ""Normal trade payment under LC plus routine rent, tax and vendor invoices; no layering or structuring indicators.""}"
full,REAL,xai_grok,grok-4.5,xai,xai,v_terse,0,B-genuine_trade_finance-m-005,benign,,medium,benign:genuine_trade_finance,507493333,0.0,2026-07-15T16:41:39.034147+00:00,4f618538e7613352,a69ffff361b0396a811b4ea6245058ba0cc33eb9dd2089f08f32b25960ca735d,False,no_flag,,Normal cross-border trade payment with routine small business expenses; no red flags or laundering patterns.,696,37,0.001999,True,,0,"{""suspicious"": false, ""typology"": null, ""rationale"": ""Normal cross-border trade payment with routine small business expenses; no red flags or laundering patterns.""}"
full,REAL,xai_grok,grok-4.5,xai,xai,v_terse,0,B-genuine_trade_finance-m-004,benign,,medium,benign:genuine_trade_finance,1615604906,0.0,2026-07-15T16:41:39.777300+00:00,093fe0e1abf4a860,c79f08572ffc7535b9700f37280bd72a476dee765b48881f6dfffeec4806ae22,False,no_flag,,Normal cross-border trade payment with minor unrelated card and rent flows; no red flags for laundering typologies.,701,40,0.002033,True,,0,"{""suspicious"": false, ""typology"": null, ""rationale"": ""Normal cross-border trade payment with minor unrelated card and rent flows; no red flags for laundering typologies.""}"
full,REAL,xai_grok,grok-4.5,xai,xai,v_terse,0,B-genuine_trade_finance-m-006,benign,,medium,benign:genuine_trade_finance,814872765,0.0,2026-07-15T16:41:41.636930+00:00,7b82bee30002205d,a6b0c5a0d8fb702a6c14b68ec728cc735811199c3c24f7d35a310a6c26e69582,False,no_flag,,Legitimate cross-border trade payment with minor unrelated business inflows and rent transfers; no ML red flags.,697,38,0.002009,True,,0,"{""suspicious"": false, ""typology"": null, ""rationale"": ""Legitimate cross-border trade payment with minor unrelated business inflows and rent transfers; no ML red flags.""}"
full,REAL,xai_grok,grok-4.5,xai,xai,v_terse,0,B-genuine_trade_finance-m-007,benign,,medium,benign:genuine_trade_finance,1026067352,0.0,2026-07-15T16:41:42.306884+00:00,74f77bf4dc8a2ddb,1b787c741662b14155012531a20496c027aa6f0d2ff170da8115c320d3a5a2f0,False,no_flag,,Legitimate trade payment with LOCs; subsequent small operational expenses and taxes show no laundering indicators.,694,36,0.001987,True,,0,"{""suspicious"": false, ""typology"": null, ""rationale"": ""Legitimate trade payment with LOCs; subsequent small operational expenses and taxes show no laundering indicators.""}"
full,REAL,xai_grok,grok-4.5,xai,xai,v_terse,0,B-genuine_trade_finance-m-009,benign,,medium,benign:genuine_trade_finance,124341668,0.0,2026-07-15T16:41:44.318430+00:00,5c94a375eb4e3857,24e2162e8ff063073a1bb0364154456d79a0901b3edec7bd8f0d2ccf56988107,False,no_flag,,"Normal cross-border trade payment with minor unrelated rents, invoices and tax; no layering or red flags.",696,39,0.002013,True,,0,"{""suspicious"": false, ""typology"": null, ""rationale"": ""Normal cross-border trade payment with minor unrelated rents, invoices and tax; no layering or red flags.""}"
full,REAL,xai_grok,grok-4.5,xai,xai,v_terse,0,B-genuine_trade_finance-m-008,benign,,medium,benign:genuine_trade_finance,161757780,0.0,2026-07-15T16:41:44.489117+00:00,bb3a8de233cfdca8,89153ce4ea60c5f45b29c629cee85122873d73f956d3229c4c3cc894050a9359,False,no_flag,,"Legitimate business activity: large trade wire plus routine expenses and receipts; no layering, structuring or rapid passthrough indicators.",698,41,0.002032,True,,0,"{""suspicious"": false, ""typology"": null, ""rationale"": ""Legitimate business activity: large trade wire plus routine expenses and receipts; no layering, structuring or rapid passthrough indicators.""}"
full,REAL,xai_grok,grok-4.5,xai,xai,v_terse,0,B-genuine_trade_finance-m-010,benign,,medium,benign:genuine_trade_finance,1171438795,0.0,2026-07-15T16:41:46.063135+00:00,53eb62863cb0c42d,b7720c7e5810e91f263c691fb995e217a9182c9302744edc67952b7e92a8c7c4,False,no_flag,,"Legitimate cross-border trade payment with routine tax refunds/payments and payroll; verified parties, no red flags.",693,40,0.002012,True,,0,"{""suspicious"": false, ""typology"": null, ""rationale"": ""Legitimate cross-border trade payment with routine tax refunds/payments and payroll; verified parties, no red flags.""}"
full,REAL,xai_grok,grok-4.5,xai,xai,v_terse,0,B-genuine_trade_finance-m-011,benign,,medium,benign:genuine_trade_finance,59126701,0.0,2026-07-15T16:41:47.000145+00:00,a2b7118b09e9e058,2b9d264ca9664e54dbe6e94289666da4f6b027f19d5e6d63af49458451baea46,False,no_flag,,Normal cross-border trade payment with LC support and routine small business inflows/outflows; no ML indicators.,696,40,0.00202,True,,0,"{""suspicious"": false, ""typology"": null, ""rationale"": ""Normal cross-border trade payment with LC support and routine small business inflows/outflows; no ML indicators.""}"
full,REAL,xai_grok,grok-4.5,xai,xai,v_terse,0,B-genuine_trade_finance-m-012,benign,,medium,benign:genuine_trade_finance,799098651,0.0,2026-07-15T16:41:48.653708+00:00,ff991afa2b4d8f10,c616fddbefcc870e5c47528115b397f143d7875c68732367518560af11e194f9,False,no_flag,,Normal cross-border trade payment under LC with minor tax/utility refunds; no red flags.,694,37,0.001994,True,,0,"{""suspicious"": false, ""typology"": null, ""rationale"": ""Normal cross-border trade payment under LC with minor tax/utility refunds; no red flags.""}"
full,REAL,xai_grok,grok-4.5,xai,xai,v_terse,0,B-genuine_trade_finance-m-013,benign,,medium,benign:genuine_trade_finance,2087259092,0.0,2026-07-15T16:41:49.357447+00:00,1ee3b42733901302,5ab93b58e53e84e552fc51e183074e8f8eec1b0e694792b577d1712d35ff24f9,False,no_flag,,"Verified businesses with routine trade payment, taxes, payroll, utilities; no ML indicators.",697,34,0.001981,True,,0,"{""suspicious"": false, ""typology"": null, ""rationale"": ""Verified businesses with routine trade payment, taxes, payroll, utilities; no ML indicators.""}"
full,REAL,xai_grok,grok-4.5,xai,xai,v_terse,0,B-loan_disbursement-e-000,benign,,easy,benign:loan_disbursement,598461011,0.0,2026-07-15T16:41:51.685580+00:00,26de4417a520d4e6,7e3d4da4b793d400f72ac1c8007cb617e603834d7272ca847fc0a5085223e124,False,no_flag,,"Legitimate equipment loan disbursement after vendor payment; minor settlements normal; all parties KYC-verified, no ML indicators.",592,41,0.001767,True,,0,"{""suspicious"": false, ""typology"": null, ""rationale"": ""Legitimate equipment loan disbursement after vendor payment; minor settlements normal; all parties KYC-verified, no ML indicators.""}"
full,REAL,xai_grok,grok-4.5,xai,xai,v_terse,0,B-loan_disbursement-e-001,benign,,easy,benign:loan_disbursement,1623393752,0.0,2026-07-15T16:41:52.863249+00:00,e5c314de955b00cc,08a1bb01a1c56e59754f8eae956f6726b1d1e062c0aa227ebde8df9d4e62c534,False,no_flag,,Normal loan-funded equipment purchase by verified business followed by routine payroll and utility payments.,593,34,0.00172,True,,0,"{""suspicious"": false, ""typology"": null, ""rationale"": ""Normal loan-funded equipment purchase by verified business followed by routine payroll and utility payments.""}"
full,REAL,xai_grok,grok-4.5,xai,xai,v_terse,0,B-genuine_trade_finance-m-014,benign,,medium,benign:genuine_trade_finance,412350219,0.0,2026-07-15T16:41:52.880942+00:00,c6dab8e3d40de1fb,9784820c28a29b064ecbf88d54555b67fdbd69baa55935179c40c7277a921866,False,no_flag,,"Verified businesses with legitimate trade wire, LC support, and minor refunds/expenses; no ML red flags.",692,39,0.002003,True,,0,"{""suspicious"": false, ""typology"": null, ""rationale"": ""Verified businesses with legitimate trade wire, LC support, and minor refunds/expenses; no ML red flags.""}"
full,REAL,xai_grok,grok-4.5,xai,xai,v_terse,0,B-loan_disbursement-e-002,benign,,easy,benign:loan_disbursement,887659690,0.0,2026-07-15T16:41:53.404599+00:00,ae3153ec180f3463,c9341a635ebbdd9ab46556858d476ff71199d5aa4c9e6532baa73d6113b204e7,False,no_flag,,Legitimate equipment loan disbursement after vendor payment plus normal rent; no ML red flags.,595,34,0.001726,True,,0,"{""suspicious"": false, ""typology"": null, ""rationale"": ""Legitimate equipment loan disbursement after vendor payment plus normal rent; no ML red flags.""}"
full,REAL,xai_grok,grok-4.5,xai,xai,v_terse,0,B-loan_disbursement-e-004,benign,,easy,benign:loan_disbursement,1812811015,0.0,2026-07-15T16:41:55.563824+00:00,ec7a7fffd74a97d5,83a75ef14db53153a0049d64a6552a812702061ec4f9a150cd4b66b5ce59620a,False,no_flag,,Legitimate bank loan to business for equipment purchase next day; minor tax refunds. No ML red flags.,592,38,0.001746,True,,0,"{""suspicious"": false, ""typology"": null, ""rationale"": ""Legitimate bank loan to business for equipment purchase next day; minor tax refunds. No ML red flags.""}"
full,REAL,xai_grok,grok-4.5,xai,xai,v_terse,0,B-loan_disbursement-e-005,benign,,easy,benign:loan_disbursement,463146424,0.0,2026-07-15T16:41:56.764776+00:00,5e7d2229c98bd65f,32c2f4ea22ab1ed09dbfba8554cea2b9047efd16d059f3c39d8ce2486ab4f8ca,False,no_flag,,Standard loan disbursement used for equipment purchase; minor rent flows show no laundering indicators.,595,35,0.001733,True,,0,"{""suspicious"": false, ""typology"": null, ""rationale"": ""Standard loan disbursement used for equipment purchase; minor rent flows show no laundering indicators.""}"
full,REAL,xai_grok,grok-4.5,xai,xai,v_terse,0,B-loan_disbursement-e-003,benign,,easy,benign:loan_disbursement,251325008,0.0,2026-07-15T16:41:57.816218+00:00,695aea4e23c08855,a433b6b988b42a59220fc8a8c3ff70c829d531a9a16589737d30c41084888499,False,no_flag,,Matched loan and equipment payment; verified parties; minor later transfers appear routine business activity.,594,34,0.001723,True,,0,"{""suspicious"": false, ""typology"": null, ""rationale"": ""Matched loan and equipment payment; verified parties; minor later transfers appear routine business activity.""}"
full,REAL,xai_grok,grok-4.5,xai,xai,v_terse,0,B-loan_disbursement-e-006,benign,,easy,benign:loan_disbursement,795024909,0.0,2026-07-15T16:41:58.547095+00:00,e70b4de0ccf118b9,2a980f58755c0bc8066d24801c89662ee8a44872c4d7093aba321eb33b27e1dd,False,no_flag,,Legitimate loan-financed equipment purchase with verified parties and normal tax/card flows; no ML indicators.,595,38,0.001754,True,,0,"{""suspicious"": false, ""typology"": null, ""rationale"": ""Legitimate loan-financed equipment purchase with verified parties and normal tax/card flows; no ML indicators.""}"
full,REAL,xai_grok,grok-4.5,xai,xai,v_terse,0,B-loan_disbursement-e-007,benign,,easy,benign:loan_disbursement,1273335019,0.0,2026-07-15T16:41:59.865218+00:00,738bc84241234d40,92077cfc35b45299be30f90d82a5c14feef3845039bce69ef2613c2ae6fd9bba,False,no_flag,,Normal loan disbursement followed by equipment purchase; minor unrelated settlements show no laundering indicators.,594,35,0.00173,True,,0,"{""suspicious"": false, ""typology"": null, ""rationale"": ""Normal loan disbursement followed by equipment purchase; minor unrelated settlements show no laundering indicators.""}"
full,REAL,xai_grok,grok-4.5,xai,xai,v_terse,0,B-loan_disbursement-e-009,benign,,easy,benign:loan_disbursement,1920211942,0.0,2026-07-15T16:42:00.217367+00:00,3a75bafa50b01205,34b374e6490d3725d3bb95c91e80abb94f846c94f7d769a0207bce0b2c0b8237,False,no_flag,,Loan to business then equipment purchase; residual small transfers ordinary.,594,29,0.001688,True,,0,"{""suspicious"": false, ""typology"": null, ""rationale"": ""Loan to business then equipment purchase; residual small transfers ordinary.""}"
full,REAL,xai_grok,grok-4.5,xai,xai,v_terse,0,B-loan_disbursement-e-008,benign,,easy,benign:loan_disbursement,163434907,0.0,2026-07-15T16:42:00.346954+00:00,73971d1e6e4cdf0f,f0b3adee3f7bf76c5425493865f1f2679223385a89139711145d157295b13607,False,no_flag,,Normal loan disbursement for equipment purchase followed by routine utility and rent activity; no ML indicators.,594,36,0.001737,True,,0,"{""suspicious"": false, ""typology"": null, ""rationale"": ""Normal loan disbursement for equipment purchase followed by routine utility and rent activity; no ML indicators.""}"
full,REAL,xai_grok,grok-4.5,xai,xai,v_terse,0,B-loan_disbursement-e-010,benign,,easy,benign:loan_disbursement,2083140568,0.0,2026-07-15T16:42:03.619936+00:00,18a46d5ea721473c,e7f856719421466dfa4a03816ce6c3e3a42065c561cc561d0e1d2d86b9dc1c34,False,no_flag,,"Normal loan disbursement for equipment purchase with verified parties; no layering, structuring or other ML indicators present.",594,39,0.001758,True,,0,"{""suspicious"": false, ""typology"": null, ""rationale"": ""Normal loan disbursement for equipment purchase with verified parties; no layering, structuring or other ML indicators present.""}"
full,REAL,xai_grok,grok-4.5,xai,xai,v_terse,0,B-loan_disbursement-h-000,benign,,hard,benign:loan_disbursement,1039236443,0.0,2026-07-15T16:42:04.040868+00:00,1e2e6dd26514fcdf,f9d9fce7f515fd20cbb8abfa09c96936a4c46ac8f5784b0e4e45772386aa2c3d,False,no_flag,,"Legitimate loan-funded equipment purchase followed by normal tax, utility, payroll activity; no laundering indicators.",883,38,0.002474,True,,0,"{""suspicious"": false, ""typology"": null, ""rationale"": ""Legitimate loan-funded equipment purchase followed by normal tax, utility, payroll activity; no laundering indicators.""}"
full,REAL,xai_grok,grok-4.5,xai,xai,v_terse,0,B-loan_disbursement-e-011,benign,,easy,benign:loan_disbursement,928847668,0.0,2026-07-15T16:42:05.407284+00:00,bc927d6b27106b68,60e95aca84a2e93038892cf6a4b7fab8a79e50874192e2c1a6bedadd1b4931a2,False,no_flag,,Legitimate equipment loan: borrower pays vendor then receives matching funds from lender. Minor reverse utility/rent flows are non-suspicious anomalies.,593,43,0.001783,True,,0,"{""suspicious"": false, ""typology"": null, ""rationale"": ""Legitimate equipment loan: borrower pays vendor then receives matching funds from lender. Minor reverse utility/rent flows are non-suspicious anomalies.""}"
full,REAL,xai_grok,grok-4.5,xai,xai,v_terse,0,B-loan_disbursement-h-001,benign,,hard,benign:loan_disbursement,1340180530,0.0,2026-07-15T16:42:05.831063+00:00,d42840c1c576bd89,51bcbd81f6ff3850d28990611abc73366c0aada317314c85a4120bcfb9f5b131,False,no_flag,,Normal loan-funded equipment purchase plus routine business inflows/outflows; no ML indicators.,894,36,0.002487,True,,0,"{""suspicious"": false, ""typology"": null, ""rationale"": ""Normal loan-funded equipment purchase plus routine business inflows/outflows; no ML indicators.""}"
full,REAL,xai_grok,grok-4.5,xai,xai,v_terse,0,B-loan_disbursement-h-002,benign,,hard,benign:loan_disbursement,1979131099,0.0,2026-07-15T16:42:09.126324+00:00,b8c1a4ba827ace65,bd844b02b53f5e3cf9158fd4a275b5ee700e2e9f8909150140889466621b7990,True,flag,rapid_passthrough,Loan of 77500 wired same day fully to vendor; classic rapid passthrough of funds.,889,41,0.00251,True,,0,"{""suspicious"": true, ""typology"": ""rapid_passthrough"", ""rationale"": ""Loan of 77500 wired same day fully to vendor; classic rapid passthrough of funds.""}"
full,REAL,xai_grok,grok-4.5,xai,xai,v_terse,0,B-loan_disbursement-h-003,benign,,hard,benign:loan_disbursement,634015888,0.0,2026-07-15T16:42:09.336138+00:00,c8c63eee579119e7,c9e0dec4ea31ef1fd7f8cd73db5738ff77f4feb4779e4d84be86f45ef5d31531,False,no_flag,,Loan disbursed then paid to equipment vendor; remaining flows are routine small business payments and refunds with no red flags.,889,41,0.00251,True,,0,"{""suspicious"": false, ""typology"": null, ""rationale"": ""Loan disbursed then paid to equipment vendor; remaining flows are routine small business payments and refunds with no red flags.""}"
full,REAL,xai_grok,grok-4.5,xai,xai,v_terse,0,B-loan_disbursement-h-005,benign,,hard,benign:loan_disbursement,285588711,0.0,2026-07-15T16:42:12.013493+00:00,5489850c6521b842,9d6387b6771669474999b6f95c5fd8dbdbbaaa069e07df149e2ab545c3a39707,False,no_flag,,"Loan funds equipment purchase; subsequent small invoices, utilities, taxes and card settlements appear ordinary business activity.",890,37,0.002484,True,,0,"{""suspicious"": false, ""typology"": null, ""rationale"": ""Loan funds equipment purchase; subsequent small invoices, utilities, taxes and card settlements appear ordinary business activity.""}"
full,REAL,xai_grok,grok-4.5,xai,xai,v_terse,0,B-loan_disbursement-h-004,benign,,hard,benign:loan_disbursement,1934569716,0.0,2026-07-15T16:42:12.015495+00:00,9ac3676e6083c607,b9b8d2c9edb4422aeb22697ea89d0313a5046871793dbd7e6c3ed2fcfa192d10,False,no_flag,,"Normal business loan funding equipment purchase with matching amounts; routine rents, payrolls and settlements show no laundering indicators.",890,40,0.002505,True,,0,"{""suspicious"": false, ""typology"": null, ""rationale"": ""Normal business loan funding equipment purchase with matching amounts; routine rents, payrolls and settlements show no laundering indicators.""}"
full,REAL,xai_grok,grok-4.5,xai,xai,v_terse,0,B-loan_disbursement-h-006,benign,,hard,benign:loan_disbursement,405916201,0.0,2026-07-15T16:42:12.066935+00:00,93c33beaac34995e,fce36fdf02312c99189f90707e7a24b35a0a2ebe8f472bfdc4aecdca8f100374,False,no_flag,,"Normal loan-funded equipment purchase with subsequent routine tax, payroll and rent activity.",885,33,0.002443,True,,0,"{""suspicious"": false, ""typology"": null, ""rationale"": ""Normal loan-funded equipment purchase with subsequent routine tax, payroll and rent activity.""}"
full,REAL,xai_grok,grok-4.5,xai,xai,v_terse,0,B-loan_disbursement-h-007,benign,,hard,benign:loan_disbursement,226074919,0.0,2026-07-15T16:42:15.368230+00:00,58926bd4b6f8259b,51058ad884702d293fcd9441870c208d8bbc061bc8c67ac0cce6741805b6fe6a,False,no_flag,,"Loan funds used for equipment purchase with subsequent normal tax, payroll, and card settlements; no laundering indicators.",893,39,0.002505,True,,0,"{""suspicious"": false, ""typology"": null, ""rationale"": ""Loan funds used for equipment purchase with subsequent normal tax, payroll, and card settlements; no laundering indicators.""}"
full,REAL,xai_grok,grok-4.5,xai,xai,v_terse,0,B-loan_disbursement-h-008,benign,,hard,benign:loan_disbursement,1104255089,0.0,2026-07-15T16:42:15.475664+00:00,59dd2cb97024def5,921f29444becbdc1858fc24cddc42ff83ef682307b9ae567d504784aea613f76,False,no_flag,,"Loan proceeds used for equipment purchase; remaining flows are routine payroll, rent, tax and utility payments.",888,37,0.002479,True,,0,"{""suspicious"": false, ""typology"": null, ""rationale"": ""Loan proceeds used for equipment purchase; remaining flows are routine payroll, rent, tax and utility payments.""}"
full,REAL,xai_grok,grok-4.5,xai,xai,v_terse,0,B-loan_disbursement-h-009,benign,,hard,benign:loan_disbursement,259349024,0.0,2026-07-15T16:42:17.441133+00:00,674224ce9933cff7,582f576a4d76f09addb2702262247c669d349318a52810f7ff970b6816bb11a6,False,no_flag,,Loan proceeds paid to equipment vendor; remaining flows are routine business expenses and receipts with no red flags.,892,37,0.002489,True,,0,"{""suspicious"": false, ""typology"": null, ""rationale"": ""Loan proceeds paid to equipment vendor; remaining flows are routine business expenses and receipts with no red flags.""}"
full,REAL,xai_grok,grok-4.5,xai,xai,v_terse,0,B-loan_disbursement-m-000,benign,,medium,benign:loan_disbursement,727860625,0.0,2026-07-15T16:42:18.754262+00:00,3fa5065cecd0dc20,4998fd61d440e303fb6c59a21c9e2ebde4b58b4d4313c18e7be0e8549a172f95,False,no_flag,,"Legitimate loan for equipment purchase with normal rent, payroll and invoice flows; no layering or other red flags.",722,39,0.002078,True,,0,"{""suspicious"": false, ""typology"": null, ""rationale"": ""Legitimate loan for equipment purchase with normal rent, payroll and invoice flows; no layering or other red flags.""}"
full,REAL,xai_grok,grok-4.5,xai,xai,v_terse,0,B-loan_disbursement-h-010,benign,,hard,benign:loan_disbursement,2143229627,0.0,2026-07-15T16:42:19.022346+00:00,b05d21665b9faa7a,65c630dc24bcc8458ac969124fe527a19f29dee4edff04cf2103e6c953b81afd,True,flag,rapid_passthrough,"Full loan amount wired same-day from borrower to vendor, classic rapid passthrough pattern.",891,40,0.002507,True,,0,"{""suspicious"": true, ""typology"": ""rapid_passthrough"", ""rationale"": ""Full loan amount wired same-day from borrower to vendor, classic rapid passthrough pattern.""}"
full,REAL,xai_grok,grok-4.5,xai,xai,v_terse,0,B-loan_disbursement-m-001,benign,,medium,benign:loan_disbursement,1138770355,0.0,2026-07-15T16:42:21.034367+00:00,6ca35b565801ee3c,9a642de67273b05ae35a38d2e35397f7926e23f1a3ec906b3f08ef430b67d8ef,False,no_flag,,Loan funds promptly used for equipment purchase; tax and payroll flows appear routine and legitimate.,722,34,0.002043,True,,0,"{""suspicious"": false, ""typology"": null, ""rationale"": ""Loan funds promptly used for equipment purchase; tax and payroll flows appear routine and legitimate.""}"
full,REAL,xai_grok,grok-4.5,xai,xai,v_terse,0,B-loan_disbursement-m-002,benign,,medium,benign:loan_disbursement,2080587542,0.0,2026-07-15T16:42:21.149428+00:00,833f8b862ee6ff9a,10bfb0481a96aa2db4b14fef73a51b68c2b85c3151ddb4a90b911754f3ee8105,False,no_flag,,Legitimate loan for equipment purchase with verified parties; subsequent inflows are normal business activity.,718,34,0.002033,True,,0,"{""suspicious"": false, ""typology"": null, ""rationale"": ""Legitimate loan for equipment purchase with verified parties; subsequent inflows are normal business activity.""}"
full,REAL,xai_grok,grok-4.5,xai,xai,v_terse,0,B-loan_disbursement-m-003,benign,,medium,benign:loan_disbursement,22138072,0.0,2026-07-15T16:42:22.324193+00:00,08ce69d53efa02a7,144fe567ffecd48ecf7fd511463cfbece9ec35f52649dd6f1e697ec4bf010519,False,no_flag,,"Loan funds used for equipment purchase; subsequent tax, utility, and card flows appear normal business activity.",721,37,0.002061,True,,0,"{""suspicious"": false, ""typology"": null, ""rationale"": ""Loan funds used for equipment purchase; subsequent tax, utility, and card flows appear normal business activity.""}"
full,REAL,xai_grok,grok-4.5,xai,xai,v_terse,0,B-loan_disbursement-m-004,benign,,medium,benign:loan_disbursement,1153712098,0.0,2026-07-15T16:42:23.524402+00:00,0b50634792c8dbcb,5e8fdf4d345a9765acef49e004e125abe56d07a62d6772ea3e41d57b9c91d278,False,no_flag,,"Loan disbursement immediately used for equipment purchase, followed by routine tax, payroll, rent and utility payments; no ML indicators.",717,42,0.002086,True,,0,"{""suspicious"": false, ""typology"": null, ""rationale"": ""Loan disbursement immediately used for equipment purchase, followed by routine tax, payroll, rent and utility payments; no ML indicators.""}"
full,REAL,xai_grok,grok-4.5,xai,xai,v_terse,0,B-loan_disbursement-m-005,benign,,medium,benign:loan_disbursement,1965514453,0.0,2026-07-15T16:42:24.033299+00:00,d9ef92df8deb57da,18810ce43005b3255025ca0343f14eec57f9302f1589c450c364ac769df14113,False,no_flag,,"Legitimate loan disbursement for equipment purchase with matching amounts, followed by normal business settlements, utility and tax payments.",725,39,0.002085,True,,0,"{""suspicious"": false, ""typology"": null, ""rationale"": ""Legitimate loan disbursement for equipment purchase with matching amounts, followed by normal business settlements, utility and tax payments.""}"
full,REAL,xai_grok,grok-4.5,xai,xai,v_terse,0,B-loan_disbursement-m-006,benign,,medium,benign:loan_disbursement,1501375903,0.0,2026-07-15T16:42:26.642655+00:00,eadfde46d7b39229,67b12672cc15248f67167baa23625c0ed83b09115062cc63f6e5260150824a2a,False,no_flag,,Legitimate equipment loan financing with subsequent normal vendor operating payments; no layering or other red flags.,717,36,0.002044,True,,0,"{""suspicious"": false, ""typology"": null, ""rationale"": ""Legitimate equipment loan financing with subsequent normal vendor operating payments; no layering or other red flags.""}"
full,REAL,xai_grok,grok-4.5,xai,xai,v_terse,0,B-loan_disbursement-m-007,benign,,medium,benign:loan_disbursement,2056645896,0.0,2026-07-15T16:42:26.894059+00:00,bde8cc53d222082e,5997da2194f3e9c8aa255efca286bda30b5841869bf3bac81ed273bfad26dfd7,False,no_flag,,Loan funds used for equipment purchase; remaining activity is routine payroll and vendor payments.,726,33,0.002046,True,,0,"{""suspicious"": false, ""typology"": null, ""rationale"": ""Loan funds used for equipment purchase; remaining activity is routine payroll and vendor payments.""}"
full,REAL,xai_grok,grok-4.5,xai,xai,v_terse,0,B-loan_disbursement-m-008,benign,,medium,benign:loan_disbursement,2004022720,0.0,2026-07-15T16:42:27.446692+00:00,9c03070fd162b3ce,0e7d368d53ef330661cd0816c6155647966968d2da5aea0ef01f4f516fbfcce0,False,no_flag,,Loan funds transferred to equipment vendor; subsequent small payroll and utility flows appear normal business activity.,717,35,0.002037,True,,0,"{""suspicious"": false, ""typology"": null, ""rationale"": ""Loan funds transferred to equipment vendor; subsequent small payroll and utility flows appear normal business activity.""}"
full,REAL,xai_grok,grok-4.5,xai,xai,v_terse,0,B-loan_disbursement-m-009,benign,,medium,benign:loan_disbursement,983207567,0.0,2026-07-15T16:42:29.462280+00:00,b7266c0c407b03b3,c7c032dcbdbb4b77c4f526d10d4df2f9a6639e5d3afd840947a25fceed9f3a5b,False,no_flag,,"Loan funds pass to equipment vendor same day; remaining flows are ordinary rent, payroll, utility and card activity.",718,39,0.002068,True,,0,"{""suspicious"": false, ""typology"": null, ""rationale"": ""Loan funds pass to equipment vendor same day; remaining flows are ordinary rent, payroll, utility and card activity.""}"
full,REAL,xai_grok,grok-4.5,xai,xai,v_terse,0,B-loan_disbursement-m-012,benign,,medium,benign:loan_disbursement,944644761,0.0,2026-07-15T16:42:30.438109+00:00,6fc3cf4dc501e8e2,133ee3963d499590ce325b1701da2f0388a5bfd52131e7051fb0f62703497cc3,False,no_flag,,Loan proceeds promptly paid to equipment vendor; residual flows are ordinary small business receipts and payments.,722,35,0.00205,True,,0,"{""suspicious"": false, ""typology"": null, ""rationale"": ""Loan proceeds promptly paid to equipment vendor; residual flows are ordinary small business receipts and payments.""}"
full,REAL,xai_grok,grok-4.5,xai,xai,v_terse,0,B-loan_disbursement-m-011,benign,,medium,benign:loan_disbursement,1745821590,0.0,2026-07-15T16:42:31.466500+00:00,586b54cbd3558430,6b09ec7eced18d9fc0a5dda1e0fda2d1ce527d5c0a31bcdeec3b35350e4b3a85,False,no_flag,,"Loan funds equipment purchase; subsequent rent, tax, payroll are ordinary business activity with no layering or structuring.",719,39,0.002071,True,,0,"{""suspicious"": false, ""typology"": null, ""rationale"": ""Loan funds equipment purchase; subsequent rent, tax, payroll are ordinary business activity with no layering or structuring.""}"
full,REAL,xai_grok,grok-4.5,xai,xai,v_terse,0,B-marketplace_payouts-e-000,benign,,easy,benign:marketplace_payouts,932684803,0.0,2026-07-15T16:42:33.326299+00:00,28d22655d830e372,51aa71bddc299311ee7f78bd468267b87a2a36cce74f32052ab109c17615c344,False,no_flag,,Normal marketplace payouts to verified high-rated sellers plus routine payroll and utility for one; no ML indicators.,920,39,0.002573,True,,0,"{""suspicious"": false, ""typology"": null, ""rationale"": ""Normal marketplace payouts to verified high-rated sellers plus routine payroll and utility for one; no ML indicators.""}"
full,REAL,xai_grok,grok-4.5,xai,xai,v_terse,0,B-marketplace_payouts-e-001,benign,,easy,benign:marketplace_payouts,446285728,0.0,2026-07-15T16:42:34.082175+00:00,b726bc5830c273ff,456d082b5d4d88e3c71f6a4b48239f33efe47e35cd0daa2776ccdc34ac68ede3,False,no_flag,,Normal verified marketplace payouts to high-rated sellers; later utility and payroll are ordinary.,932,35,0.002575,True,,0,"{""suspicious"": false, ""typology"": null, ""rationale"": ""Normal verified marketplace payouts to high-rated sellers; later utility and payroll are ordinary.""}"
full,REAL,xai_grok,grok-4.5,xai,xai,v_terse,0,B-loan_disbursement-m-010,benign,,medium,benign:loan_disbursement,360230301,0.0,2026-07-15T16:42:34.083106+00:00,1def76ea442782c9,758e193b98ea0d25bf69aefa93470ad04f0b8346f55a1f97090cf60b243b6493,False,no_flag,,Loan funds equipment purchase with verified parties; subsequent payroll/tax/card flows appear ordinary business activity.,722,37,0.002064,True,,0,"{""suspicious"": false, ""typology"": null, ""rationale"": ""Loan funds equipment purchase with verified parties; subsequent payroll/tax/card flows appear ordinary business activity.""}"
full,REAL,xai_grok,grok-4.5,xai,xai,v_terse,0,B-loan_disbursement-m-013,benign,,medium,benign:loan_disbursement,938972014,0.0,2026-07-15T16:42:34.418588+00:00,843a3445e9e1e22b,1426c4349210a04f8c144ca9711cc7aa42eff0059211d62d3213841abe4a0ac8,False,no_flag,,Legitimate loan-funded equipment purchase with verified parties and normal tax/utility/payroll flows; no ML indicators.,719,39,0.002071,True,,0,"{""suspicious"": false, ""typology"": null, ""rationale"": ""Legitimate loan-funded equipment purchase with verified parties and normal tax/utility/payroll flows; no ML indicators.""}"
full,REAL,xai_grok,grok-4.5,xai,xai,v_terse,0,B-marketplace_payouts-e-002,benign,,easy,benign:marketplace_payouts,1733756225,0.0,2026-07-15T16:42:36.387079+00:00,ab3b0e81fda6f39e,84b092efd6baca611f9554fe71acb6895762df4d396e101ff45c66e349c95cbf,False,no_flag,,Normal marketplace ACH payouts to verified high-rated sellers; isolated rent/utility transfers show no ML patterns.,925,39,0.002586,True,,0,"{""suspicious"": false, ""typology"": null, ""rationale"": ""Normal marketplace ACH payouts to verified high-rated sellers; isolated rent/utility transfers show no ML patterns.""}"
full,REAL,xai_grok,grok-4.5,xai,xai,v_terse,0,B-marketplace_payouts-e-003,benign,,easy,benign:marketplace_payouts,1689463888,0.0,2026-07-15T16:42:36.995830+00:00,9296dd35f607e76b,ae7fdbd39ec25901f9aad10e2f0e0ad1e7fb87a0abbf80a3a25f673024837dfe,False,no_flag,,Normal marketplace payouts to verified high-rated sellers plus routine tax and rent payments; no ML indicators.,923,38,0.002574,True,,0,"{""suspicious"": false, ""typology"": null, ""rationale"": ""Normal marketplace payouts to verified high-rated sellers plus routine tax and rent payments; no ML indicators.""}"
full,REAL,xai_grok,grok-4.5,xai,xai,v_terse,0,B-marketplace_payouts-e-005,benign,,easy,benign:marketplace_payouts,2145245563,0.0,2026-07-15T16:42:39.489846+00:00,189c06d655ed9ef9,50803c12e6b335d4e0495eb1ccc981810a89aa925a42a4205200b4beea5443c0,False,no_flag,,Normal marketplace payouts to verified high-rated sellers; isolated rent inflow and tax payment show no laundering indicators.,926,40,0.002595,True,,0,"{""suspicious"": false, ""typology"": null, ""rationale"": ""Normal marketplace payouts to verified high-rated sellers; isolated rent inflow and tax payment show no laundering indicators.""}"
full,REAL,xai_grok,grok-4.5,xai,xai,v_terse,0,B-marketplace_payouts-e-006,benign,,easy,benign:marketplace_payouts,1903608111,0.0,2026-07-15T16:42:39.590067+00:00,016ed9be54b31bd5,8993e1960a5be9ca23a8f926e2d155174e3ea06c54e71078e516a559d83121e6,False,no_flag,,Normal marketplace payouts to verified high-rated sellers followed by routine tax and payroll payments; no ML indicators.,925,39,0.002586,True,,0,"{""suspicious"": false, ""typology"": null, ""rationale"": ""Normal marketplace payouts to verified high-rated sellers followed by routine tax and payroll payments; no ML indicators.""}"
full,REAL,xai_grok,grok-4.5,xai,xai,v_terse,0,B-marketplace_payouts-e-004,benign,,easy,benign:marketplace_payouts,1908327648,0.0,2026-07-15T16:42:40.506905+00:00,dbbf5acd80108daf,b0a2665520fc296ec45d6646ce2d96bd1abcfc0139c370fc0fe71c5fbfb70520,False,no_flag,,Normal marketplace seller payouts with high ratings; isolated payroll and rent payments show no laundering patterns.,929,37,0.002582,True,,0,"{""suspicious"": false, ""typology"": null, ""rationale"": ""Normal marketplace seller payouts with high ratings; isolated payroll and rent payments show no laundering patterns.""}"
full,REAL,xai_grok,grok-4.5,xai,xai,v_terse,0,B-marketplace_payouts-e-007,benign,,easy,benign:marketplace_payouts,1705611719,0.0,2026-07-15T16:42:40.772093+00:00,281a99ebf0f3a67c,65c33890898a1d4edfb7c461af6827daf9a8c1f9509f56d3e609989b2930739d,False,no_flag,,Normal marketplace payouts to high-rated verified sellers plus routine payroll and tax flows; no ML indicators.,930,38,0.002591,True,,0,"{""suspicious"": false, ""typology"": null, ""rationale"": ""Normal marketplace payouts to high-rated verified sellers plus routine payroll and tax flows; no ML indicators.""}"
full,REAL,xai_grok,grok-4.5,xai,xai,v_terse,0,B-marketplace_payouts-e-008,benign,,easy,benign:marketplace_payouts,1521918683,0.0,2026-07-15T16:42:42.403713+00:00,890dda12dd5a1995,25d94698f601b4ba9842b867d208e0c096e573d6590af93855677a4cf6e244f5,False,no_flag,,Normal marketplace payouts to verified high-rated sellers plus routine card settlement and tax payment; no ML indicators.,926,39,0.002588,True,,0,"{""suspicious"": false, ""typology"": null, ""rationale"": ""Normal marketplace payouts to verified high-rated sellers plus routine card settlement and tax payment; no ML indicators.""}"
full,REAL,xai_grok,grok-4.5,xai,xai,v_terse,0,B-marketplace_payouts-e-009,benign,,easy,benign:marketplace_payouts,1497396576,0.0,2026-07-15T16:42:43.240426+00:00,c8fa3590daa06ac9,f31972e49853c4cac6daccceecc48adc5265df83cf4ddc587b357d0718970de4,False,no_flag,,Normal marketplace payouts to verified high-rated sellers plus routine vendor and payroll flows; no ML indicators.,928,38,0.002586,True,,0,"{""suspicious"": false, ""typology"": null, ""rationale"": ""Normal marketplace payouts to verified high-rated sellers plus routine vendor and payroll flows; no ML indicators.""}"
full,REAL,xai_grok,grok-4.5,xai,xai,v_terse,0,B-marketplace_payouts-e-010,benign,,easy,benign:marketplace_payouts,143142314,0.0,2026-07-15T16:42:44.903014+00:00,49bbe29b8e45d15d,bed93b91cb9c0d4b8f424a80a606b8c53bc91b1fa22035449b5ee0ae8be19d48,False,no_flag,,Normal marketplace ACH payouts to verified high-rated sellers; isolated later settlements show no layering or mule patterns.,935,40,0.002617,True,,0,"{""suspicious"": false, ""typology"": null, ""rationale"": ""Normal marketplace ACH payouts to verified high-rated sellers; isolated later settlements show no layering or mule patterns.""}"
full,REAL,xai_grok,grok-4.5,xai,xai,v_terse,0,B-marketplace_payouts-e-011,benign,,easy,benign:marketplace_payouts,1984441155,0.0,2026-07-15T16:42:44.931772+00:00,162f2d62a0d18b82,710f0df258be9aa618642e5a4ee4585f36225d62e31bf576e0fdefd85bc0feed,False,no_flag,,Normal marketplace ACH payouts to verified high-rated sellers; routine card settlement and tax payment show no ML indicators.,933,40,0.002612,True,,0,"{""suspicious"": false, ""typology"": null, ""rationale"": ""Normal marketplace ACH payouts to verified high-rated sellers; routine card settlement and tax payment show no ML indicators.""}"
full,REAL,xai_grok,grok-4.5,xai,xai,v_terse,0,B-marketplace_payouts-h-000,benign,,hard,benign:marketplace_payouts,1144599182,0.0,2026-07-15T16:42:47.951888+00:00,c0a5586062bff53b,b23aaab242ba4dfc2e2d3b844585a711415f56b6f53c981aeceef4c1f531db6d,False,no_flag,,Normal marketplace payouts to verified high-rated sellers; ancillary payroll/utility/vendor flows consistent with ordinary business activity.,1490,41,0.004012,True,,0,"{""suspicious"": false, ""typology"": null, ""rationale"": ""Normal marketplace payouts to verified high-rated sellers; ancillary payroll/utility/vendor flows consistent with ordinary business activity.""}"
full,REAL,xai_grok,grok-4.5,xai,xai,v_terse,0,B-marketplace_payouts-h-001,benign,,hard,benign:marketplace_payouts,1280241937,0.0,2026-07-15T16:42:48.774697+00:00,b03d0a90540c87ac,20b6720370e533d9e20532c1117dbc3af2db45d442a842d59de4378e01d93125,False,no_flag,,"Normal marketplace payouts to verified high-rated sellers plus routine payroll, invoices, rent; no red flags.",1498,39,0.004018,True,,0,"{""suspicious"": false, ""typology"": null, ""rationale"": ""Normal marketplace payouts to verified high-rated sellers plus routine payroll, invoices, rent; no red flags.""}"
full,REAL,xai_grok,grok-4.5,xai,xai,v_terse,0,B-marketplace_payouts-h-003,benign,,hard,benign:marketplace_payouts,904848466,0.0,2026-07-15T16:42:49.398750+00:00,16bc8b4167ab77cb,6d7a323e906ac928078282f65b5eee3e8c09cc46f108526a9ac17d8ae615179a,False,no_flag,,"Normal marketplace payouts to verified high-rated sellers plus routine vendor, payroll, tax and utility flows; no layering or rapid passthrough.",1486,46,0.004037,True,,0,"{""suspicious"": false, ""typology"": null, ""rationale"": ""Normal marketplace payouts to verified high-rated sellers plus routine vendor, payroll, tax and utility flows; no layering or rapid passthrough.""}"
full,REAL,xai_grok,grok-4.5,xai,xai,v_terse,0,B-marketplace_payouts-h-002,benign,,hard,benign:marketplace_payouts,37028635,0.0,2026-07-15T16:42:51.024209+00:00,f5cd4794a4f7426d,652a69e0fd09c4a099345c978978309a19c9f42f8856dc151ce8d82652104486,False,no_flag,,"Normal marketplace ACH payouts to verified high-rated sellers plus routine tax, invoice, and settlement flows.",1504,38,0.004026,True,,0,"{""suspicious"": false, ""typology"": null, ""rationale"": ""Normal marketplace ACH payouts to verified high-rated sellers plus routine tax, invoice, and settlement flows.""}"
full,REAL,xai_grok,grok-4.5,xai,xai,v_terse,0,B-marketplace_payouts-h-004,benign,,hard,benign:marketplace_payouts,74475021,0.0,2026-07-15T16:42:51.470466+00:00,4ec6cf5797a7733e,bf7860d5289716e174bc41743636e1833d713e0ad32797267a5ba0a2de6b2d82,False,no_flag,,"Normal marketplace ACH payouts to verified high-rated sellers followed by routine payroll, utility, tax and rent flows.",1485,40,0.003993,True,,0,"{""suspicious"": false, ""typology"": null, ""rationale"": ""Normal marketplace ACH payouts to verified high-rated sellers followed by routine payroll, utility, tax and rent flows.""}"
full,REAL,xai_grok,grok-4.5,xai,xai,v_terse,0,B-marketplace_payouts-h-006,benign,,hard,benign:marketplace_payouts,1080920925,0.0,2026-07-15T16:42:53.095687+00:00,7e1b40a143c4f00e,adfc513eda1cc8a5efb366a928b9454563f333e91b9e0014e3fad529f56ffcf6,False,no_flag,,"Normal marketplace payouts to verified high-rated sellers with subsequent routine rent, tax, utility and invoice payments.",1496,39,0.004013,True,,0,"{""suspicious"": false, ""typology"": null, ""rationale"": ""Normal marketplace payouts to verified high-rated sellers with subsequent routine rent, tax, utility and invoice payments.""}"
full,REAL,xai_grok,grok-4.5,xai,xai,v_terse,0,B-marketplace_payouts-h-009,benign,,hard,benign:marketplace_payouts,1354882132,0.0,2026-07-15T16:42:55.367557+00:00,69f381d28def85b9,caa056aebf7ec8736494b453fcc39756d8c8a55d36f856fa5aa68f13f2a99041,False,no_flag,,Normal marketplace ACH payouts to high-rated verified sellers plus routine rent/tax/payroll flows; no ML indicators.,1493,41,0.004019,True,,0,"{""suspicious"": false, ""typology"": null, ""rationale"": ""Normal marketplace ACH payouts to high-rated verified sellers plus routine rent/tax/payroll flows; no ML indicators.""}"
full,REAL,xai_grok,grok-4.5,xai,xai,v_terse,0,B-marketplace_payouts-h-008,benign,,hard,benign:marketplace_payouts,1653577270,0.0,2026-07-15T16:42:55.683743+00:00,20418ff7615a1b5e,5e3c3f17956c828175a0449a09f450ab658f4a55daef342f5b5a37329fa06a32,False,no_flag,,Normal marketplace payouts to verified high-rated sellers plus routine tax rent payroll flows.,1483,34,0.003946,True,,0,"{""suspicious"": false, ""typology"": null, ""rationale"": ""Normal marketplace payouts to verified high-rated sellers plus routine tax rent payroll flows.""}"
full,REAL,xai_grok,grok-4.5,xai,xai,v_terse,0,B-marketplace_payouts-h-005,benign,,hard,benign:marketplace_payouts,90660013,0.0,2026-07-15T16:42:56.168552+00:00,83dcc266c7b90d35,074fe2e54ccd52bd84a1e28b7f713089b164388657941c7da08a8d07b5131a5d,False,no_flag,,Verified marketplace payouts to high-rated sellers followed by ordinary business expenses and income; no ML indicators.,1500,38,0.004016,True,,0,"{""suspicious"": false, ""typology"": null, ""rationale"": ""Verified marketplace payouts to high-rated sellers followed by ordinary business expenses and income; no ML indicators.""}"
full,REAL,xai_grok,grok-4.5,xai,xai,v_terse,0,B-marketplace_payouts-h-007,benign,,hard,benign:marketplace_payouts,1147245556,0.0,2026-07-15T16:42:57.316399+00:00,54a98b7c180c46ed,a384808c93592f7fdb2bd80ac4e904ea7ce3ecabe95c94499fc97012a67e74b2,False,no_flag,,"Normal marketplace payouts to verified high-rated sellers followed by routine expenses like taxes, utilities, payroll and rent receipts.",1488,41,0.004007,True,,0,"{""suspicious"": false, ""typology"": null, ""rationale"": ""Normal marketplace payouts to verified high-rated sellers followed by routine expenses like taxes, utilities, payroll and rent receipts.""}"
full,REAL,xai_grok,grok-4.5,xai,xai,v_terse,0,B-marketplace_payouts-m-000,benign,,medium,benign:marketplace_payouts,1705178813,0.0,2026-07-15T16:42:59.315492+00:00,ee50a137afd21b48,83336da9cd8545ff378d155ada74fbde1a85eddce8edddd7c51847af0b39baab,False,no_flag,,Normal marketplace payouts to verified high-rated sellers; subsequent rent/utility/payroll flows appear legitimate.,1163,38,0.003174,True,,0,"{""suspicious"": false, ""typology"": null, ""rationale"": ""Normal marketplace payouts to verified high-rated sellers; subsequent rent/utility/payroll flows appear legitimate.""}"
full,REAL,xai_grok,grok-4.5,xai,xai,v_terse,0,B-marketplace_payouts-m-001,benign,,medium,benign:marketplace_payouts,542015917,0.0,2026-07-15T16:43:00.785726+00:00,336f2c6c1aba1917,397ccc6d932ffa6590fbc54ebbb26bee15f90423e7c01a9446e2d69c56c6e249,False,no_flag,,Normal marketplace payouts to verified high-rated sellers with routine vendor and card payments; no ML indicators.,1169,38,0.003188,True,,0,"{""suspicious"": false, ""typology"": null, ""rationale"": ""Normal marketplace payouts to verified high-rated sellers with routine vendor and card payments; no ML indicators.""}"
full,REAL,xai_grok,grok-4.5,xai,xai,v_terse,0,B-marketplace_payouts-m-002,benign,,medium,benign:marketplace_payouts,638510028,0.0,2026-07-15T16:43:01.019451+00:00,d3afca2e768df734,26785a15ff3505a2f1e7c7a20440e3fe6fdede9197edcc2ab796d0060f9e56a4,False,no_flag,,"Normal marketplace seller payouts and routine business inflows/outflows; high ratings, verified KYC, no red flags.",1164,42,0.003204,True,,0,"{""suspicious"": false, ""typology"": null, ""rationale"": ""Normal marketplace seller payouts and routine business inflows/outflows; high ratings, verified KYC, no red flags.""}"
full,REAL,xai_grok,grok-4.5,xai,xai,v_terse,0,B-marketplace_payouts-h-010,benign,,hard,benign:marketplace_payouts,852326432,0.0,2026-07-15T16:43:01.557257+00:00,a2451425967175d0,30a18a29dd619e938844a9a32edb04794aff70a41c23a397cef3514c0188091c,False,no_flag,,Normal marketplace payouts to verified high-rated sellers plus routine business expenses; no layering or rapid movement.,1491,39,0.004,True,,0,"{""suspicious"": false, ""typology"": null, ""rationale"": ""Normal marketplace payouts to verified high-rated sellers plus routine business expenses; no layering or rapid movement.""}"
full,REAL,xai_grok,grok-4.5,xai,xai,v_terse,0,B-marketplace_payouts-m-003,benign,,medium,benign:marketplace_payouts,995607454,0.0,2026-07-15T16:43:03.206834+00:00,aad7a7822894c808,ae5e91f33b93570a3ab028b5d8edc905fabe16a07ac9f4d12e7c06f1c05d2677,False,no_flag,,"Normal marketplace payouts to verified high-rated sellers plus routine tax, utility, invoice and card settlements; no ML indicators.",1160,42,0.003194,True,,0,"{""suspicious"": false, ""typology"": null, ""rationale"": ""Normal marketplace payouts to verified high-rated sellers plus routine tax, utility, invoice and card settlements; no ML indicators.""}"
full,REAL,xai_grok,grok-4.5,xai,xai,v_terse,0,B-marketplace_payouts-m-004,benign,,medium,benign:marketplace_payouts,305438057,0.0,2026-07-15T16:43:04.780429+00:00,6fb35e2bd1d3e66e,24ff042ab9a40eee3160dbfc3be09f0459e9fbbd8169865e6aa6fe42341c4f33,False,no_flag,,Normal marketplace ACH payouts to verified high-rated sellers; isolated refunds/utilities show no ML patterns.,1155,39,0.003161,True,,0,"{""suspicious"": false, ""typology"": null, ""rationale"": ""Normal marketplace ACH payouts to verified high-rated sellers; isolated refunds/utilities show no ML patterns.""}"
full,REAL,xai_grok,grok-4.5,xai,xai,v_terse,0,B-marketplace_payouts-m-005,benign,,medium,benign:marketplace_payouts,10260714,0.0,2026-07-15T16:43:05.352159+00:00,dbbf5f219e92cbbc,55372e9b1d10d7cd51fe6209054ed9c809f8f53fc107e567ad660ae8f2aec1d7,False,no_flag,,Normal marketplace payouts to high-rated verified sellers with subsequent routine utility/rent payments; no ML red flags.,1161,40,0.003182,True,,0,"{""suspicious"": false, ""typology"": null, ""rationale"": ""Normal marketplace payouts to high-rated verified sellers with subsequent routine utility/rent payments; no ML red flags.""}"
full,REAL,xai_grok,grok-4.5,xai,xai,v_terse,0,B-marketplace_payouts-m-006,benign,,medium,benign:marketplace_payouts,295243265,0.0,2026-07-15T16:43:06.508264+00:00,328210e69a21b6fe,a44972ea6af3d73c7d1d8e6acfe0971f6787ebafe6dfeb270ef11baa068304eb,False,no_flag,,"Normal marketplace payouts to verified high-rated sellers followed by routine bill, rent, payroll and card settlements.",1169,39,0.003195,True,,0,"{""suspicious"": false, ""typology"": null, ""rationale"": ""Normal marketplace payouts to verified high-rated sellers followed by routine bill, rent, payroll and card settlements.""}"
full,REAL,xai_grok,grok-4.5,xai,xai,v_terse,0,B-marketplace_payouts-m-008,benign,,medium,benign:marketplace_payouts,525657413,0.0,2026-07-15T16:43:08.969003+00:00,370ee71c541430f1,b5fe8c49b99ed2190e386e8437a868dab6111ce5e82b50d07f1e554d242f583f,False,no_flag,,Normal marketplace payouts to verified high-rated sellers plus routine business receipts and expenses; no ML indicators.,1164,38,0.003176,True,,0,"{""suspicious"": false, ""typology"": null, ""rationale"": ""Normal marketplace payouts to verified high-rated sellers plus routine business receipts and expenses; no ML indicators.""}"
full,REAL,xai_grok,grok-4.5,xai,xai,v_terse,0,B-marketplace_payouts-m-007,benign,,medium,benign:marketplace_payouts,1077311681,0.0,2026-07-15T16:43:09.248924+00:00,a87cf8f1d57c2267,dfcab0b738b6c5479d9245172a530c4bcef690c5e2583ece798693aa12f3af8c,False,no_flag,,Normal marketplace ACH payouts to verified high-rated sellers; minor tax/utility/card flows consistent with refunds or settlements.,1164,43,0.003211,True,,0,"{""suspicious"": false, ""typology"": null, ""rationale"": ""Normal marketplace ACH payouts to verified high-rated sellers; minor tax/utility/card flows consistent with refunds or settlements.""}"
full,REAL,xai_grok,grok-4.5,xai,xai,v_terse,0,B-marketplace_payouts-m-010,benign,,medium,benign:marketplace_payouts,8477313,0.0,2026-07-15T16:43:09.333928+00:00,1261fbe959b86188,3e5befedc9efe759dd17c6267b7eef07dc8a826aa8b2eb15113bf90cce7b0566,False,no_flag,,"Legitimate marketplace payouts to verified high-rated sellers plus normal tax refunds, payroll and utility payments; no ML indicators.",1158,42,0.003189,True,,0,"{""suspicious"": false, ""typology"": null, ""rationale"": ""Legitimate marketplace payouts to verified high-rated sellers plus normal tax refunds, payroll and utility payments; no ML indicators.""}"
full,REAL,xai_grok,grok-4.5,xai,xai,v_terse,0,B-marketplace_payouts-m-009,benign,,medium,benign:marketplace_payouts,1728969584,0.0,2026-07-15T16:43:09.352131+00:00,0e502af0f0ff16b1,7a302c90a4373415c65949d0d4997a5cc24b237a57c4378443984faf6ef9a46e,False,no_flag,,Normal marketplace payouts to verified high-rated sellers plus routine tax/payroll/rent flows; no laundering indicators.,1157,41,0.00318,True,,0,"{""suspicious"": false, ""typology"": null, ""rationale"": ""Normal marketplace payouts to verified high-rated sellers plus routine tax/payroll/rent flows; no laundering indicators.""}"
full,REAL,xai_grok,grok-4.5,xai,xai,v_terse,0,B-marketplace_payouts-m-011,benign,,medium,benign:marketplace_payouts,1329907465,0.0,2026-07-15T16:43:12.360232+00:00,e3eca3c44a81cdfc,bc389536cb3b44642bd766464d6a003f48f11e1a8b73c326a237c3b1004e7fb2,False,no_flag,,"Normal marketplace ACH payouts to verified high-rated sellers; subsequent transfers are routine payroll, invoices, rent, card settlements.",1161,42,0.003196,True,,0,"{""suspicious"": false, ""typology"": null, ""rationale"": ""Normal marketplace ACH payouts to verified high-rated sellers; subsequent transfers are routine payroll, invoices, rent, card settlements.""}"
full,REAL,xai_grok,grok-4.5,xai,xai,v_terse,0,B-marketplace_payouts-m-012,benign,,medium,benign:marketplace_payouts,1436381516,0.0,2026-07-15T16:43:13.217852+00:00,ae1619d28ab476bf,05922b6b3bbd0ca75bca15f341a4331873f9586b5bf19c2235e5ab453c3c2bba,False,no_flag,,"Normal marketplace payouts to verified high-rated sellers followed by routine tax, rent, payroll and card flows.",1166,39,0.003188,True,,0,"{""suspicious"": false, ""typology"": null, ""rationale"": ""Normal marketplace payouts to verified high-rated sellers followed by routine tax, rent, payroll and card flows.""}"
full,REAL,xai_grok,grok-4.5,xai,xai,v_terse,0,B-marketplace_payouts-m-013,benign,,medium,benign:marketplace_payouts,297749927,0.0,2026-07-15T16:43:14.434026+00:00,6ebead3c8ff55fc9,aff71b2a7cf74fdb80682bfdd852c6fb84582fc9a4ce6ea074df6b158a7ee116,False,no_flag,,"Normal marketplace payouts to verified high-rated sellers plus routine payroll, tax, and vendor flows.",1166,37,0.003174,True,,0,"{""suspicious"": false, ""typology"": null, ""rationale"": ""Normal marketplace payouts to verified high-rated sellers plus routine payroll, tax, and vendor flows.""}"
full,REAL,xai_grok,grok-4.5,xai,xai,v_terse,0,B-payroll_fanout-e-000,benign,,easy,benign:payroll_fanout,1861072095,0.0,2026-07-15T16:43:15.808982+00:00,a875ae23f6cccda5,a0c71c8c1e07e85260c8696dac9927b8805b533aafb3329eef4cda08983c4ae1,False,no_flag,,Normal verified payroll from employer and routine personal payments; no ML indicators.,896,31,0.002457,True,,0,"{""suspicious"": false, ""typology"": null, ""rationale"": ""Normal verified payroll from employer and routine personal payments; no ML indicators.""}"
full,REAL,xai_grok,grok-4.5,xai,xai,v_terse,0,B-payroll_fanout-e-001,benign,,easy,benign:payroll_fanout,1025347533,0.0,2026-07-15T16:43:17.046351+00:00,8e571a2a085a9d05,44a391a7544f0f0bdad82cbf682d042f7e8af31d7dfcaea1805a87c122244ca2,False,no_flag,,Verified employer payroll via ADP to long-tenure staff; isolated rent inflow and utility payment show no laundering pattern.,896,40,0.00252,True,,0,"{""suspicious"": false, ""typology"": null, ""rationale"": ""Verified employer payroll via ADP to long-tenure staff; isolated rent inflow and utility payment show no laundering pattern.""}"
full,REAL,xai_grok,grok-4.5,xai,xai,v_terse,0,B-payroll_fanout-e-002,benign,,easy,benign:payroll_fanout,2140746496,0.0,2026-07-15T16:43:17.527230+00:00,e597da16d975dd35,28b07ec3bd4f43459675606323832497a38117cd0b65d608cb340c203335dd38,False,no_flag,,Normal verified payroll via ADP to employees plus routine card settlement and rent payment; no ML red flags.,899,37,0.002507,True,,0,"{""suspicious"": false, ""typology"": null, ""rationale"": ""Normal verified payroll via ADP to employees plus routine card settlement and rent payment; no ML red flags.""}"
full,REAL,xai_grok,grok-4.5,xai,xai,v_terse,0,B-payroll_fanout-e-003,benign,,easy,benign:payroll_fanout,908949391,0.0,2026-07-15T16:43:18.326113+00:00,08d844618de7928e,48715e34501eada142d06a230c31b06a97ab81ae09bf7a7875e1fcafc7b6cf8d,False,no_flag,,Normal verified payroll disbursements via ADP; isolated rent and invoice transfers show no laundering patterns.,899,36,0.002499,True,,0,"{""suspicious"": false, ""typology"": null, ""rationale"": ""Normal verified payroll disbursements via ADP; isolated rent and invoice transfers show no laundering patterns.""}"
full,REAL,xai_grok,grok-4.5,xai,xai,v_terse,0,B-payroll_fanout-e-005,benign,,easy,benign:payroll_fanout,1817462416,0.0,2026-07-15T16:43:19.252883+00:00,809296e91879d50b,ea762b477d7917cd67814a3bf453b9d110ab0b2eb9cdf0e056f492dca9cb27e9,False,no_flag,,Normal payroll from verified employer via ADP to long-tenure employees; minor personal outflows for rent and card.,897,39,0.002516,True,,0,"{""suspicious"": false, ""typology"": null, ""rationale"": ""Normal payroll from verified employer via ADP to long-tenure employees; minor personal outflows for rent and card.""}"
full,REAL,xai_grok,grok-4.5,xai,xai,v_terse,0,B-payroll_fanout-e-006,benign,,easy,benign:payroll_fanout,268904225,0.0,2026-07-15T16:43:20.425556+00:00,b808b4979d530dc5,a00ff7d4d8b91357e7411139df06069174eed2704df5da29418ba4de8e11446a,False,no_flag,,Normal verified payroll disbursements and routine rent payments; no red flags.,897,31,0.00246,True,,0,"{""suspicious"": false, ""typology"": null, ""rationale"": ""Normal verified payroll disbursements and routine rent payments; no red flags.""}"
full,REAL,xai_grok,grok-4.5,xai,xai,v_terse,0,B-payroll_fanout-e-004,benign,,easy,benign:payroll_fanout,1362835583,0.0,2026-07-15T16:43:21.102663+00:00,314a721ad456356c,54e256136a33b386925ee40a42a59a8e77b940501b968b1fcbc8d259b0b0ae83,False,no_flag,,"Normal verified payroll via ADP; reverse rent/utility transfers appear as possible refunds, no ML indicators.",896,38,0.002506,True,,0,"{""suspicious"": false, ""typology"": null, ""rationale"": ""Normal verified payroll via ADP; reverse rent/utility transfers appear as possible refunds, no ML indicators.""}"
full,REAL,xai_grok,grok-4.5,xai,xai,v_terse,0,B-payroll_fanout-e-007,benign,,easy,benign:payroll_fanout,1059953611,0.0,2026-07-15T16:43:22.319674+00:00,15c633316a806820,c4185d66dc9b6ee0ac2bdf50a1cd262951bed938468837de6ecd79e2efdf4d97,False,no_flag,,Normal verified payroll from employer via ADP; isolated rent and tax refund transfers show no laundering indicators.,897,37,0.002502,True,,0,"{""suspicious"": false, ""typology"": null, ""rationale"": ""Normal verified payroll from employer via ADP; isolated rent and tax refund transfers show no laundering indicators.""}"
full,REAL,xai_grok,grok-4.5,xai,xai,v_terse,0,B-payroll_fanout-e-008,benign,,easy,benign:payroll_fanout,539760992,0.0,2026-07-15T16:43:22.981082+00:00,3cd3fc9c6634a510,5600295ad33c2cc68f13132b945b5e749a246a3acf6cbc164f46db6574782249,False,no_flag,,Normal verified employer payroll to long-tenured employees; isolated card spend and secondary payroll show no laundering indicators.,899,40,0.002527,True,,0,"{""suspicious"": false, ""typology"": null, ""rationale"": ""Normal verified employer payroll to long-tenured employees; isolated card spend and secondary payroll show no laundering indicators.""}"
full,REAL,xai_grok,grok-4.5,xai,xai,v_terse,0,B-payroll_fanout-e-009,benign,,easy,benign:payroll_fanout,1147931344,0.0,2026-07-15T16:43:23.768752+00:00,85468c10bc14970a,7a11d8d5c6c003c823cc3d6b5748c5d21c3902ee2533544cdafa8f09c507effe,False,no_flag,,Normal verified employer payroll disbursements to long-tenured employees plus routine rent payment; no laundering indicators.,897,39,0.002516,True,,0,"{""suspicious"": false, ""typology"": null, ""rationale"": ""Normal verified employer payroll disbursements to long-tenured employees plus routine rent payment; no laundering indicators.""}"
full,REAL,xai_grok,grok-4.5,xai,xai,v_terse,0,B-payroll_fanout-e-010,benign,,easy,benign:payroll_fanout,1357672793,0.0,2026-07-15T16:43:25.457844+00:00,987afe87f14c9bd3,21d7f0c74025e91560dbe68c3cd409bdac3ed8f908101c3c4eb1084084e39d8c,False,no_flag,,Normal verified employer payroll ACH to employees; subsequent tax and payroll payments appear legitimate.,897,33,0.002474,True,,0,"{""suspicious"": false, ""typology"": null, ""rationale"": ""Normal verified employer payroll ACH to employees; subsequent tax and payroll payments appear legitimate.""}"
full,REAL,xai_grok,grok-4.5,xai,xai,v_terse,0,B-payroll_fanout-e-011,benign,,easy,benign:payroll_fanout,218757031,0.0,2026-07-15T16:43:26.568907+00:00,a50ac966ddbd96e9,55bb6d8585645847c7209c3ad5f782c1b31af41ff61c1c435f6615d4b49bf41a,False,no_flag,,Normal verified employer payroll via ADP ACH to long-tenured employees; minor utility and secondary payroll consistent with legitimate activity.,896,41,0.002527,True,,0,"{""suspicious"": false, ""typology"": null, ""rationale"": ""Normal verified employer payroll via ADP ACH to long-tenured employees; minor utility and secondary payroll consistent with legitimate activity.""}"
full,REAL,xai_grok,grok-4.5,xai,xai,v_terse,0,B-payroll_fanout-h-000,benign,,hard,benign:payroll_fanout,2101888070,0.0,2026-07-15T16:43:29.576748+00:00,6a4e0f8317a2765c,dbc208715cb7c7be9c4f84b4f512834dfdcb56bba2bae174b17f60594c0ec0e9,False,no_flag,,Verified employer payroll to KYC'd employees; minor vendor/tax/utility flows consistent with refunds or side activity.,1477,41,0.00398,True,,0,"{""suspicious"": false, ""typology"": null, ""rationale"": ""Verified employer payroll to KYC'd employees; minor vendor/tax/utility flows consistent with refunds or side activity.""}"
full,REAL,xai_grok,grok-4.5,xai,xai,v_terse,0,B-payroll_fanout-h-002,benign,,hard,benign:payroll_fanout,30666616,0.0,2026-07-15T16:43:30.501159+00:00,63e6e2c97bdd260e,0851496a9735f7cc735f1ff4e171a250ab83686f8cc3c6410c97db8ed5875bbb,False,no_flag,,Normal verified payroll via ADP to long-tenure employees plus routine personal payments; no layering or rapid movement.,1485,39,0.003986,True,,0,"{""suspicious"": false, ""typology"": null, ""rationale"": ""Normal verified payroll via ADP to long-tenure employees plus routine personal payments; no layering or rapid movement.""}"
full,REAL,xai_grok,grok-4.5,xai,xai,v_terse,0,B-payroll_fanout-h-001,benign,,hard,benign:payroll_fanout,144366867,0.0,2026-07-15T16:43:30.586871+00:00,4ec06ab89379e6ff,66ebab5a11905e19085a88e8f3c20ca1ff7c2d6b261d731da9e338bcf4d679a1,False,no_flag,,"Verified employer payroll via ADP to long-tenure employees; reverse utility flows appear as refunds, no laundering indicators.",1466,41,0.003952,True,,0,"{""suspicious"": false, ""typology"": null, ""rationale"": ""Verified employer payroll via ADP to long-tenure employees; reverse utility flows appear as refunds, no laundering indicators.""}"
full,REAL,xai_grok,grok-4.5,xai,xai,v_terse,0,B-payroll_fanout-h-003,benign,,hard,benign:payroll_fanout,1617272398,0.0,2026-07-15T16:43:31.833717+00:00,96e81f97bf45848b,37eb53688b1e8a0993798f30d23365af915c781c39791d468362ea7c54f34f71,False,no_flag,,"Normal verified employer payroll via ADP to employees; routine refunds, rent, utilities, and vendor payments with no red flags.",1472,42,0.003974,True,,0,"{""suspicious"": false, ""typology"": null, ""rationale"": ""Normal verified employer payroll via ADP to employees; routine refunds, rent, utilities, and vendor payments with no red flags.""}"
full,REAL,xai_grok,grok-4.5,xai,xai,v_terse,0,B-payroll_fanout-h-004,benign,,hard,benign:payroll_fanout,2086141672,0.0,2026-07-15T16:43:32.706693+00:00,559fb95d9389712d,d33e1f7b5210b4943f19578c8cfd5233ccaaf602366269fc49c68367ffefbe54,False,no_flag,,Normal payroll from verified employer to KYC'd employees plus routine personal payments; no red flags.,1478,36,0.003947,True,,0,"{""suspicious"": false, ""typology"": null, ""rationale"": ""Normal payroll from verified employer to KYC'd employees plus routine personal payments; no red flags.""}"
full,REAL,xai_grok,grok-4.5,xai,xai,v_terse,0,B-payroll_fanout-h-007,benign,,hard,benign:payroll_fanout,290325706,0.0,2026-07-15T16:43:34.916447+00:00,f8206b5f3ae905e0,ee68590ef7fa5310e860ce4086b4a073214de6338f433468095699b8fcdf1519,False,no_flag,,Normal payroll disbursements from verified employer to long-tenured employees plus routine tax/rent payments; no laundering indicators.,1478,42,0.003989,True,,0,"{""suspicious"": false, ""typology"": null, ""rationale"": ""Normal payroll disbursements from verified employer to long-tenured employees plus routine tax/rent payments; no laundering indicators.""}"
full,REAL,xai_grok,grok-4.5,xai,xai,v_terse,0,B-payroll_fanout-h-005,benign,,hard,benign:payroll_fanout,462885903,0.0,2026-07-15T16:43:35.741356+00:00,56d9ca7345c253b8,e59486c8ea401cfe76a6bd8f7461846a3cae2b6671d30d3398515577fdf8b153,False,no_flag,,Normal verified employer payroll via ADP to long-tenure employees; minor tax refunds and bill flows consistent with legitimate activity.,1474,41,0.003972,True,,0,"{""suspicious"": false, ""typology"": null, ""rationale"": ""Normal verified employer payroll via ADP to long-tenure employees; minor tax refunds and bill flows consistent with legitimate activity.""}"
full,REAL,xai_grok,grok-4.5,xai,xai,v_terse,0,B-payroll_fanout-h-006,benign,,hard,benign:payroll_fanout,1536901183,0.0,2026-07-15T16:43:36.502532+00:00,ee18afc7e929aa0a,cf0b15769829aa00dfefb3e1808dec66919762ef6105f95b75fe01e515b18491,False,no_flag,,"Verified employer payroll to long-tenured employees with routine tax, utility, and card payments; no laundering indicators.",1476,41,0.003977,True,,0,"{""suspicious"": false, ""typology"": null, ""rationale"": ""Verified employer payroll to long-tenured employees with routine tax, utility, and card payments; no laundering indicators.""}"
full,REAL,xai_grok,grok-4.5,xai,xai,v_terse,0,B-payroll_fanout-h-008,benign,,hard,benign:payroll_fanout,2086160062,0.0,2026-07-15T16:43:38.089888+00:00,5429de3a1d1e4198,0cc2024fa335918c9cc5b9af4aae1b0301a52c1559975555753ef6f8d53f1dc6,False,no_flag,,"Normal verified payroll to long-tenure employees plus routine rent, utility and card activity; no ML indicators.",1477,38,0.003959,True,,0,"{""suspicious"": false, ""typology"": null, ""rationale"": ""Normal verified payroll to long-tenure employees plus routine rent, utility and card activity; no ML indicators.""}"
full,REAL,xai_grok,grok-4.5,xai,xai,v_terse,0,B-payroll_fanout-h-009,benign,,hard,benign:payroll_fanout,1978052931,0.0,2026-07-15T16:43:39.170644+00:00,28b813550ba2f0db,d551742994847f461ba55402283fe7f0ec764475fbe8def5c2cb24ba26265864,False,no_flag,,Normal verified payroll via ADP and routine employee bill payments; no layering or other ML indicators.,1480,36,0.003952,True,,0,"{""suspicious"": false, ""typology"": null, ""rationale"": ""Normal verified payroll via ADP and routine employee bill payments; no layering or other ML indicators.""}"
full,REAL,xai_grok,grok-4.5,xai,xai,v_terse,0,B-payroll_fanout-h-010,benign,,hard,benign:payroll_fanout,813841026,0.0,2026-07-15T16:43:40.079600+00:00,8c8832a8534f2e16,abda0ead774bba93501db73961db59933d8578d6992b35d8cb6e7e646cd94ba8,False,no_flag,,Normal verified employer payroll to long-tenure employees plus routine tax/utility payments; no laundering indicators.,1469,38,0.003939,True,,0,"{""suspicious"": false, ""typology"": null, ""rationale"": ""Normal verified employer payroll to long-tenure employees plus routine tax/utility payments; no laundering indicators.""}"
full,REAL,xai_grok,grok-4.5,xai,xai,v_terse,0,B-payroll_fanout-m-001,benign,,medium,benign:payroll_fanout,2003019253,0.0,2026-07-15T16:43:41.302744+00:00,f73b72ab826bf2e0,bea3e84cb02bbe435ee299feaa45102ff3841c81751e8e1611b2ca7cefc2e99f,False,no_flag,,"Normal verified employer payroll via ADP to long-tenured employees; minor other credits consistent with refunds, second jobs, or rent.",1116,44,0.003098,True,,0,"{""suspicious"": false, ""typology"": null, ""rationale"": ""Normal verified employer payroll via ADP to long-tenured employees; minor other credits consistent with refunds, second jobs, or rent.""}"
full,REAL,xai_grok,grok-4.5,xai,xai,v_terse,0,B-payroll_fanout-m-000,benign,,medium,benign:payroll_fanout,597611288,0.0,2026-07-15T16:43:41.534560+00:00,82625a9952ae823c,fd3ab22504b1e313407b626995043e4aa1ceefe5da47862e3bd02ad9e14b9cb9,False,no_flag,,Verified employer payroll to long-tenured employees via ADP; isolated card settlements and bills show no laundering patterns.,1121,40,0.003083,True,,0,"{""suspicious"": false, ""typology"": null, ""rationale"": ""Verified employer payroll to long-tenured employees via ADP; isolated card settlements and bills show no laundering patterns.""}"
full,REAL,xai_grok,grok-4.5,xai,xai,v_terse,0,B-payroll_fanout-m-002,benign,,medium,benign:payroll_fanout,599598089,0.0,2026-07-15T16:43:42.438448+00:00,7f3e51f3e80a46d1,68a1b5edfa0963ee7e147031306713e39c9975c102b5e4289adfeee37b6c0599,False,no_flag,,Normal verified payroll to long-tenure employees plus routine rent/tax/vendor payments; no laundering indicators.,1120,39,0.003073,True,,0,"{""suspicious"": false, ""typology"": null, ""rationale"": ""Normal verified payroll to long-tenure employees plus routine rent/tax/vendor payments; no laundering indicators.""}"
full,REAL,xai_grok,grok-4.5,xai,xai,v_terse,0,B-payroll_fanout-m-003,benign,,medium,benign:payroll_fanout,1143865130,0.0,2026-07-15T16:43:43.339967+00:00,ec318ed9044e5fc1,e5bd14ab39f05085aac2986e042fb2d9159079f53e0cb3cd8ce63b55f4616716,False,no_flag,,Normal verified employer payroll to long-tenured employees; isolated reverse utility/payroll flows lack laundering indicators.,1116,39,0.003063,True,,0,"{""suspicious"": false, ""typology"": null, ""rationale"": ""Normal verified employer payroll to long-tenured employees; isolated reverse utility/payroll flows lack laundering indicators.""}"
full,REAL,xai_grok,grok-4.5,xai,xai,v_terse,0,B-payroll_fanout-m-004,benign,,medium,benign:payroll_fanout,568431211,0.0,2026-07-15T16:43:43.964173+00:00,4a9d6d7a86106514,5300b5d32864c76a6064bc4bc5150973fae5946a717745fb67d379356470e15c,False,no_flag,,Normal verified payroll disbursements and routine personal inflows/outflows; no laundering indicators.,1120,36,0.003052,True,,0,"{""suspicious"": false, ""typology"": null, ""rationale"": ""Normal verified payroll disbursements and routine personal inflows/outflows; no laundering indicators.""}"
full,REAL,xai_grok,grok-4.5,xai,xai,v_terse,0,B-payroll_fanout-m-005,benign,,medium,benign:payroll_fanout,1538204726,0.0,2026-07-15T16:43:46.477139+00:00,30aab18a0a270f96,c555c1c493eccb6925cfaab038ff93149e0210a03cdc6b356d5decc72ab85337,False,no_flag,,Normal verified employer payroll via ACH to long-tenure employees; minor card/vendor flows and tax payment show no ML indicators.,1120,42,0.003094,True,,0,"{""suspicious"": false, ""typology"": null, ""rationale"": ""Normal verified employer payroll via ACH to long-tenure employees; minor card/vendor flows and tax payment show no ML indicators.""}"
full,REAL,xai_grok,grok-4.5,xai,xai,v_terse,0,B-payroll_fanout-m-006,benign,,medium,benign:payroll_fanout,779057246,0.0,2026-07-15T16:43:47.547765+00:00,75c886381a9d96eb,f6e0121545830fd3e63c230511e6d94f7165740ad053850aaa8b7c6bff2d52cc,False,no_flag,,Normal verified employer payroll to long-tenured employees plus routine refunds; no laundering indicators.,1119,37,0.003057,True,,0,"{""suspicious"": false, ""typology"": null, ""rationale"": ""Normal verified employer payroll to long-tenured employees plus routine refunds; no laundering indicators.""}"
full,REAL,xai_grok,grok-4.5,xai,xai,v_terse,0,B-payroll_fanout-m-007,benign,,medium,benign:payroll_fanout,1123970460,0.0,2026-07-15T16:43:47.902492+00:00,72aaca2be213060f,93063fdb71882bddabf300b00a5e05d7c0b742471a1bb8f8a50e4f97e752d548,False,no_flag,,"Normal verified employer payroll disbursements via ADP to long-tenured employees; routine rent, tax, and vendor payments with no red flags.",1118,45,0.00311,True,,0,"{""suspicious"": false, ""typology"": null, ""rationale"": ""Normal verified employer payroll disbursements via ADP to long-tenured employees; routine rent, tax, and vendor payments with no red flags.""}"
full,REAL,xai_grok,grok-4.5,xai,xai,v_terse,0,B-payroll_fanout-m-008,benign,,medium,benign:payroll_fanout,1770886185,0.0,2026-07-15T16:43:50.389546+00:00,953f877666e1ed5c,917bbf56427e9b90f2e7a1c6c5e54c2c74c7b95fb6e207c322f22555f86cd206,False,no_flag,,Normal employer payroll to verified employees plus minor refunds and one vendor payment; no laundering indicators.,1115,37,0.003047,True,,0,"{""suspicious"": false, ""typology"": null, ""rationale"": ""Normal employer payroll to verified employees plus minor refunds and one vendor payment; no laundering indicators.""}"
full,REAL,xai_grok,grok-4.5,xai,xai,v_terse,0,B-payroll_fanout-m-009,benign,,medium,benign:payroll_fanout,1468377023,0.0,2026-07-15T16:43:50.896323+00:00,3f6b53ad44e5103f,cb53135c3f35f59ba0db7945e27e0253fd15f9441aa33f6aa64ad6723e86fc47,False,no_flag,,Verified employer ADP payroll to long-tenure employees; minor vendor/card/utility transfers consistent with normal activity.,1123,39,0.00308,True,,0,"{""suspicious"": false, ""typology"": null, ""rationale"": ""Verified employer ADP payroll to long-tenure employees; minor vendor/card/utility transfers consistent with normal activity.""}"
full,REAL,xai_grok,grok-4.5,xai,xai,v_terse,0,B-payroll_fanout-m-011,benign,,medium,benign:payroll_fanout,475542305,0.0,2026-07-15T16:43:51.811913+00:00,51ec973e2abbb1bc,9df13c7927fbb6639df5a723e6468f6b1527545a90504b194c2f044b75025f47,False,no_flag,,Normal verified employer payroll disbursements via ACH with tax payments and minor utility bills; no ML indicators.,1114,37,0.003044,True,,0,"{""suspicious"": false, ""typology"": null, ""rationale"": ""Normal verified employer payroll disbursements via ACH with tax payments and minor utility bills; no ML indicators.""}"
full,REAL,xai_grok,grok-4.5,xai,xai,v_terse,0,B-payroll_fanout-m-010,benign,,medium,benign:payroll_fanout,1441337215,0.0,2026-07-15T16:43:52.171539+00:00,218a57b935625588,4717b739062547004c809053b2c78c3dec10bd0fa9af1874058aba0be939b0ab,False,no_flag,,Normal verified employer payroll to employees; minor personal inflows/outflows lack ML red flags or typology patterns.,1120,39,0.003073,True,,0,"{""suspicious"": false, ""typology"": null, ""rationale"": ""Normal verified employer payroll to employees; minor personal inflows/outflows lack ML red flags or typology patterns.""}"
full,REAL,xai_grok,grok-4.5,xai,xai,v_terse,0,B-payroll_fanout-m-012,benign,,medium,benign:payroll_fanout,714420059,0.0,2026-07-15T16:43:54.881756+00:00,bfda4c1877aab4cb,1bb8f4fa05025f80d33fd5d7207d325fafbd5feb5c98c0f3db6a205b6cceacd5,False,no_flag,,Verified employer payroll via ADP to long-tenure employees; sparse vendor/rent inflows lack layering or mule patterns.,1122,41,0.003092,True,,0,"{""suspicious"": false, ""typology"": null, ""rationale"": ""Verified employer payroll via ADP to long-tenure employees; sparse vendor/rent inflows lack layering or mule patterns.""}"
full,REAL,xai_grok,grok-4.5,xai,xai,v_terse,0,B-payroll_fanout-m-013,benign,,medium,benign:payroll_fanout,1646235772,0.0,2026-07-15T16:43:55.231857+00:00,b9d03bb82e39e977,ae255b2020687660bfb024b5ae1f32ff8bbf11b3cab91101a12dc20982b9d89e,False,no_flag,,"Verified employer payroll via ADP to long-tenure employees; minor refunds normal, no laundering indicators.",1116,38,0.003056,True,,0,"{""suspicious"": false, ""typology"": null, ""rationale"": ""Verified employer payroll via ADP to long-tenure employees; minor refunds normal, no laundering indicators.""}"
full,REAL,xai_grok,grok-4.5,xai,xai,v_terse,0,B-payroll_fanout-m-014,benign,,medium,benign:payroll_fanout,1353140430,0.0,2026-07-15T16:43:56.118210+00:00,c8c5412248cef988,d06a26ec5704e8807685244abf13e1211b9c1a8467fa55f7ae18bc27209d3b56,False,no_flag,,Verified employer payroll to employees via ACH; reverse/tax/rent flows appear routine and non-laundering.,1116,39,0.003063,True,,0,"{""suspicious"": false, ""typology"": null, ""rationale"": ""Verified employer payroll to employees via ACH; reverse/tax/rent flows appear routine and non-laundering.""}"
full,REAL,xai_grok,grok-4.5,xai,xai,v_terse,0,B-remittance_corridor-e-000,benign,,easy,benign:remittance_corridor,41515871,0.0,2026-07-15T16:43:58.196366+00:00,1eb0eb1c8dbd9f25,9a91db8678987cce33b79426bf58d0946424d06568cf4692fd2f48d2099abefb,False,no_flag,,Licensed MTO with verified KYC senders; small varied remittances and normal rent/payroll flows show no laundering indicators.,777,45,0.002257,True,,0,"{""suspicious"": false, ""typology"": null, ""rationale"": ""Licensed MTO with verified KYC senders; small varied remittances and normal rent/payroll flows show no laundering indicators.""}"
full,REAL,xai_grok,grok-4.5,xai,xai,v_terse,0,B-remittance_corridor-e-001,benign,,easy,benign:remittance_corridor,1558279360,0.0,2026-07-15T16:43:59.707424+00:00,95aea6ec917ef45f,515f8006b3b85a1b35775c1ed803de64d26e619d2ec03a95675fed10418dc835,False,no_flag,,Licensed MTO remittances from verified persons; later legitimate invoice and tax inflows. No layering or structuring indicators.,779,43,0.002249,True,,0,"{""suspicious"": false, ""typology"": null, ""rationale"": ""Licensed MTO remittances from verified persons; later legitimate invoice and tax inflows. No layering or structuring indicators.""}"
full,REAL,xai_grok,grok-4.5,xai,xai,v_terse,0,B-remittance_corridor-e-002,benign,,easy,benign:remittance_corridor,2052633018,0.0,2026-07-15T16:44:00.703347+00:00,fe683af913a88c16,9f29798acb321a7cc86f0e8ccb57c90e130ac886009216ab7f0f13224a881cd0,False,no_flag,,Multiple small remittances to licensed verified MTO from KYC'd accounts; normal payroll/utility activity; no ML indicators.,776,43,0.002241,True,,0,"{""suspicious"": false, ""typology"": null, ""rationale"": ""Multiple small remittances to licensed verified MTO from KYC'd accounts; normal payroll/utility activity; no ML indicators.""}"
full,REAL,xai_grok,grok-4.5,xai,xai,v_terse,0,B-remittance_corridor-e-003,benign,,easy,benign:remittance_corridor,1286693469,0.0,2026-07-15T16:44:01.273512+00:00,31e2d31710ca5de5,cca515a5d7f75f03808b7422f6b4ce8097a37bb3d259fb9bf48b4cdf575c9130,False,no_flag,,Licensed MTO receives normal verified remittances; later tax and card payments show no laundering indicators.,779,39,0.002221,True,,0,"{""suspicious"": false, ""typology"": null, ""rationale"": ""Licensed MTO receives normal verified remittances; later tax and card payments show no laundering indicators.""}"
full,REAL,xai_grok,grok-4.5,xai,xai,v_terse,0,B-remittance_corridor-e-004,benign,,easy,benign:remittance_corridor,32690298,0.0,2026-07-15T16:44:02.084992+00:00,23441742c0a92001,d00b5149cca7510b87e8c15505ef6dffa402ebbe0c637d863c85742e9a18958f,False,no_flag,,Licensed MTO receives small verified remittances from multiple KYC'd persons; legitimate rent/tax inflows; no red flags.,777,45,0.002257,True,,0,"{""suspicious"": false, ""typology"": null, ""rationale"": ""Licensed MTO receives small verified remittances from multiple KYC'd persons; legitimate rent/tax inflows; no red flags.""}"
full,REAL,xai_grok,grok-4.5,xai,xai,v_terse,0,B-remittance_corridor-e-006,benign,,easy,benign:remittance_corridor,126295078,0.0,2026-07-15T16:44:03.919246+00:00,7fb27157bb135db6,85d69967fe6e24cbc655d049b82f9e36244a694e64b7a7200969e794f47b5b1c,False,no_flag,,Licensed MTO receives normal small remittances from verified persons; isolated later payments show no laundering pattern.,781,40,0.002233,True,,0,"{""suspicious"": false, ""typology"": null, ""rationale"": ""Licensed MTO receives normal small remittances from verified persons; isolated later payments show no laundering pattern.""}"
full,REAL,xai_grok,grok-4.5,xai,xai,v_terse,0,B-remittance_corridor-e-005,benign,,easy,benign:remittance_corridor,2086358428,0.0,2026-07-15T16:44:04.380392+00:00,54f8d2be9e9702c9,0e868b33666f2178aca220975767c90f47fa7c46f6f9e039665ce8dbf0f38084,False,no_flag,,Licensed MTO remittances from verified persons plus isolated bill and invoice payments show no ML red flags.,778,39,0.002218,True,,0,"{""suspicious"": false, ""typology"": null, ""rationale"": ""Licensed MTO remittances from verified persons plus isolated bill and invoice payments show no ML red flags.""}"
full,REAL,xai_grok,grok-4.5,xai,xai,v_terse,0,B-remittance_corridor-e-007,benign,,easy,benign:remittance_corridor,1237601664,0.0,2026-07-15T16:44:05.362732+00:00,48dc4bdd34dd1943,12338442727384ca8ec50508b56b9ad20a8e01d506d3bac0f06516d63e6392e7,False,no_flag,,Licensed MTO receives normal remittances from verified personal accounts; minor unrelated outflows show no laundering indicators.,776,41,0.002227,True,,0,"{""suspicious"": false, ""typology"": null, ""rationale"": ""Licensed MTO receives normal remittances from verified personal accounts; minor unrelated outflows show no laundering indicators.""}"
full,REAL,xai_grok,grok-4.5,xai,xai,v_terse,0,B-remittance_corridor-e-008,benign,,easy,benign:remittance_corridor,217093054,0.0,2026-07-15T16:44:07.946952+00:00,c3d78f2fa495ecbc,536dd6cd034c31cb553e4472774db5358f9e88cd4abbe4e03485e53c4e1278ab,False,no_flag,,Licensed MTO receives modest remittances from verified persons; later transfers appear unrelated and lack laundering indicators.,781,40,0.002233,True,,0,"{""suspicious"": false, ""typology"": null, ""rationale"": ""Licensed MTO receives modest remittances from verified persons; later transfers appear unrelated and lack laundering indicators.""}"
full,REAL,xai_grok,grok-4.5,xai,xai,v_terse,0,B-remittance_corridor-e-009,benign,,easy,benign:remittance_corridor,2094933095,0.0,2026-07-15T16:44:08.094690+00:00,5d19992ee6259fa4,b8e5db0f679bc57ea22b93145ee2b23a1194782b725462b19ea1347444085dd6,False,no_flag,,Multiple small remittances to licensed verified MTO from KYC'd persons; reverse tax/utility flows likely refunds; no ML indicators.,776,46,0.002262,True,,0,"{""suspicious"": false, ""typology"": null, ""rationale"": ""Multiple small remittances to licensed verified MTO from KYC'd persons; reverse tax/utility flows likely refunds; no ML indicators.""}"
full,REAL,xai_grok,grok-4.5,xai,xai,v_terse,0,B-remittance_corridor-e-010,benign,,easy,benign:remittance_corridor,1290521528,0.0,2026-07-15T16:44:09.323520+00:00,6e8b941ea89d3b0f,bf6afba8fc34a69ca372afdc928c5e19ce7b291570e5d18a82a46a4a7dadd8d3,False,no_flag,,Multiple small verified remittances to licensed MTO plus routine tax/utility flows show no laundering indicators.,776,39,0.002213,True,,0,"{""suspicious"": false, ""typology"": null, ""rationale"": ""Multiple small verified remittances to licensed MTO plus routine tax/utility flows show no laundering indicators.""}"
full,REAL,xai_grok,grok-4.5,xai,xai,v_terse,0,B-remittance_corridor-h-000,benign,,hard,benign:remittance_corridor,197816719,0.0,2026-07-15T16:44:13.235637+00:00,9c101e2787d91fce,d2ecb3516af9e0109c2932ac4a5ad0a08ee47eaf8e6d69fde07201dd02929bc9,False,no_flag,,"Multiple KYC-verified persons send small remittances to licensed US MTO; remaining flows are ordinary payroll, tax, rent and utility payments.",1285,47,0.003541,True,,0,"{""suspicious"": false, ""typology"": null, ""rationale"": ""Multiple KYC-verified persons send small remittances to licensed US MTO; remaining flows are ordinary payroll, tax, rent and utility payments.""}"
full,REAL,xai_grok,grok-4.5,xai,xai,v_terse,0,B-remittance_corridor-e-011,benign,,easy,benign:remittance_corridor,938741121,0.0,2026-07-15T16:44:13.602914+00:00,86b7b3b2c4e7f521,4192a22a3b55323d674d6df8a0614618a95047a8be13421ac069110078950a64,True,flag,structuring,Multiple sub-$1k remittances from verified persons to MTO plus anomalous reverse payroll flow.,777,38,0.002208,True,,0,"{""suspicious"": true, ""typology"": ""structuring"", ""rationale"": ""Multiple sub-$1k remittances from verified persons to MTO plus anomalous reverse payroll flow.""}"
full,REAL,xai_grok,grok-4.5,xai,xai,v_terse,0,B-remittance_corridor-h-001,benign,,hard,benign:remittance_corridor,637252833,0.0,2026-07-15T16:44:17.145007+00:00,8b3bc06b8c5798b4,465fa533b6288ad14f2f090ff64730c7a977733ded1bcde83cd33bf7a08e01eb,False,no_flag,,Licensed MTO receives normal small remittances from verified persons; other payroll/invoice flows lack ML indicators or rapid layering.,1296,44,0.003548,True,,0,"{""suspicious"": false, ""typology"": null, ""rationale"": ""Licensed MTO receives normal small remittances from verified persons; other payroll/invoice flows lack ML indicators or rapid layering.""}"
full,REAL,xai_grok,grok-4.5,xai,xai,v_terse,0,B-remittance_corridor-h-002,benign,,hard,benign:remittance_corridor,851939896,0.0,2026-07-15T16:44:18.580718+00:00,d771dd8e13739ad5,4e44e39f916571f3bfe08f63ca299266b1a839b197f6b93a23def76ef452ee84,False,no_flag,,Multiple small remittances to licensed verified MTO from KYC'd individuals is normal; other flows are routine payroll/utilities/rent.,1294,45,0.00355,True,,0,"{""suspicious"": false, ""typology"": null, ""rationale"": ""Multiple small remittances to licensed verified MTO from KYC'd individuals is normal; other flows are routine payroll/utilities/rent.""}"
full,REAL,xai_grok,grok-4.5,xai,xai,v_terse,0,B-remittance_corridor-h-004,benign,,hard,benign:remittance_corridor,284157757,0.0,2026-07-15T16:44:20.782030+00:00,97c9ed9ae3d30247,b74fe11179bcfeb41be9b1a6df8ae8b1e639e7c294b1bdc9890356a4581d1dfa,False,no_flag,,Licensed MTO receives normal small remittances from verified individuals; other sparse payments appear legitimate with no clear laundering pattern.,1301,43,0.003554,True,,0,"{""suspicious"": false, ""typology"": null, ""rationale"": ""Licensed MTO receives normal small remittances from verified individuals; other sparse payments appear legitimate with no clear laundering pattern.""}"
full,REAL,xai_grok,grok-4.5,xai,xai,v_terse,0,B-remittance_corridor-h-003,benign,,hard,benign:remittance_corridor,1707617166,0.0,2026-07-15T16:44:21.712108+00:00,269c390e65f38479,76d921b30962dd25cfea09ed7b541e8a2717ef42fb854afdc99b8dab78ec2bed,False,no_flag,,Normal small remittances to licensed MTO from verified persons; later inflows appear as legitimate refunds or payments.,1298,41,0.003532,True,,0,"{""suspicious"": false, ""typology"": null, ""rationale"": ""Normal small remittances to licensed MTO from verified persons; later inflows appear as legitimate refunds or payments.""}"
full,REAL,xai_grok,grok-4.5,xai,xai,v_terse,0,B-remittance_corridor-h-008,benign,,hard,benign:remittance_corridor,1908865758,0.0,2026-07-15T16:44:22.716820+00:00,91c3386cab38847b,7ac16cc6be249eeafb45d5f86f8c71a20320e69eba4467f335222be2e85f6c05,True,flag,funnel_account,"Multiple verified senders remit small amounts to licensed MTO; some receive vendor/rent inflows first, indicating possible funneling.",1300,47,0.003579,True,,0,"{""suspicious"": true, ""typology"": ""funnel_account"", ""rationale"": ""Multiple verified senders remit small amounts to licensed MTO; some receive vendor/rent inflows first, indicating possible funneling.""}"
full,REAL,xai_grok,grok-4.5,xai,xai,v_terse,0,B-remittance_corridor-h-005,benign,,hard,benign:remittance_corridor,1224654331,0.0,2026-07-15T16:44:23.507113+00:00,2b6e7f5b2d665089,be4037265cbc90231e4417e93603c15696bf2537e4317e90ad6d343b29f88121,False,no_flag,,"Licensed MTO receives routine small remittances from verified persons; other flows are normal rent, payroll, tax, utilities.",1294,43,0.003536,True,,0,"{""suspicious"": false, ""typology"": null, ""rationale"": ""Licensed MTO receives routine small remittances from verified persons; other flows are normal rent, payroll, tax, utilities.""}"
full,REAL,xai_grok,grok-4.5,xai,xai,v_terse,0,B-remittance_corridor-h-006,benign,,hard,benign:remittance_corridor,2013119078,0.0,2026-07-15T16:44:24.178620+00:00,a5f068d9310e2f63,f9f02b57340137d2618b36ddd9e2a5156f1de267b35c02ab596bdc96c1816341,False,no_flag,,"Licensed MTO receives normal small remittances from verified persons; other flows are routine payroll, tax, rent, invoices.",1299,43,0.003549,True,,0,"{""suspicious"": false, ""typology"": null, ""rationale"": ""Licensed MTO receives normal small remittances from verified persons; other flows are routine payroll, tax, rent, invoices.""}"
full,REAL,xai_grok,grok-4.5,xai,xai,v_terse,0,B-remittance_corridor-h-007,benign,,hard,benign:remittance_corridor,913954764,0.0,2026-07-15T16:44:31.799995+00:00,63a7a590655954b1,787ae67740e43918df36d84829fe8a7bccc461bd57ea75571c043ac7dc79fab7,False,no_flag,,"Licensed verified MTO with normal small remittances from KYC'd persons; remaining flows are routine rent, payroll and card activity.",1297,45,0.003557,True,,0,"{""suspicious"": false, ""typology"": null, ""rationale"": ""Licensed verified MTO with normal small remittances from KYC'd persons; remaining flows are routine rent, payroll and card activity.""}"
full,REAL,xai_grok,grok-4.5,xai,xai,v_terse,0,B-remittance_corridor-h-010,benign,,hard,benign:remittance_corridor,1101008383,0.0,2026-07-15T16:44:33.075695+00:00,b523ae34812ca35b,01f2e086838fa49c345701f37f5f63f97627a04de0479f7b84b06601c5f846b7,False,no_flag,,"Normal remittances to licensed MTO from verified persons; other flows are routine payroll, tax, utility, invoice activity.",1290,42,0.003519,True,,0,"{""suspicious"": false, ""typology"": null, ""rationale"": ""Normal remittances to licensed MTO from verified persons; other flows are routine payroll, tax, utility, invoice activity.""}"
full,REAL,xai_grok,grok-4.5,xai,xai,v_terse,0,B-remittance_corridor-m-000,benign,,medium,benign:remittance_corridor,1498528366,0.0,2026-07-15T16:44:33.632414+00:00,8d2eeb3f1bea8764,9f63ce822085e12d6f4e290fbe2b37687282a7b46b42ed4d19375ec14c2cd213,False,no_flag,,"Licensed MTO receives normal small remittances from verified persons; later reverse payments appear as refunds, no ML pattern.",993,43,0.002783,True,,0,"{""suspicious"": false, ""typology"": null, ""rationale"": ""Licensed MTO receives normal small remittances from verified persons; later reverse payments appear as refunds, no ML pattern.""}"
full,REAL,xai_grok,grok-4.5,xai,xai,v_terse,0,B-remittance_corridor-h-009,benign,,hard,benign:remittance_corridor,103919028,0.0,2026-07-15T16:44:37.781629+00:00,0540bb5f594899f1,d36bb505264f65afb6c7b7d1aadb2f14dae417582f4c2fffcbca4430fb58d064,False,no_flag,,"Licensed MTO receives routine small remittances from verified persons; other payments are ordinary rent, payroll and invoices.",1297,41,0.003529,True,,0,"{""suspicious"": false, ""typology"": null, ""rationale"": ""Licensed MTO receives routine small remittances from verified persons; other payments are ordinary rent, payroll and invoices.""}"
full,REAL,xai_grok,grok-4.5,xai,xai,v_terse,0,B-remittance_corridor-m-003,benign,,medium,benign:remittance_corridor,1274820524,0.0,2026-07-15T16:44:39.980822+00:00,72f6bdc96387b3f8,11ea9a32855d3f90c19f6cd6f78feebec581bcd682e153457b2cd563699eec5f,False,no_flag,,Normal remittances to licensed MTO from verified personal accounts; other flows appear legitimate payroll/utility.,994,38,0.002751,True,,0,"{""suspicious"": false, ""typology"": null, ""rationale"": ""Normal remittances to licensed MTO from verified personal accounts; other flows appear legitimate payroll/utility.""}"
full,REAL,xai_grok,grok-4.5,xai,xai,v_terse,0,B-remittance_corridor-m-002,benign,,medium,benign:remittance_corridor,1639882495,0.0,2026-07-15T16:44:40.349823+00:00,becdbf56f15133f2,f93272b29dff7dce9b750603e3278016687180b90c174d6eb2eb16333f903a37,True,flag,structuring,"Multiple verified persons send similar small remittances to MTO over short period, suggesting coordinated structuring.",993,38,0.002749,True,,0,"{""suspicious"": true, ""typology"": ""structuring"", ""rationale"": ""Multiple verified persons send similar small remittances to MTO over short period, suggesting coordinated structuring.""}"
full,REAL,xai_grok,grok-4.5,xai,xai,v_terse,0,B-remittance_corridor-m-004,benign,,medium,benign:remittance_corridor,843142004,0.0,2026-07-15T16:44:44.009966+00:00,021b4dabef96827f,c539754f4f08a68ad9d9249eb17ff71c5b5d74c69e8ac1195054cd1d38a6542c,False,no_flag,,Licensed MTO receiving routine small remittances from verified individuals; other transfers appear ordinary personal activity.,994,38,0.002751,True,,0,"{""suspicious"": false, ""typology"": null, ""rationale"": ""Licensed MTO receiving routine small remittances from verified individuals; other transfers appear ordinary personal activity.""}"
full,REAL,xai_grok,grok-4.5,xai,xai,v_terse,0,B-remittance_corridor-m-005,benign,,medium,benign:remittance_corridor,511888686,0.0,2026-07-15T16:44:44.858447+00:00,eb466e943d0eb06a,854a733994e4c4bede19b01662496df72b3d2ed39730d9ff6e5c4e6e81676d0a,False,no_flag,,"Verified personal remittances to licensed MTO plus routine inflows; no layering, structuring, or mule indicators.",995,41,0.002775,True,,0,"{""suspicious"": false, ""typology"": null, ""rationale"": ""Verified personal remittances to licensed MTO plus routine inflows; no layering, structuring, or mule indicators.""}"
full,REAL,xai_grok,grok-4.5,xai,xai,v_terse,0,B-remittance_corridor-m-001,benign,,medium,benign:remittance_corridor,736905910,0.0,2026-07-15T16:44:45.564871+00:00,fc09220766403b3a,0aed7fca80c11fc95d43b7d8cb4058497b47cf3a6cbba8229617b65049976efd,False,no_flag,,Multiple small remittances to licensed verified MTO plus ordinary utility/rent/payroll; no clear ML indicators.,989,40,0.002753,True,,0,"{""suspicious"": false, ""typology"": null, ""rationale"": ""Multiple small remittances to licensed verified MTO plus ordinary utility/rent/payroll; no clear ML indicators.""}"
full,REAL,xai_grok,grok-4.5,xai,xai,v_terse,0,B-remittance_corridor-m-006,benign,,medium,benign:remittance_corridor,1064101405,0.0,2026-07-15T16:44:46.021775+00:00,577c276417284a18,26afbc57631b3cc03121924545ce82a890bdfdd3d23388e74d20e64e0f8687ff,False,no_flag,,Multiple KYC-verified persons send modest remittances to licensed US MTO; other outflows look ordinary. No ML red flags.,992,45,0.002795,True,,0,"{""suspicious"": false, ""typology"": null, ""rationale"": ""Multiple KYC-verified persons send modest remittances to licensed US MTO; other outflows look ordinary. No ML red flags.""}"
full,REAL,xai_grok,grok-4.5,xai,xai,v_terse,0,B-remittance_corridor-m-008,benign,,medium,benign:remittance_corridor,1723494849,0.0,2026-07-15T16:44:50.187121+00:00,8fd6f502008dafe2,7a952a94667e926c50911958d41bf449a0723a94689f42751dda320a6bbeb598,False,no_flag,,"Licensed MTO receives routine small remittances from verified persons; other payments are normal bills, rent, payroll.",991,41,0.002764,True,,0,"{""suspicious"": false, ""typology"": null, ""rationale"": ""Licensed MTO receives routine small remittances from verified persons; other payments are normal bills, rent, payroll.""}"
full,REAL,xai_grok,grok-4.5,xai,xai,v_terse,0,B-remittance_corridor-m-007,benign,,medium,benign:remittance_corridor,1540012644,0.0,2026-07-15T16:44:50.407455+00:00,c1050be0389b1d3c,0b4c437d7f1f44e0af3ce9b6b496ff720f5832a583b79280ab5a92280baf80ed,False,no_flag,,Licensed MTO receives routine remittances from verified persons; ancillary payroll/utility flows appear ordinary.,991,38,0.002743,True,,0,"{""suspicious"": false, ""typology"": null, ""rationale"": ""Licensed MTO receives routine remittances from verified persons; ancillary payroll/utility flows appear ordinary.""}"
full,REAL,xai_grok,grok-4.5,xai,xai,v_terse,0,B-remittance_corridor-m-009,benign,,medium,benign:remittance_corridor,346864272,0.0,2026-07-15T16:44:51.275254+00:00,240853215e34b37f,178b19ab46e64d75cc4a79469dfa95eac7058bb0146de39f1bc8b566ff0a18c9,False,no_flag,,Verified persons send small remittances to licensed MTO; later payroll/tax flows appear ordinary with no ML red flags.,993,42,0.002776,True,,0,"{""suspicious"": false, ""typology"": null, ""rationale"": ""Verified persons send small remittances to licensed MTO; later payroll/tax flows appear ordinary with no ML red flags.""}"
full,REAL,xai_grok,grok-4.5,xai,xai,v_terse,0,B-remittance_corridor-m-010,benign,,medium,benign:remittance_corridor,1035776584,0.0,2026-07-15T16:44:52.178996+00:00,c84e89d27480bde2,eac9ec48c4ef1f6f946aaf5228e9f538699289fccd8a650e2672c821b232d13e,False,no_flag,,"Licensed MTO receives small verified remittances from multiple individuals; other flows are normal payroll, tax refunds, and invoice payments.",993,45,0.002798,True,,0,"{""suspicious"": false, ""typology"": null, ""rationale"": ""Licensed MTO receives small verified remittances from multiple individuals; other flows are normal payroll, tax refunds, and invoice payments.""}"
full,REAL,xai_grok,grok-4.5,xai,xai,v_terse,0,B-retail_settlement-e-000,benign,,easy,benign:retail_settlement,1199802187,0.0,2026-07-15T16:44:55.640673+00:00,aea61c248090d305,4838bf72876d4bfce4029a389dcfbd24da034669548a4445466a4447745d6883,False,no_flag,,Normal card settlements for verified grocery chain; minor utility/vendor payments show no ML red flags.,728,36,0.002072,True,,0,"{""suspicious"": false, ""typology"": null, ""rationale"": ""Normal card settlements for verified grocery chain; minor utility/vendor payments show no ML red flags.""}"
full,REAL,xai_grok,grok-4.5,xai,xai,v_terse,0,B-remittance_corridor-m-012,benign,,medium,benign:remittance_corridor,675668208,0.0,2026-07-15T16:44:56.845352+00:00,cf1133976e349f05,1c2bc6239e605d876e8ca142873c71e8ca47cb29d3a66a084ea2f0291be8e946,False,no_flag,,Licensed MTO receives normal small remittances from verified persons; other txs are routine payments.,994,37,0.002744,True,,0,"{""suspicious"": false, ""typology"": null, ""rationale"": ""Licensed MTO receives normal small remittances from verified persons; other txs are routine payments.""}"
full,REAL,xai_grok,grok-4.5,xai,xai,v_terse,0,B-remittance_corridor-m-013,benign,,medium,benign:remittance_corridor,292243095,0.0,2026-07-15T16:44:58.036838+00:00,36411afe1c103fad,8f9442cb9d44db480a8a08e0b37d9e2174f2eed05a4edfe3fab64b215ad71069,False,no_flag,,Multiple small remittances to licensed MTO from verified persons appear normal; later payments lack layering or mule indicators.,995,41,0.002775,True,,0,"{""suspicious"": false, ""typology"": null, ""rationale"": ""Multiple small remittances to licensed MTO from verified persons appear normal; later payments lack layering or mule indicators.""}"
full,REAL,xai_grok,grok-4.5,xai,xai,v_terse,0,B-retail_settlement-e-001,benign,,easy,benign:retail_settlement,1273335831,0.0,2026-07-15T16:44:59.908093+00:00,c4465e42ed9a9aad,7bc206d75ac19445eb14360ca3d8bf66b45e5cfc05388a0f42ada40ce5cbc97c,False,no_flag,,Normal card settlements to verified US grocery chain; small rent inflows consistent with property ownership. No ML red flags.,729,40,0.002103,True,,0,"{""suspicious"": false, ""typology"": null, ""rationale"": ""Normal card settlements to verified US grocery chain; small rent inflows consistent with property ownership. No ML red flags.""}"
full,REAL,xai_grok,grok-4.5,xai,xai,v_terse,0,B-retail_settlement-e-003,benign,,easy,benign:retail_settlement,910825738,0.0,2026-07-15T16:45:00.427460+00:00,6053cc96a3138b2b,fd744f5a8668479b895fcdd19d119013a1769dbb9f9ee71f7427cd1774c77067,False,no_flag,,Normal card settlements and payroll for verified US grocery chain merchant.,729,29,0.002025,True,,0,"{""suspicious"": false, ""typology"": null, ""rationale"": ""Normal card settlements and payroll for verified US grocery chain merchant.""}"
full,REAL,xai_grok,grok-4.5,xai,xai,v_terse,0,B-retail_settlement-e-002,benign,,easy,benign:retail_settlement,789594728,0.0,2026-07-15T16:45:00.531692+00:00,f58b6dcf116766af,9797a4fef02268c5718bdbbcd73b721a8fa5bcd73a42fb8df1366e1891280ccd,False,no_flag,,Normal card settlements for verified grocery chain plus routine payroll and small vendor payment; no ML indicators.,731,36,0.002079,True,,0,"{""suspicious"": false, ""typology"": null, ""rationale"": ""Normal card settlements for verified grocery chain plus routine payroll and small vendor payment; no ML indicators.""}"
full,REAL,xai_grok,grok-4.5,xai,xai,v_terse,0,B-remittance_corridor-m-011,benign,,medium,benign:remittance_corridor,499202129,0.0,2026-07-15T16:45:00.717245+00:00,46b8ffbaf3952a91,a4448b19cb95553a193565329e8f74b3dcf80ab66ee0febb92b701b8acd03e4f,False,no_flag,,"Licensed MTO, verified KYC senders; routine small remittances plus normal payroll/rent/invoice activity lack laundering indicators.",993,46,0.002804,True,,0,"{""suspicious"": false, ""typology"": null, ""rationale"": ""Licensed MTO, verified KYC senders; routine small remittances plus normal payroll/rent/invoice activity lack laundering indicators.""}"
full,REAL,xai_grok,grok-4.5,xai,xai,v_terse,0,B-retail_settlement-e-004,benign,,easy,benign:retail_settlement,162575927,0.0,2026-07-15T16:45:02.325000+00:00,36eccf63851be56b,f8e3c5274c6f120817337a7818d66aa7dd9cd39ea57e996576ab24db77a81675,False,no_flag,,Normal card settlements to verified grocery merchant; minor later outflows show no laundering indicators.,729,35,0.002067,True,,0,"{""suspicious"": false, ""typology"": null, ""rationale"": ""Normal card settlements to verified grocery merchant; minor later outflows show no laundering indicators.""}"
full,REAL,xai_grok,grok-4.5,xai,xai,v_terse,0,B-retail_settlement-e-005,benign,,easy,benign:retail_settlement,1066292186,0.0,2026-07-15T16:45:03.925059+00:00,561fc31b672958e2,532c40beafe152264229c3a78e52a102046569325ed3b9650b6bf67f8e4dd10f,False,no_flag,,Normal card settlements to verified US grocery chain; minor tax/card inflows consistent with legitimate ops.,729,37,0.002082,True,,0,"{""suspicious"": false, ""typology"": null, ""rationale"": ""Normal card settlements to verified US grocery chain; minor tax/card inflows consistent with legitimate ops.""}"
full,REAL,xai_grok,grok-4.5,xai,xai,v_terse,0,B-retail_settlement-e-007,benign,,easy,benign:retail_settlement,1737153412,0.0,2026-07-15T16:45:05.684684+00:00,e697fb2fec312293,61f53cfb2a34c24a43898b67f4746c7047ff183c0de51bf3a1b38eede0fe8329,False,no_flag,,Normal card settlements to verified grocery merchant followed by routine tax payments; no ML indicators.,729,34,0.002061,True,,0,"{""suspicious"": false, ""typology"": null, ""rationale"": ""Normal card settlements to verified grocery merchant followed by routine tax payments; no ML indicators.""}"
full,REAL,xai_grok,grok-4.5,xai,xai,v_terse,0,B-retail_settlement-e-006,benign,,easy,benign:retail_settlement,1794942520,0.0,2026-07-15T16:45:05.729077+00:00,0a03244d8604075e,d8c4c415bd5b533d737ae72d382a102ce3555ad937fe80400bb0a5fbf23ccd3c,False,no_flag,,Normal card settlements to verified US grocery chain; minor reverse transfers consistent with refunds.,731,34,0.002066,True,,0,"{""suspicious"": false, ""typology"": null, ""rationale"": ""Normal card settlements to verified US grocery chain; minor reverse transfers consistent with refunds.""}"
full,REAL,xai_grok,grok-4.5,xai,xai,v_terse,0,B-retail_settlement-e-008,benign,,easy,benign:retail_settlement,815040014,0.0,2026-07-15T16:45:07.054383+00:00,1fe3d31fa009b4c4,528173ba8bfe6003d064769701f84d8d9f6d99f91387ed54631f7486e6c45df3,False,no_flag,,Normal card settlements to verified grocery merchant plus routine payroll and tax refund; no ML indicators.,729,35,0.002067,True,,0,"{""suspicious"": false, ""typology"": null, ""rationale"": ""Normal card settlements to verified grocery merchant plus routine payroll and tax refund; no ML indicators.""}"
full,REAL,xai_grok,grok-4.5,xai,xai,v_terse,0,B-retail_settlement-e-010,benign,,easy,benign:retail_settlement,706299220,0.0,2026-07-15T16:45:08.650410+00:00,872825e95770ab44,9cc91b546af31766d9b4bbc541786a050f57e6ef51b718347f99244a26389fed,False,no_flag,,Normal card settlements to verified grocery merchant; minor later outflows show no laundering pattern.,731,35,0.002072,True,,0,"{""suspicious"": false, ""typology"": null, ""rationale"": ""Normal card settlements to verified grocery merchant; minor later outflows show no laundering pattern.""}"
full,REAL,xai_grok,grok-4.5,xai,xai,v_terse,0,B-retail_settlement-e-009,benign,,easy,benign:retail_settlement,573686734,0.0,2026-07-15T16:45:08.794731+00:00,df2543cccf8b4097,786e69028b0fc763ba249cc5b4bfda6611d480cff1e5790383bae7680633057e,False,no_flag,,Normal card settlements to verified grocery merchant plus minor rent flows; reverse rent appears operational with no ML red flags.,729,39,0.002096,True,,0,"{""suspicious"": false, ""typology"": null, ""rationale"": ""Normal card settlements to verified grocery merchant plus minor rent flows; reverse rent appears operational with no ML red flags.""}"
full,REAL,xai_grok,grok-4.5,xai,xai,v_terse,0,B-retail_settlement-e-011,benign,,easy,benign:retail_settlement,180083293,0.0,2026-07-15T16:45:09.707987+00:00,27dbb84aa7d6c13c,1f7dce67b498e0793e9c0bc7da39cc2ca96a158e5fb7f00e7ed3cf451cd77a60,False,no_flag,,Normal card settlements and tax payments for verified grocery chain; no ML indicators.,731,32,0.002051,True,,0,"{""suspicious"": false, ""typology"": null, ""rationale"": ""Normal card settlements and tax payments for verified grocery chain; no ML indicators.""}"
full,REAL,xai_grok,grok-4.5,xai,xai,v_terse,0,B-retail_settlement-h-000,benign,,hard,benign:retail_settlement,207820741,0.0,2026-07-15T16:45:10.861214+00:00,c62f536dda59d8eb,018661bd4d906dc6fcf7559255c6c8764f0538ba0033bc8cc2dbe8966139196a,False,no_flag,,"Normal grocery chain card settlements with routine payroll, tax, utility and rent outflows; no ML indicators.",1017,38,0.002808,True,,0,"{""suspicious"": false, ""typology"": null, ""rationale"": ""Normal grocery chain card settlements with routine payroll, tax, utility and rent outflows; no ML indicators.""}"
full,REAL,xai_grok,grok-4.5,xai,xai,v_terse,0,B-retail_settlement-h-001,benign,,hard,benign:retail_settlement,1132450582,0.0,2026-07-15T16:45:12.835534+00:00,49801edd3fa538bb,7aec3a235455e7ab69e182e95f44fa11da48dff169c7c824246a3f99ab86b5fc,False,no_flag,,Normal card settlements and routine tax/utility flows for verified US grocery chain; no laundering indicators.,1017,37,0.002801,True,,0,"{""suspicious"": false, ""typology"": null, ""rationale"": ""Normal card settlements and routine tax/utility flows for verified US grocery chain; no laundering indicators.""}"
full,REAL,xai_grok,grok-4.5,xai,xai,v_terse,0,B-retail_settlement-h-003,benign,,hard,benign:retail_settlement,1657108735,0.0,2026-07-15T16:45:14.283247+00:00,1babc7a259918d21,e6ad9dbc59a9310f643083f5ee26c1e604684c5501b08da0e71dcc9c49facc11,False,no_flag,,Normal grocery chain card settlements and routine vendor/rent/payroll outflows; no red flags.,1027,36,0.002819,True,,0,"{""suspicious"": false, ""typology"": null, ""rationale"": ""Normal grocery chain card settlements and routine vendor/rent/payroll outflows; no red flags.""}"
full,REAL,xai_grok,grok-4.5,xai,xai,v_terse,0,B-retail_settlement-h-004,benign,,hard,benign:retail_settlement,1191593113,0.0,2026-07-15T16:45:14.285211+00:00,87f02905bdc98f73,7d40f536bade6ab9dc5d19b918a33b38dde86d6eae55fea2f7a47db542eb6e58,False,no_flag,,Normal grocery chain card settlements and routine business outflows; no laundering indicators.,1020,33,0.002781,True,,0,"{""suspicious"": false, ""typology"": null, ""rationale"": ""Normal grocery chain card settlements and routine business outflows; no laundering indicators.""}"
full,REAL,xai_grok,grok-4.5,xai,xai,v_terse,0,B-retail_settlement-h-002,benign,,hard,benign:retail_settlement,1465766119,0.0,2026-07-15T16:45:14.567389+00:00,c6bc9e74267337e0,de0e7650a78d2339e827baafb3c99dff5dc7fbcf578d416c865fe831569016e8,False,no_flag,,"Normal card settlements into verified grocery chain with routine small payroll, utility and vendor flows; no laundering indicators.",1023,39,0.00283,True,,0,"{""suspicious"": false, ""typology"": null, ""rationale"": ""Normal card settlements into verified grocery chain with routine small payroll, utility and vendor flows; no laundering indicators.""}"
full,REAL,xai_grok,grok-4.5,xai,xai,v_terse,0,B-retail_settlement-h-005,benign,,hard,benign:retail_settlement,1749431457,0.0,2026-07-15T16:45:17.049378+00:00,0844a20a4c4044b6,cec513aeb72b0bc9c0cca2be92ef7cd0c64a3daaa8427893f9f228ed17c50b0b,False,no_flag,,Normal grocery merchant card settlements and routine business payments; no red flags.,1015,31,0.002755,True,,0,"{""suspicious"": false, ""typology"": null, ""rationale"": ""Normal grocery merchant card settlements and routine business payments; no red flags.""}"
full,REAL,xai_grok,grok-4.5,xai,xai,v_terse,0,B-retail_settlement-h-006,benign,,hard,benign:retail_settlement,55319422,0.0,2026-07-15T16:45:17.659708+00:00,68f57dd693ba71ae,2498f4bc5436b2c9efb5fe9d59d6a85778f61187ba7a505ac3c4ee050064756a,False,no_flag,,"Normal grocery chain card settlements inflows with routine small payroll, tax, vendor, rent outflows; no ML indicators.",1022,41,0.002842,True,,0,"{""suspicious"": false, ""typology"": null, ""rationale"": ""Normal grocery chain card settlements inflows with routine small payroll, tax, vendor, rent outflows; no ML indicators.""}"
full,REAL,xai_grok,grok-4.5,xai,xai,v_terse,0,B-retail_settlement-h-007,benign,,hard,benign:retail_settlement,2109241113,0.0,2026-07-15T16:45:18.581726+00:00,be5deb6d23bff876,854b50ecc29663395742830c7880496461aaf77f9bfd189480e77d136da15363,False,no_flag,,"Normal card settlements into verified grocery merchant with routine tax, rent, vendor outflows.",1023,34,0.002795,True,,0,"{""suspicious"": false, ""typology"": null, ""rationale"": ""Normal card settlements into verified grocery merchant with routine tax, rent, vendor outflows.""}"
full,REAL,xai_grok,grok-4.5,xai,xai,v_terse,0,B-retail_settlement-h-008,benign,,hard,benign:retail_settlement,1410823977,0.0,2026-07-15T16:45:22.106000+00:00,345dbba0249b9522,f5c03c65f5485676a680b539d4326a3aa947daf9d3cdef6a4401efb637857ea1,False,no_flag,,Normal grocery merchant card settlements and routine expenses; no ML red flags.,1018,31,0.002762,True,,0,"{""suspicious"": false, ""typology"": null, ""rationale"": ""Normal grocery merchant card settlements and routine expenses; no ML red flags.""}"
full,REAL,xai_grok,grok-4.5,xai,xai,v_terse,0,B-retail_settlement-h-009,benign,,hard,benign:retail_settlement,1536912770,0.0,2026-07-15T16:45:22.593927+00:00,13eb791122e269e5,190e03bd1006b003b97cc35da72fcee287181b6e2c16d3f4dab26e1f1abd2344,False,no_flag,,Normal grocery merchant card settlements and bill payments; minor odd inflows insufficient for escalation.,1016,34,0.002778,True,,0,"{""suspicious"": false, ""typology"": null, ""rationale"": ""Normal grocery merchant card settlements and bill payments; minor odd inflows insufficient for escalation.""}"
full,REAL,xai_grok,grok-4.5,xai,xai,v_terse,0,B-retail_settlement-h-010,benign,,hard,benign:retail_settlement,2075202752,0.0,2026-07-15T16:45:23.224181+00:00,62839c9280571c90,71a166ef898de253d9552cab3577459f10ebc11e9904ad0969d77410f48fd632,False,no_flag,,Normal card settlements into verified grocery merchant with routine small vendor/utility payments; no laundering indicators.,1018,37,0.002804,True,,0,"{""suspicious"": false, ""typology"": null, ""rationale"": ""Normal card settlements into verified grocery merchant with routine small vendor/utility payments; no laundering indicators.""}"
full,REAL,xai_grok,grok-4.5,xai,xai,v_terse,0,B-retail_settlement-m-000,benign,,medium,benign:retail_settlement,1545163678,0.0,2026-07-15T16:45:23.447720+00:00,5913f0b0642d90c4,ed499ea366fd58abc59dfc92e03f3e3e86f5c4cae86b580f2526eec62791b64b,False,no_flag,,Normal card settlements to verified grocery merchant plus routine small payroll and vendor payments; no ML indicators.,856,36,0.002392,True,,0,"{""suspicious"": false, ""typology"": null, ""rationale"": ""Normal card settlements to verified grocery merchant plus routine small payroll and vendor payments; no ML indicators.""}"
full,REAL,xai_grok,grok-4.5,xai,xai,v_terse,0,B-retail_settlement-m-002,benign,,medium,benign:retail_settlement,898626492,0.0,2026-07-15T16:45:25.808081+00:00,55a05ced8ecef7c5,f9334a257e72f95639c913bbb26f2ca334b5c3bb52bfc33ee99fb043a2328ff7,False,no_flag,,"Normal grocery chain card settlements with routine small rent, utility, tax and payroll flows; no ML indicators.",851,38,0.002394,True,,0,"{""suspicious"": false, ""typology"": null, ""rationale"": ""Normal grocery chain card settlements with routine small rent, utility, tax and payroll flows; no ML indicators.""}"
full,REAL,xai_grok,grok-4.5,xai,xai,v_terse,0,B-retail_settlement-m-001,benign,,medium,benign:retail_settlement,1810876298,0.0,2026-07-15T16:45:25.856470+00:00,9ae849b3b5ccee6f,5421e0ae65d91406cc4422191fa5819bf48fc5e1c03e6e546f66f0baede3c20f,False,no_flag,,Normal card settlements into verified grocery chain with routine small payroll and refunds; no ML indicators.,851,36,0.00238,True,,0,"{""suspicious"": false, ""typology"": null, ""rationale"": ""Normal card settlements into verified grocery chain with routine small payroll and refunds; no ML indicators.""}"
full,REAL,xai_grok,grok-4.5,xai,xai,v_terse,0,B-retail_settlement-m-003,benign,,medium,benign:retail_settlement,23906186,0.0,2026-07-15T16:45:27.607709+00:00,940154b16b041eef,4a8659180a74638c7863257f8e571293d6a9266e7b808b712e4680120d9f5da4,False,no_flag,,Normal card settlements and routine business outflows for verified US grocery chain; no ML red flags.,849,36,0.002375,True,,0,"{""suspicious"": false, ""typology"": null, ""rationale"": ""Normal card settlements and routine business outflows for verified US grocery chain; no ML red flags.""}"
full,REAL,xai_grok,grok-4.5,xai,xai,v_terse,0,B-retail_settlement-m-006,benign,,medium,benign:retail_settlement,817202860,0.0,2026-07-15T16:45:30.448010+00:00,9ac9efc35e446ccc,9fdcab01aac6cde86590138f4a142c8900de8e1c85a2c2b3b11529cb00860630,False,no_flag,,"Normal grocery chain card settlements, tax/rent payments and vendor invoice; no laundering indicators.",856,36,0.002392,True,,0,"{""suspicious"": false, ""typology"": null, ""rationale"": ""Normal grocery chain card settlements, tax/rent payments and vendor invoice; no laundering indicators.""}"
full,REAL,xai_grok,grok-4.5,xai,xai,v_terse,0,B-retail_settlement-m-004,benign,,medium,benign:retail_settlement,1357396071,0.0,2026-07-15T16:45:30.541210+00:00,d3c27dca3e8a724b,2f126770416e038bd5617725e2826ecfae1dd1f5991cf3a26dcc31f9ca15acb0,False,no_flag,,Verified grocery merchant receiving normal card settlements and tax flows; no layering or anomalous patterns.,854,35,0.00238,True,,0,"{""suspicious"": false, ""typology"": null, ""rationale"": ""Verified grocery merchant receiving normal card settlements and tax flows; no layering or anomalous patterns.""}"
full,REAL,xai_grok,grok-4.5,xai,xai,v_terse,0,B-retail_settlement-m-005,benign,,medium,benign:retail_settlement,448088491,0.0,2026-07-15T16:45:31.159981+00:00,ed8571526e6053d8,01de1c21a1f7026168574b6f4a06ddb50b399952a843328ad712b76f0516111c,False,no_flag,,Normal grocery chain card settlements and minor legitimate flows; no ML red flags.,854,32,0.002359,True,,0,"{""suspicious"": false, ""typology"": null, ""rationale"": ""Normal grocery chain card settlements and minor legitimate flows; no ML red flags.""}"
full,REAL,xai_grok,grok-4.5,xai,xai,v_terse,0,B-retail_settlement-m-008,benign,,medium,benign:retail_settlement,1706457687,0.0,2026-07-15T16:45:34.501301+00:00,294c8fd85a1dca67,a80bebc61a637d755622668548471c7415656a6a48ae62962982b7fd002916f9,False,no_flag,,Normal card settlements to verified US grocery chain with routine small rent/payroll/tax flows; no ML indicators.,854,39,0.002408,True,,0,"{""suspicious"": false, ""typology"": null, ""rationale"": ""Normal card settlements to verified US grocery chain with routine small rent/payroll/tax flows; no ML indicators.""}"
full,REAL,xai_grok,grok-4.5,xai,xai,v_terse,0,B-retail_settlement-m-007,benign,,medium,benign:retail_settlement,50155620,0.0,2026-07-15T16:45:34.820493+00:00,76ede29245bbe097,571198c70bfcea36450555c7ac89539c61f2a0dddaefa3eee965c1bf58dc3cc3,False,no_flag,,Normal card settlements and routine business outflows for verified US grocery chain; no ML indicators.,858,35,0.00239,True,,0,"{""suspicious"": false, ""typology"": null, ""rationale"": ""Normal card settlements and routine business outflows for verified US grocery chain; no ML indicators.""}"
full,REAL,xai_grok,grok-4.5,xai,xai,v_terse,0,B-retail_settlement-m-010,benign,,medium,benign:retail_settlement,1736044062,0.0,2026-07-15T16:45:36.543043+00:00,16c5e38fd21a0e00,9f958825c27d60fd718fe411c791de833e4fd0655a17b483d941edde398aec7f,False,no_flag,,"Normal card settlements into verified grocery chain with routine small tax, payroll and vendor outflows; no ML indicators.",856,39,0.002413,True,,0,"{""suspicious"": false, ""typology"": null, ""rationale"": ""Normal card settlements into verified grocery chain with routine small tax, payroll and vendor outflows; no ML indicators.""}"
full,REAL,xai_grok,grok-4.5,xai,xai,v_terse,0,B-retail_settlement-m-009,benign,,medium,benign:retail_settlement,289467675,0.0,2026-07-15T16:45:36.582082+00:00,9d5c31c0f605b9ad,471edd4db8fde94a0a06750ad188a3caf9c6742ba85f181d300bd31963c8791a,False,no_flag,,Normal card settlements and routine bill payments for verified grocery chain; no ML indicators.,851,33,0.002358,True,,0,"{""suspicious"": false, ""typology"": null, ""rationale"": ""Normal card settlements and routine bill payments for verified grocery chain; no ML indicators.""}"
full,REAL,xai_grok,grok-4.5,xai,xai,v_terse,0,B-retail_settlement-m-011,benign,,medium,benign:retail_settlement,1648861358,0.0,2026-07-15T16:45:37.579545+00:00,ec5a7e50e95667e1,321bc03dd86540a0d23421d0dfeb3e70dd9ff3e9d8c16f45b658b05072694e6c,False,no_flag,,Normal merchant card settlements and routine business inflows/outflows for grocery chain; no ML indicators.,851,37,0.002387,True,,0,"{""suspicious"": false, ""typology"": null, ""rationale"": ""Normal merchant card settlements and routine business inflows/outflows for grocery chain; no ML indicators.""}"
full,REAL,xai_grok,grok-4.5,xai,xai,v_terse,0,B-retail_settlement-m-012,benign,,medium,benign:retail_settlement,511118560,0.0,2026-07-15T16:45:39.473394+00:00,3e95582b6b8010ab,44965a066b0443709c17520611cc5496df3962550d1b7421383f494f5b01b4c0,False,no_flag,,Normal card settlements to verified grocery merchant; minor inflows consistent with business ops.,851,33,0.002358,True,,0,"{""suspicious"": false, ""typology"": null, ""rationale"": ""Normal card settlements to verified grocery merchant; minor inflows consistent with business ops.""}"
full,REAL,xai_grok,grok-4.5,xai,xai,v_terse,0,B-retail_settlement-m-013,benign,,medium,benign:retail_settlement,1918725896,0.0,2026-07-15T16:45:39.926254+00:00,472779e100880ec9,20f05c2290996f57d243a24969c45f26a2d380599c0ecc83df2f0e4685d28f51,False,no_flag,,Normal card settlements and routine expenses for verified grocery chain; no ML red flags.,857,33,0.002373,True,,0,"{""suspicious"": false, ""typology"": null, ""rationale"": ""Normal card settlements and routine expenses for verified grocery chain; no ML red flags.""}"
full,REAL,xai_grok,grok-4.5,xai,xai,v_terse,0,B-subscription_billing-e-000,benign,,easy,benign:subscription_billing,1898778944,0.0,2026-07-15T16:45:41.157721+00:00,55a6331134adbb74,527493c0062bc9a59cfa663a933becc60815d1a2b02f534e389c9acb70abbfa8,False,no_flag,,Normal SaaS subscription card payments from verified customers plus routine card settlement and unrelated payroll; no ML indicators.,836,38,0.002356,True,,0,"{""suspicious"": false, ""typology"": null, ""rationale"": ""Normal SaaS subscription card payments from verified customers plus routine card settlement and unrelated payroll; no ML indicators.""}"
full,REAL,xai_grok,grok-4.5,xai,xai,v_terse,0,B-retail_settlement-m-014,benign,,medium,benign:retail_settlement,125314764,0.0,2026-07-15T16:45:41.919517+00:00,d413e6039f246b7f,bc5bcf4ef2cfbd8a54924defd81d0171636996181549ff9bd70e932cf28b7662,False,no_flag,,"Normal grocery chain card settlements and routine vendor/tax payments; no layering, structuring or other red flags.",851,39,0.0024,True,,0,"{""suspicious"": false, ""typology"": null, ""rationale"": ""Normal grocery chain card settlements and routine vendor/tax payments; no layering, structuring or other red flags.""}"
full,REAL,xai_grok,grok-4.5,xai,xai,v_terse,0,B-subscription_billing-e-001,benign,,easy,benign:subscription_billing,319873345,0.0,2026-07-15T16:45:42.639603+00:00,87326d457288d3c4,ebaa3b2fe6ba0cf2b164f2818116e9c026b9a54040b8af823df7fb02c30531ad,False,no_flag,,Normal small SaaS subscription card payments; isolated large transfers show no clear laundering pattern.,838,35,0.00234,True,,0,"{""suspicious"": false, ""typology"": null, ""rationale"": ""Normal small SaaS subscription card payments; isolated large transfers show no clear laundering pattern.""}"
full,REAL,xai_grok,grok-4.5,xai,xai,v_terse,0,B-subscription_billing-e-003,benign,,easy,benign:subscription_billing,505537864,0.0,2026-07-15T16:45:44.215344+00:00,52d5b6536fa57b34,d013b30c97e8440b1ea0b2ca4e968cbd01a19adadf417af91eba47a89ea3d019,False,no_flag,,Normal small SaaS subscription card payments plus routine tax flows; no ML red flags.,834,34,0.002323,True,,0,"{""suspicious"": false, ""typology"": null, ""rationale"": ""Normal small SaaS subscription card payments plus routine tax flows; no ML red flags.""}"
full,REAL,xai_grok,grok-4.5,xai,xai,v_terse,0,B-subscription_billing-e-004,benign,,easy,benign:subscription_billing,1791885069,0.0,2026-07-15T16:45:46.357148+00:00,949063534251b073,bb336f4b739a184b28d7e3354a65a33f41744fadc9e7b13f7f63d985abf69240,False,no_flag,,Normal SaaS subscription card payments from verified customers and routine acquirer settlement; no ML indicators.,835,36,0.002339,True,,0,"{""suspicious"": false, ""typology"": null, ""rationale"": ""Normal SaaS subscription card payments from verified customers and routine acquirer settlement; no ML indicators.""}"
full,REAL,xai_grok,grok-4.5,xai,xai,v_terse,0,B-subscription_billing-e-005,benign,,easy,benign:subscription_billing,1908595450,0.0,2026-07-15T16:45:46.971452+00:00,1d6ed6289ecfbcee,641836326489c3ab1c43893eafc4a94a1c2d8778d737acbafae143942a829b4f,False,no_flag,,Normal SaaS subscription payments from verified customers plus routine rent and payroll; no ML indicators.,834,35,0.00233,True,,0,"{""suspicious"": false, ""typology"": null, ""rationale"": ""Normal SaaS subscription payments from verified customers plus routine rent and payroll; no ML indicators.""}"
full,REAL,xai_grok,grok-4.5,xai,xai,v_terse,0,B-subscription_billing-e-006,benign,,easy,benign:subscription_billing,1662176968,0.0,2026-07-15T16:45:47.069491+00:00,d3428fd13f40cf72,85a352813e8da8df1f40fbfe34cfe10da507e76bd49a8c7bf28e128c75a4ec1a,False,no_flag,,Normal small SaaS subscription card payments plus routine tax refund/payment; no ML indicators.,834,35,0.00233,True,,0,"{""suspicious"": false, ""typology"": null, ""rationale"": ""Normal small SaaS subscription card payments plus routine tax refund/payment; no ML indicators.""}"
full,REAL,xai_grok,grok-4.5,xai,xai,v_terse,0,B-subscription_billing-e-002,benign,,easy,benign:subscription_billing,97410845,0.0,2026-07-15T16:45:48.405479+00:00,fe12b14f4cd1a015,6b14c100b3eec4ca701f48bf522e4137f213cb96facee7b95ac47c9c7ab233d7,False,no_flag,,Normal small SaaS card subscriptions; isolated large inflows to persons lack clear ML pattern.,838,35,0.00234,True,,0,"{""suspicious"": false, ""typology"": null, ""rationale"": ""Normal small SaaS card subscriptions; isolated large inflows to persons lack clear ML pattern.""}"
full,REAL,xai_grok,grok-4.5,xai,xai,v_terse,0,B-subscription_billing-e-007,benign,,easy,benign:subscription_billing,190554877,0.0,2026-07-15T16:45:50.127277+00:00,9c7e9e6fb9e99222,bdfb2018a05c2cf36d0945b43e21773a8cd35bd93244578c2fcde764390fd1dc,False,no_flag,,Normal small SaaS subscription payments from verified customers plus routine tax/utility credits; no laundering indicators.,831,38,0.002344,True,,0,"{""suspicious"": false, ""typology"": null, ""rationale"": ""Normal small SaaS subscription payments from verified customers plus routine tax/utility credits; no laundering indicators.""}"
full,REAL,xai_grok,grok-4.5,xai,xai,v_terse,0,B-subscription_billing-e-008,benign,,easy,benign:subscription_billing,401122192,0.0,2026-07-15T16:45:50.398119+00:00,0d1b5a5cc34940d2,879df1bd2a6b54fc84fde3fc12bf7791762e18d762aebe3cbec6d1a93a70e50a,False,no_flag,,Normal SaaS customer card payments and utility bill; no ML indicators.,832,31,0.002297,True,,0,"{""suspicious"": false, ""typology"": null, ""rationale"": ""Normal SaaS customer card payments and utility bill; no ML indicators.""}"
full,REAL,xai_grok,grok-4.5,xai,xai,v_terse,0,B-subscription_billing-e-010,benign,,easy,benign:subscription_billing,1355841288,0.0,2026-07-15T16:45:52.899413+00:00,fd34aa10dbad6f12,70971f8a213a10e43e5faf9757daef965bab926b3ca25cb0df6324a1d0eab54a,False,no_flag,,Normal SaaS subscriptions from verified customers plus routine rent payment; no ML indicators.,834,33,0.002316,True,,0,"{""suspicious"": false, ""typology"": null, ""rationale"": ""Normal SaaS subscriptions from verified customers plus routine rent payment; no ML indicators.""}"
full,REAL,xai_grok,grok-4.5,xai,xai,v_terse,0,B-subscription_billing-e-009,benign,,easy,benign:subscription_billing,1835611511,0.0,2026-07-15T16:45:53.148745+00:00,80ef115bf0269e80,8dd12e5e1f3fe98ac97e3584bb59e255315e932397488fae5ea57f06e28857af,False,no_flag,,Normal SaaS customer card subscriptions and rent payment; isolated settlement shows no laundering pattern.,836,35,0.002335,True,,0,"{""suspicious"": false, ""typology"": null, ""rationale"": ""Normal SaaS customer card subscriptions and rent payment; isolated settlement shows no laundering pattern.""}"
full,REAL,xai_grok,grok-4.5,xai,xai,v_terse,0,B-subscription_billing-e-011,benign,,easy,benign:subscription_billing,1178431704,0.0,2026-07-15T16:45:53.845361+00:00,936c1c7377195e4b,cfb65909d0ace1609c4ed064e8cc94ba3734ac804d905f7cce5d04dbd8d58766,False,no_flag,,Normal small SaaS subscription card payments; unrelated rent/invoice inflows show no layering or mule patterns.,836,39,0.002363,True,,0,"{""suspicious"": false, ""typology"": null, ""rationale"": ""Normal small SaaS subscription card payments; unrelated rent/invoice inflows show no layering or mule patterns.""}"
full,REAL,xai_grok,grok-4.5,xai,xai,v_terse,0,B-subscription_billing-h-001,benign,,hard,benign:subscription_billing,19587080,0.0,2026-07-15T16:45:57.376289+00:00,bd7ac89b89cc1b70,b1ebffc978b354ff44d3e251aa111ff350726e6064221bdd76cd4d4171782824,False,no_flag,,Normal SaaS micro-subscriptions from verified customers plus routine rent/tax outflows; no layering or mule patterns.,1454,41,0.003922,True,,0,"{""suspicious"": false, ""typology"": null, ""rationale"": ""Normal SaaS micro-subscriptions from verified customers plus routine rent/tax outflows; no layering or mule patterns.""}"
full,REAL,xai_grok,grok-4.5,xai,xai,v_terse,0,B-subscription_billing-h-000,benign,,hard,benign:subscription_billing,842552717,0.0,2026-07-15T16:45:58.027592+00:00,3f991c35b8d11fba,d7d72e75cfeb95c95b389033daf0a57804a2281faad1eae4017560a617a22d00,False,no_flag,,Normal SaaS micro-payments from verified customers; ancillary rent/payroll/card flows lack layering or mule patterns.,1457,41,0.003929,True,,0,"{""suspicious"": false, ""typology"": null, ""rationale"": ""Normal SaaS micro-payments from verified customers; ancillary rent/payroll/card flows lack layering or mule patterns.""}"
full,REAL,xai_grok,grok-4.5,xai,xai,v_terse,0,B-subscription_billing-h-002,benign,,hard,benign:subscription_billing,1195973395,0.0,2026-07-15T16:45:58.798936+00:00,8027a4f2102f97d4,b0d2003c6f070dd7de0a4c8ed0389d79a71a83ad354ff7276c7ba0e4b661cdc0,False,no_flag,,"Normal SaaS subscription inflows from verified customers; unrelated personal txns show no layering, structuring or mule patterns.",1455,41,0.003925,True,,0,"{""suspicious"": false, ""typology"": null, ""rationale"": ""Normal SaaS subscription inflows from verified customers; unrelated personal txns show no layering, structuring or mule patterns.""}"
full,REAL,xai_grok,grok-4.5,xai,xai,v_terse,0,B-subscription_billing-h-003,benign,,hard,benign:subscription_billing,537959452,0.0,2026-07-15T16:45:59.192252+00:00,3f12dc768e8d7f98,612d002ced9703ac9becc903e30dcbd59707611ff00730b602d3f96544b527a3,False,no_flag,,Normal SaaS subscription inflows from verified customers; other flows are routine payroll/rent with no laundering indicators.,1452,40,0.00391,True,,0,"{""suspicious"": false, ""typology"": null, ""rationale"": ""Normal SaaS subscription inflows from verified customers; other flows are routine payroll/rent with no laundering indicators.""}"
full,REAL,xai_grok,grok-4.5,xai,xai,v_terse,0,B-subscription_billing-h-004,benign,,hard,benign:subscription_billing,1725491902,0.0,2026-07-15T16:46:01.416239+00:00,5847247ed8f2bcfe,44a5c72af23fe42809bacace0ca20d66a1a2ed8fd5d6b74db73bb7d5752a8972,False,no_flag,,Normal SaaS subscription fees from verified customers plus routine personal payroll/rent/tax flows; no laundering indicators.,1454,40,0.003915,True,,0,"{""suspicious"": false, ""typology"": null, ""rationale"": ""Normal SaaS subscription fees from verified customers plus routine personal payroll/rent/tax flows; no laundering indicators.""}"
full,REAL,xai_grok,grok-4.5,xai,xai,v_terse,0,B-subscription_billing-h-005,benign,,hard,benign:subscription_billing,1464502174,0.0,2026-07-15T16:46:02.650989+00:00,8f501420dcc40530,9ac9b3f6016a4e05ae344df18142394519ea6a64e09b09ef7c20697bd540b2ce,False,no_flag,,Normal SaaS micro-subscriptions from verified customers plus routine personal tax/payroll/rent flows; no laundering indicators.,1457,41,0.003929,True,,0,"{""suspicious"": false, ""typology"": null, ""rationale"": ""Normal SaaS micro-subscriptions from verified customers plus routine personal tax/payroll/rent flows; no laundering indicators.""}"
full,REAL,xai_grok,grok-4.5,xai,xai,v_terse,0,B-subscription_billing-h-006,benign,,hard,benign:subscription_billing,1251145442,0.0,2026-07-15T16:46:03.000109+00:00,805d0d160b21cf5d,47a2d6f1fa8ddff5fbb53367bb1f632ec06698bb146b4c1964086e2f234f9495,False,no_flag,,"Normal SaaS subscription fees from verified customers plus routine payroll, tax, and settlement flows; no ML indicators.",1453,39,0.003906,True,,0,"{""suspicious"": false, ""typology"": null, ""rationale"": ""Normal SaaS subscription fees from verified customers plus routine payroll, tax, and settlement flows; no ML indicators.""}"
full,REAL,xai_grok,grok-4.5,xai,xai,v_terse,0,B-subscription_billing-h-008,benign,,hard,benign:subscription_billing,1318349304,0.0,2026-07-15T16:46:04.532982+00:00,359d8bb6b4fd166a,13a36cc64a7485f616fdfeef6aeba2c7b180068569c3803f32a7fd2a9ed9d9fb,False,no_flag,,Normal SaaS subscription payments from verified customers; other transfers are routine personal expenses.,1455,33,0.003868,True,,0,"{""suspicious"": false, ""typology"": null, ""rationale"": ""Normal SaaS subscription payments from verified customers; other transfers are routine personal expenses.""}"
full,REAL,xai_grok,grok-4.5,xai,xai,v_terse,0,B-subscription_billing-h-007,benign,,hard,benign:subscription_billing,1686413691,0.0,2026-07-15T16:46:05.262529+00:00,68dbe282f73dd4ef,9996689ebb73b6a93fdea0cc0e35336514ef8a46194e787b1611203732f09b91,False,no_flag,,"Normal SaaS subscription payments from verified customers; other transfers are routine payroll, tax, and card settlements with no laundering indicators.",1452,43,0.003931,True,,0,"{""suspicious"": false, ""typology"": null, ""rationale"": ""Normal SaaS subscription payments from verified customers; other transfers are routine payroll, tax, and card settlements with no laundering indicators.""}"
full,REAL,xai_grok,grok-4.5,xai,xai,v_terse,0,B-subscription_billing-h-010,benign,,hard,benign:subscription_billing,27894513,0.0,2026-07-15T16:46:07.803430+00:00,82e057654c24fc4e,670bcda5e33c58872083d82af3fd708f44f025f828d463aa0585399fe02b3e6d,False,no_flag,,"Normal SaaS subscription fees from verified customers plus routine payroll, tax, and invoice flows; no ML indicators.",1457,39,0.003915,True,,0,"{""suspicious"": false, ""typology"": null, ""rationale"": ""Normal SaaS subscription fees from verified customers plus routine payroll, tax, and invoice flows; no ML indicators.""}"
full,REAL,xai_grok,grok-4.5,xai,xai,v_terse,0,B-subscription_billing-h-009,benign,,hard,benign:subscription_billing,1499203408,0.0,2026-07-15T16:46:08.185444+00:00,bddbfedddbb0090b,6a8d3a45a8a3a9ccce82945fd23279f01b60579e2ab317fc96812ab7dcf10f83,False,no_flag,,"Normal SaaS subscription payments from verified customers plus routine payroll, rent, tax and utility flows; no laundering indicators.",1448,41,0.003907,True,,0,"{""suspicious"": false, ""typology"": null, ""rationale"": ""Normal SaaS subscription payments from verified customers plus routine payroll, rent, tax and utility flows; no laundering indicators.""}"
full,REAL,xai_grok,grok-4.5,xai,xai,v_terse,0,B-subscription_billing-m-001,benign,,medium,benign:subscription_billing,435414545,0.0,2026-07-15T16:46:08.494683+00:00,4eff52b55319e45f,6c9de53c3d9289553ccde974428e72addeed22b2ce335a016d577692b112ce7d,False,no_flag,,Normal SaaS subscription payments from verified customers plus routine personal bills; no laundering indicators.,1119,35,0.003043,True,,0,"{""suspicious"": false, ""typology"": null, ""rationale"": ""Normal SaaS subscription payments from verified customers plus routine personal bills; no laundering indicators.""}"
full,REAL,xai_grok,grok-4.5,xai,xai,v_terse,0,B-subscription_billing-m-000,benign,,medium,benign:subscription_billing,1447247800,0.0,2026-07-15T16:46:08.617755+00:00,9c1dddfdd149f3ea,24ba5eb705f60362814ae9a839125bc668bf66261ea822612a3a72ee6cb7cd8a,False,no_flag,,Normal SaaS subscription payments from verified customers; other transfers are routine personal refunds/expenses.,1119,36,0.00305,True,,0,"{""suspicious"": false, ""typology"": null, ""rationale"": ""Normal SaaS subscription payments from verified customers; other transfers are routine personal refunds/expenses.""}"
full,REAL,xai_grok,grok-4.5,xai,xai,v_terse,0,B-subscription_billing-m-002,benign,,medium,benign:subscription_billing,163558639,0.0,2026-07-15T16:46:11.644949+00:00,abc1ad16dd1db2cc,f25ba7380186c2034e597623df1043bd9acadf18657f8a5b1628b83b45b3b608,False,no_flag,,Normal SaaS subscription card payments from verified customers plus routine personal tax/utility/payroll transfers; no laundering indicators.,1122,41,0.003092,True,,0,"{""suspicious"": false, ""typology"": null, ""rationale"": ""Normal SaaS subscription card payments from verified customers plus routine personal tax/utility/payroll transfers; no laundering indicators.""}"
full,REAL,xai_grok,grok-4.5,xai,xai,v_terse,0,B-subscription_billing-m-003,benign,,medium,benign:subscription_billing,1405107556,0.0,2026-07-15T16:46:12.076956+00:00,eee64f1e9f255a2d,4a346c3bc02c7de40aeddf9594cf2d50a8338010011c00d668b3b70abd5b1b21,False,no_flag,,"Normal SaaS subscription payments from verified customers plus routine rent, tax, and payroll activity; no ML indicators.",1121,39,0.003076,True,,0,"{""suspicious"": false, ""typology"": null, ""rationale"": ""Normal SaaS subscription payments from verified customers plus routine rent, tax, and payroll activity; no ML indicators.""}"
full,REAL,xai_grok,grok-4.5,xai,xai,v_terse,0,B-subscription_billing-m-004,benign,,medium,benign:subscription_billing,497204176,0.0,2026-07-15T16:46:12.597524+00:00,f16580b21940c401,6d1320ac6b905f23c07bc1364c6bc0c67512a587b48737e6d05f18fdf5933a55,False,no_flag,,Normal SaaS subscription payments from verified customers plus routine personal bill payments; no ML indicators.,1119,35,0.003043,True,,0,"{""suspicious"": false, ""typology"": null, ""rationale"": ""Normal SaaS subscription payments from verified customers plus routine personal bill payments; no ML indicators.""}"
full,REAL,xai_grok,grok-4.5,xai,xai,v_terse,0,B-subscription_billing-m-005,benign,,medium,benign:subscription_billing,67712382,0.0,2026-07-15T16:46:13.402948+00:00,0634c4713594dabd,e9ceb607e8afc70e0f931d6a541042d55d155daa63f7d4eb39a1c9c03c39a4ea,False,no_flag,,"Normal SaaS subscription fees from verified customers plus routine payroll, rent and tax credits; no laundering indicators.",1121,39,0.003076,True,,0,"{""suspicious"": false, ""typology"": null, ""rationale"": ""Normal SaaS subscription fees from verified customers plus routine payroll, rent and tax credits; no laundering indicators.""}"
full,REAL,xai_grok,grok-4.5,xai,xai,v_terse,0,B-subscription_billing-m-006,benign,,medium,benign:subscription_billing,1335902665,0.0,2026-07-15T16:46:14.940601+00:00,e6e691f89ee9743f,09b93d7b40d5d96c8a520201774929595682edab8b4e2e3313fe9e4a3d30e926,False,no_flag,,Normal SaaS subscription inflows and unrelated personal/business payments; no laundering patterns.,1125,35,0.003057,True,,0,"{""suspicious"": false, ""typology"": null, ""rationale"": ""Normal SaaS subscription inflows and unrelated personal/business payments; no laundering patterns.""}"
full,REAL,xai_grok,grok-4.5,xai,xai,v_terse,0,B-subscription_billing-m-007,benign,,medium,benign:subscription_billing,1045130010,0.0,2026-07-15T16:46:16.429860+00:00,2b22d6dca236abae,3addd27a63706bfe108963f70e6920718add7714a8b3ae13e86900692806395d,False,no_flag,,Normal SaaS subscription inflows from verified customers plus routine business outflows for rent and vendors; no ML indicators.,1127,40,0.003097,True,,0,"{""suspicious"": false, ""typology"": null, ""rationale"": ""Normal SaaS subscription inflows from verified customers plus routine business outflows for rent and vendors; no ML indicators.""}"
full,REAL,xai_grok,grok-4.5,xai,xai,v_terse,0,B-subscription_billing-m-008,benign,,medium,benign:subscription_billing,2040550941,0.0,2026-07-15T16:46:16.792575+00:00,90bea9d6b512e6f7,d469fb4fe87e9eeedc473f87f90292e1e618f116a56053668df4eab65c62b2ea,False,no_flag,,"Normal SaaS subscription fees from verified customers; other transfers are routine rent, tax, utility, and invoice payments with no laundering indicators.",1120,45,0.003115,True,,0,"{""suspicious"": false, ""typology"": null, ""rationale"": ""Normal SaaS subscription fees from verified customers; other transfers are routine rent, tax, utility, and invoice payments with no laundering indicators.""}"
full,REAL,xai_grok,grok-4.5,xai,xai,v_terse,0,B-subscription_billing-m-009,benign,,medium,benign:subscription_billing,171082752,0.0,2026-07-15T16:46:18.077591+00:00,d582b4ea1f03ebb8,d85db74dc0a3d8c5f6564604ccb24c2ad24a91dfbcc55fec7f6b90119c7da704,False,no_flag,,Normal SaaS subscription micro-payments from verified customers plus routine personal rent/payroll activity; no laundering indicators.,1123,40,0.003087,True,,0,"{""suspicious"": false, ""typology"": null, ""rationale"": ""Normal SaaS subscription micro-payments from verified customers plus routine personal rent/payroll activity; no laundering indicators.""}"
full,REAL,xai_grok,grok-4.5,xai,xai,v_terse,0,B-subscription_billing-m-010,benign,,medium,benign:subscription_billing,587085522,0.0,2026-07-15T16:46:18.835886+00:00,290c610910154f71,ff50495bd0464b1d7a44f3ec1c8a0401a7a3c4bb5b43e880beae573b0b43deaa,False,no_flag,,Legitimate small SaaS subscription fees from verified customers plus routine personal bills and refunds; no laundering patterns.,1119,39,0.003071,True,,0,"{""suspicious"": false, ""typology"": null, ""rationale"": ""Legitimate small SaaS subscription fees from verified customers plus routine personal bills and refunds; no laundering patterns.""}"
full,REAL,xai_grok,grok-4.5,xai,xai,v_terse,0,B-subscription_billing-m-011,benign,,medium,benign:subscription_billing,780533023,0.0,2026-07-15T16:46:19.648745+00:00,6a1342ba1bd5be35,c5b19615777de8227147ff4301673f592a768df74f0c0c40a700f7765c17b92e,False,no_flag,,Normal SaaS subscription inflows from verified customers plus routine personal tax/rent/utility activity; no laundering indicators.,1118,41,0.003082,True,,0,"{""suspicious"": false, ""typology"": null, ""rationale"": ""Normal SaaS subscription inflows from verified customers plus routine personal tax/rent/utility activity; no laundering indicators.""}"
full,REAL,xai_grok,grok-4.5,xai,xai,v_terse,0,B-subscription_billing-m-012,benign,,medium,benign:subscription_billing,1875885373,0.0,2026-07-15T16:46:21.822337+00:00,6004ec266c47bcef,c8db5d6c1f23b9104937ffc6c12204a2faed6f35030d354bfbdd1f5970a1039f,False,no_flag,,Normal SaaS subscription payments from verified customers plus routine personal bills and refunds; no laundering indicators.,1123,38,0.003074,True,,0,"{""suspicious"": false, ""typology"": null, ""rationale"": ""Normal SaaS subscription payments from verified customers plus routine personal bills and refunds; no laundering indicators.""}"
full,REAL,xai_grok,grok-4.5,xai,xai,v_terse,0,B-subscription_billing-m-013,benign,,medium,benign:subscription_billing,1261648164,0.0,2026-07-15T16:46:22.820872+00:00,0b0f005b42fcfa2c,a266b81b0d1d5f823d643d93555d7bfe7b065d7da2bc7d43193ab7159b191e21,False,no_flag,,Normal SaaS subscription payments from verified customers; other transfers are routine personal inflows/outflows with no laundering indicators.,1121,42,0.003097,True,,0,"{""suspicious"": false, ""typology"": null, ""rationale"": ""Normal SaaS subscription payments from verified customers; other transfers are routine personal inflows/outflows with no laundering indicators.""}"
full,REAL,xai_grok,grok-4.5,xai,xai,v_terse,0,B-treasury_sweep-e-000,benign,,easy,benign:treasury_sweep,748377051,0.0,2026-07-15T16:46:23.000253+00:00,40d2be7fa4383cca,e3dbf045f901ed1ac396b64e49b6d9c4ad325cb2cda564b6b64737797e1d13d5,False,no_flag,,Normal intra-group treasury consolidations from verified subsidiaries plus routine tax refund and card settlement; no ML indicators.,703,39,0.002031,True,,0,"{""suspicious"": false, ""typology"": null, ""rationale"": ""Normal intra-group treasury consolidations from verified subsidiaries plus routine tax refund and card settlement; no ML indicators.""}"
full,REAL,xai_grok,grok-4.5,xai,xai,v_terse,0,B-treasury_sweep-e-001,benign,,easy,benign:treasury_sweep,700281896,0.0,2026-07-15T16:46:23.622631+00:00,9b925206d909d0ee,ed2dedab4305672da901159b4f25d1b550ff6a5c75fc0473475f18adef7eb497,False,no_flag,,"Internal same-parent consolidations to HQ treasury plus routine payroll/rent; verified KYC, no ML indicators.",703,40,0.002037,True,,0,"{""suspicious"": false, ""typology"": null, ""rationale"": ""Internal same-parent consolidations to HQ treasury plus routine payroll/rent; verified KYC, no ML indicators.""}"
full,REAL,xai_grok,grok-4.5,xai,xai,v_terse,0,B-treasury_sweep-e-002,benign,,easy,benign:treasury_sweep,1985117547,0.0,2026-07-15T16:46:23.746121+00:00,c6cedaa5b245c069,6852dd7161d70f4952810bc82be37fe66dba750fe58789e6a4963ecaca8fee26,False,no_flag,,Normal month-end intercompany book transfers from verified same-parent subsidiaries to HQ treasury; minor vendor/payroll inflows.,704,42,0.002054,True,,0,"{""suspicious"": false, ""typology"": null, ""rationale"": ""Normal month-end intercompany book transfers from verified same-parent subsidiaries to HQ treasury; minor vendor/payroll inflows.""}"
full,REAL,xai_grok,grok-4.5,xai,xai,v_terse,0,B-treasury_sweep-e-003,benign,,easy,benign:treasury_sweep,1710988898,0.0,2026-07-15T16:46:25.366658+00:00,84815ef640c80f10,cd6639509df8c147173983f83da1697752f5d84c1f80042a33854a79df67a599,False,no_flag,,Internal book transfers from verified same-parent subsidiaries to HQ treasury; normal corporate cash concentration with minor vendor/tax activity.,703,41,0.002044,True,,0,"{""suspicious"": false, ""typology"": null, ""rationale"": ""Internal book transfers from verified same-parent subsidiaries to HQ treasury; normal corporate cash concentration with minor vendor/tax activity.""}"
full,REAL,xai_grok,grok-4.5,xai,xai,v_terse,0,B-treasury_sweep-e-004,benign,,easy,benign:treasury_sweep,1536421639,0.0,2026-07-15T16:46:27.074467+00:00,af075982393b6c37,9f13aeec81603c7879874f31e43edceaf69b85c2e937e4359d07bb7e277e88e9,False,no_flag,,"Normal intercompany cash pooling to verified HQ treasury; minor utility payments; same-parent group, no ML indicators.",701,40,0.002033,True,,0,"{""suspicious"": false, ""typology"": null, ""rationale"": ""Normal intercompany cash pooling to verified HQ treasury; minor utility payments; same-parent group, no ML indicators.""}"
full,REAL,xai_grok,grok-4.5,xai,xai,v_terse,0,B-treasury_sweep-e-005,benign,,easy,benign:treasury_sweep,14037483,0.0,2026-07-15T16:46:27.204868+00:00,ea0f7bd616147095,cdfee841b6d2f22402e1e5c6601cefaddd71a2fc9c87fe4d54552e0dddb425ed,False,no_flag,,Normal intra-group book transfers to treasury on quarter-end plus routine tax and vendor payments; verified same-parent entities.,704,42,0.002054,True,,0,"{""suspicious"": false, ""typology"": null, ""rationale"": ""Normal intra-group book transfers to treasury on quarter-end plus routine tax and vendor payments; verified same-parent entities.""}"
full,REAL,xai_grok,grok-4.5,xai,xai,v_terse,0,B-treasury_sweep-e-006,benign,,easy,benign:treasury_sweep,2118697362,0.0,2026-07-15T16:46:28.853859+00:00,53baa3fc1fe569ae,3d7578f47e793b3e76abe36fbf189a3e604f936daf7f7fda86dff49502729c81,False,no_flag,,Normal intra-group treasury consolidations from verified subsidiaries; minor utility and card payments consistent with corporate activity.,703,38,0.002024,True,,0,"{""suspicious"": false, ""typology"": null, ""rationale"": ""Normal intra-group treasury consolidations from verified subsidiaries; minor utility and card payments consistent with corporate activity.""}"
full,REAL,xai_grok,grok-4.5,xai,xai,v_terse,0,B-treasury_sweep-e-007,benign,,easy,benign:treasury_sweep,1394565482,0.0,2026-07-15T16:46:29.062098+00:00,7d8358d768bae036,b22fa2deeba30dd8df3bdc2fa13e1fdfcc0f3389830047736b7e8a6f633c4631,False,no_flag,,Normal same-parent cash concentration to treasury; minor later payroll and vendor inflows consistent with operations.,705,37,0.002021,True,,0,"{""suspicious"": false, ""typology"": null, ""rationale"": ""Normal same-parent cash concentration to treasury; minor later payroll and vendor inflows consistent with operations.""}"
full,REAL,xai_grok,grok-4.5,xai,xai,v_terse,0,B-treasury_sweep-e-009,benign,,easy,benign:treasury_sweep,885346008,0.0,2026-07-15T16:46:30.471225+00:00,f7344d2634ae25d9,f5e914b4d3d36ba8b9fb2a1d088391d6a25dbf6dce1556e8fcd9a38ccafb275c,False,no_flag,,"Normal same-parent cash concentration and ops; verified entities, no layering or red flags.",703,36,0.00201,True,,0,"{""suspicious"": false, ""typology"": null, ""rationale"": ""Normal same-parent cash concentration and ops; verified entities, no layering or red flags.""}"
full,REAL,xai_grok,grok-4.5,xai,xai,v_terse,0,B-treasury_sweep-e-008,benign,,easy,benign:treasury_sweep,1806966211,0.0,2026-07-15T16:46:31.184434+00:00,281f06b07002f035,4defce296de2879aa3d844d780f1a79064dd60f7febab2a4dfadb05e704e9924,False,no_flag,,Normal same-group treasury sweeps and routine tax/rent payments; no ML indicators.,703,34,0.001995,True,,0,"{""suspicious"": false, ""typology"": null, ""rationale"": ""Normal same-group treasury sweeps and routine tax/rent payments; no ML indicators.""}"
full,REAL,xai_grok,grok-4.5,xai,xai,v_terse,0,B-treasury_sweep-e-010,benign,,easy,benign:treasury_sweep,288275020,0.0,2026-07-15T16:46:32.564684+00:00,2c479a7e9a9498be,a9cc9f06c007e28ac1abd38d9da679fc4da89903d18d0a8871c78899b9783831,False,no_flag,,Normal intra-group treasury consolidations and tax/card settlements among verified same-parent entities; no ML indicators.,704,40,0.00204,True,,0,"{""suspicious"": false, ""typology"": null, ""rationale"": ""Normal intra-group treasury consolidations and tax/card settlements among verified same-parent entities; no ML indicators.""}"
full,REAL,xai_grok,grok-4.5,xai,xai,v_terse,0,B-treasury_sweep-e-011,benign,,easy,benign:treasury_sweep,530981988,0.0,2026-07-15T16:46:33.992957+00:00,ae3a4b873f162c5e,7110d6dead47d769abbec0e5df8a4d9f45c5f3f4defc3bf01c82d45121f70b7b,False,no_flag,,"Internal same-parent group consolidations to treasury plus routine payroll; verified KYC, no layering or third-party indicators.",702,43,0.002056,True,,0,"{""suspicious"": false, ""typology"": null, ""rationale"": ""Internal same-parent group consolidations to treasury plus routine payroll; verified KYC, no layering or third-party indicators.""}"
full,REAL,xai_grok,grok-4.5,xai,xai,v_terse,0,B-treasury_sweep-h-001,benign,,hard,benign:treasury_sweep,907112276,0.0,2026-07-15T16:46:36.042598+00:00,e25ff7962598a900,b80ad90b525fa7edeb7617ebb5ca26ef1d1a84d29baca49a890fd4b7dfd00fd4,False,no_flag,,Normal corporate treasury consolidations from verified same-parent subs plus routine card/rent/tax/invoice flows; no ML red flags.,999,44,0.002806,True,,0,"{""suspicious"": false, ""typology"": null, ""rationale"": ""Normal corporate treasury consolidations from verified same-parent subs plus routine card/rent/tax/invoice flows; no ML red flags.""}"
full,REAL,xai_grok,grok-4.5,xai,xai,v_terse,0,B-treasury_sweep-h-000,benign,,hard,benign:treasury_sweep,2045521926,0.0,2026-07-15T16:46:36.266310+00:00,d023f4990bacb2fc,7aa2d4d2f7478a1eaac8937c6b264077a82466e179fd8c5afa30b5a51c99a8e1,False,no_flag,,Normal verified same-group subsidiary operational flows and month-end book sweeps to HQ treasury.,993,35,0.002727,True,,0,"{""suspicious"": false, ""typology"": null, ""rationale"": ""Normal verified same-group subsidiary operational flows and month-end book sweeps to HQ treasury.""}"
full,REAL,xai_grok,grok-4.5,xai,xai,v_terse,0,B-treasury_sweep-h-002,benign,,hard,benign:treasury_sweep,2114838797,0.0,2026-07-15T16:46:37.610163+00:00,2543669df4fde8f9,4583f0eb4b01c34874a1ef1449031f8d2ca92796281a70a4540da884eb6e46d8,False,no_flag,,Normal corporate treasury sweeps and routine business payments among verified same-parent entities.,986,32,0.002689,True,,0,"{""suspicious"": false, ""typology"": null, ""rationale"": ""Normal corporate treasury sweeps and routine business payments among verified same-parent entities.""}"
full,REAL,xai_grok,grok-4.5,xai,xai,v_terse,0,B-treasury_sweep-h-003,benign,,hard,benign:treasury_sweep,993029709,0.0,2026-07-15T16:46:37.759278+00:00,5ad74c66da5da383,6c11be564b72f1ffb1d21411cd052ce863348f67a4afd58f6fb004671594885e,False,no_flag,,"Normal intra-group consolidations and routine business payments to tax, payroll, rent, card entities; all verified same-parent accounts.",990,44,0.002783,True,,0,"{""suspicious"": false, ""typology"": null, ""rationale"": ""Normal intra-group consolidations and routine business payments to tax, payroll, rent, card entities; all verified same-parent accounts.""}"
full,REAL,xai_grok,grok-4.5,xai,xai,v_terse,0,B-treasury_sweep-h-004,benign,,hard,benign:treasury_sweep,1106838377,0.0,2026-07-15T16:46:38.864433+00:00,be0b71151bad544b,0fd550624ba50cb4fa2d87a0345c8f29c1ee3f64aba938ca49a0e5f9e8010778,False,no_flag,,Normal intra-group treasury sweeps and routine business payments among verified related entities; no ML indicators.,1002,36,0.002757,True,,0,"{""suspicious"": false, ""typology"": null, ""rationale"": ""Normal intra-group treasury sweeps and routine business payments among verified related entities; no ML indicators.""}"
full,REAL,xai_grok,grok-4.5,xai,xai,v_terse,0,B-treasury_sweep-h-005,benign,,hard,benign:treasury_sweep,2109971327,0.0,2026-07-15T16:46:39.262802+00:00,5cac6fa18c638a6b,37dfe024a8af3fde906c8ea3d95019fc7a390a7aa3a271249398c80e49ca86a0,False,no_flag,,Normal corporate cash sweeps from verified same-parent subsidiaries to HQ treasury plus routine operational payments; no ML indicators.,991,39,0.00275,True,,0,"{""suspicious"": false, ""typology"": null, ""rationale"": ""Normal corporate cash sweeps from verified same-parent subsidiaries to HQ treasury plus routine operational payments; no ML indicators.""}"
full,REAL,xai_grok,grok-4.5,xai,xai,v_terse,0,B-treasury_sweep-h-006,benign,,hard,benign:treasury_sweep,2055604306,0.0,2026-07-15T16:46:41.051606+00:00,6958b9fc333dc1cc,6350bc11dbc11567786a286fce3cadc086da7a372b379261d5efa0a7f74f89d4,False,no_flag,,"Normal intra-group treasury consolidation of verified subsidiaries with routine inflows from tax, payroll, vendors and cards.",997,39,0.002765,True,,0,"{""suspicious"": false, ""typology"": null, ""rationale"": ""Normal intra-group treasury consolidation of verified subsidiaries with routine inflows from tax, payroll, vendors and cards.""}"
full,REAL,xai_grok,grok-4.5,xai,xai,v_terse,0,B-treasury_sweep-h-007,benign,,hard,benign:treasury_sweep,842163482,0.0,2026-07-15T16:46:41.577618+00:00,be0c726218382e8b,1fa8c55a45419dcddf2c4493417192e231782256a628fc1f4a7e5e0418590aa3,False,no_flag,,Normal intra-group treasury consolidations and routine operational payments to legitimate counterparties; no ML indicators.,988,37,0.002729,True,,0,"{""suspicious"": false, ""typology"": null, ""rationale"": ""Normal intra-group treasury consolidations and routine operational payments to legitimate counterparties; no ML indicators.""}"
full,REAL,xai_grok,grok-4.5,xai,xai,v_terse,0,B-treasury_sweep-h-009,benign,,hard,benign:treasury_sweep,925146163,0.0,2026-07-15T16:46:43.252092+00:00,3fab4338033ab167,5223c05da9be606bffd798fbd5156b645aaffc6d52bb7a3928e102939fc327f6,False,no_flag,,"Normal corporate treasury flows, tax/payroll/card settlements and book transfers within verified same-parent group.",991,38,0.002743,True,,0,"{""suspicious"": false, ""typology"": null, ""rationale"": ""Normal corporate treasury flows, tax/payroll/card settlements and book transfers within verified same-parent group.""}"
full,REAL,xai_grok,grok-4.5,xai,xai,v_terse,0,B-treasury_sweep-h-008,benign,,hard,benign:treasury_sweep,908031920,0.0,2026-07-15T16:46:44.638356+00:00,439fb198260d06a6,7db6278ff42985ecab78bb9a7a5db37cd095923d3696aa086389a443da555431,False,no_flag,,"Normal corporate treasury consolidation from verified same-parent subs plus routine payroll, rent, utility and vendor payments; no ML indicators.",991,42,0.002771,True,,0,"{""suspicious"": false, ""typology"": null, ""rationale"": ""Normal corporate treasury consolidation from verified same-parent subs plus routine payroll, rent, utility and vendor payments; no ML indicators.""}"
full,REAL,xai_grok,grok-4.5,xai,xai,v_terse,0,B-treasury_sweep-h-010,benign,,hard,benign:treasury_sweep,457433240,0.0,2026-07-15T16:46:45.143304+00:00,8f549bbb71b9904b,4c294654bd7bd93bbbe8090b6358b18485c754792fac03a4e0b17f0582bdc20c,False,no_flag,,Normal intra-group treasury consolidation and routine tax/utility/vendor payments among verified same-parent entities; no ML indicators.,988,42,0.002764,True,,0,"{""suspicious"": false, ""typology"": null, ""rationale"": ""Normal intra-group treasury consolidation and routine tax/utility/vendor payments among verified same-parent entities; no ML indicators.""}"
full,REAL,xai_grok,grok-4.5,xai,xai,v_terse,0,B-treasury_sweep-m-000,benign,,medium,benign:treasury_sweep,1925556464,0.0,2026-07-15T16:46:45.582427+00:00,1dbc9e2d03b1dc70,fc8e2ce34cdbc8d7cefba91e7a889d74096bb7d5b98c93ea6be5dbf4e7ff6229,False,no_flag,,"Normal corporate treasury consolidations, payroll, rent, tax and card settlements among verified same-parent entities.",823,38,0.002324,True,,0,"{""suspicious"": false, ""typology"": null, ""rationale"": ""Normal corporate treasury consolidations, payroll, rent, tax and card settlements among verified same-parent entities.""}"
full,REAL,xai_grok,grok-4.5,xai,xai,v_terse,0,B-treasury_sweep-m-001,benign,,medium,benign:treasury_sweep,1373345852,0.0,2026-07-15T16:46:47.197126+00:00,68ba3b6f3400201e,819459db9baae5f447c47ab3ffa323c94bb640996bc155bab093417faa8b7861,False,no_flag,,"Normal intra-group treasury consolidations and routine payments to tax, payroll, rent, vendor; all verified same-parent entities.",824,43,0.002361,True,,0,"{""suspicious"": false, ""typology"": null, ""rationale"": ""Normal intra-group treasury consolidations and routine payments to tax, payroll, rent, vendor; all verified same-parent entities.""}"
full,REAL,xai_grok,grok-4.5,xai,xai,v_terse,0,B-treasury_sweep-m-002,benign,,medium,benign:treasury_sweep,1213213231,0.0,2026-07-15T16:46:47.702172+00:00,769bf4e828baa11f,ac64692ab2ca891360f6c4e8b058aaa6ac212ab2e082d8e272b2fbec3a72faf8,False,no_flag,,Normal same-parent treasury sweeps and routine payroll/tax/card flows; no laundering indicators.,825,37,0.002322,True,,0,"{""suspicious"": false, ""typology"": null, ""rationale"": ""Normal same-parent treasury sweeps and routine payroll/tax/card flows; no laundering indicators.""}"
full,REAL,xai_grok,grok-4.5,xai,xai,v_terse,0,B-treasury_sweep-m-003,benign,,medium,benign:treasury_sweep,546509017,0.0,2026-07-15T16:46:48.553763+00:00,44084a627e5fe62c,810b2f628615626c81189d164e01ef738c08cfaf4ed536c88b29c3fcc4887f31,False,no_flag,,Normal same-parent cash concentration to treasury plus routine payroll/tax/card flows; no ML indicators.,828,38,0.002336,True,,0,"{""suspicious"": false, ""typology"": null, ""rationale"": ""Normal same-parent cash concentration to treasury plus routine payroll/tax/card flows; no ML indicators.""}"
full,REAL,xai_grok,grok-4.5,xai,xai,v_terse,0,B-treasury_sweep-m-004,benign,,medium,benign:treasury_sweep,907784641,0.0,2026-07-15T16:46:48.882687+00:00,324c96a797bf5931,23797eff4f2f9cbaad619b513ed4319bcfd95ac748eba28175800fa7c6df9d27,False,no_flag,,Normal intra-group treasury sweeps and routine ops payments among verified same-parent entities; no ML indicators.,832,38,0.002346,True,,0,"{""suspicious"": false, ""typology"": null, ""rationale"": ""Normal intra-group treasury sweeps and routine ops payments among verified same-parent entities; no ML indicators.""}"
full,REAL,xai_grok,grok-4.5,xai,xai,v_terse,0,B-treasury_sweep-m-005,benign,,medium,benign:treasury_sweep,161752371,0.0,2026-07-15T16:46:51.764588+00:00,12bca5684bbb1faa,f795455b78f9b597fe2c03fffd79a6944e06b51e2df59691fa1569a46c3c965f,False,no_flag,,"Normal subsidiary-to-HQ book transfers among verified same-parent entities; routine payroll and vendor activity, no ML indicators.",826,42,0.002359,True,,0,"{""suspicious"": false, ""typology"": null, ""rationale"": ""Normal subsidiary-to-HQ book transfers among verified same-parent entities; routine payroll and vendor activity, no ML indicators.""}"
full,REAL,xai_grok,grok-4.5,xai,xai,v_terse,0,B-treasury_sweep-m-006,benign,,medium,benign:treasury_sweep,1679845637,0.0,2026-07-15T16:46:52.094703+00:00,acc34eea7204df40,32baf60cd56f11a0ace956a545df1633f066e6304cd94c7584d300354ab6f667,False,no_flag,,Normal verified corporate group treasury sweeps and routine expense payments; no ML indicators.,827,32,0.002291,True,,0,"{""suspicious"": false, ""typology"": null, ""rationale"": ""Normal verified corporate group treasury sweeps and routine expense payments; no ML indicators.""}"
full,REAL,xai_grok,grok-4.5,xai,xai,v_terse,0,B-treasury_sweep-m-007,benign,,medium,benign:treasury_sweep,1836489990,0.0,2026-07-15T16:46:53.868010+00:00,6388f0af9db3fa4a,c99daa442d1a1d5530e8686268793df3d600305e324458b6c28308fc2af6439c,False,no_flag,,"Normal same-parent corporate treasury consolidations, payroll, card settlements and utility payments; verified KYC, no ML red flags.",825,43,0.002364,True,,0,"{""suspicious"": false, ""typology"": null, ""rationale"": ""Normal same-parent corporate treasury consolidations, payroll, card settlements and utility payments; verified KYC, no ML red flags.""}"
full,REAL,xai_grok,grok-4.5,xai,xai,v_terse,0,B-treasury_sweep-m-008,benign,,medium,benign:treasury_sweep,1934606459,0.0,2026-07-15T16:46:54.163398+00:00,23becc1d2eab504f,37ecd9d1a6afccacff4aa569026e10cee0f75b1608cfede55030b40ddd6b1fa1,False,no_flag,,"Normal same-parent treasury consolidations, rents, tax refund and card settlements; verified entities, no ML red flags.",827,41,0.002354,True,,0,"{""suspicious"": false, ""typology"": null, ""rationale"": ""Normal same-parent treasury consolidations, rents, tax refund and card settlements; verified entities, no ML red flags.""}"
full,REAL,xai_grok,grok-4.5,xai,xai,v_terse,0,B-treasury_sweep-m-009,benign,,medium,benign:treasury_sweep,260244098,0.0,2026-07-15T16:46:55.180065+00:00,3cd83c75fce27152,ec5027f0de4daf35b300819a24c414c1ae0f4d7c25ce84f04f1de48576abc240,False,no_flag,,"Normal verified corporate group book transfers to treasury plus routine tax, rent, payroll and vendor flows.",824,36,0.002312,True,,0,"{""suspicious"": false, ""typology"": null, ""rationale"": ""Normal verified corporate group book transfers to treasury plus routine tax, rent, payroll and vendor flows.""}"
full,REAL,xai_grok,grok-4.5,xai,xai,v_terse,0,B-treasury_sweep-m-010,benign,,medium,benign:treasury_sweep,276522209,0.0,2026-07-15T16:46:56.023030+00:00,ae0f0e8997890567,fc4698b48b1acc044c2dd8e6c97aa51d96ddff144d8312f6192ed49c07347784,False,no_flag,,Normal same-parent treasury sweeps of verified subsidiaries with routine small operational inflows/outflows; no ML indicators.,829,40,0.002352,True,,0,"{""suspicious"": false, ""typology"": null, ""rationale"": ""Normal same-parent treasury sweeps of verified subsidiaries with routine small operational inflows/outflows; no ML indicators.""}"
full,REAL,xai_grok,grok-4.5,xai,xai,v_terse,0,B-treasury_sweep-m-011,benign,,medium,benign:treasury_sweep,387326216,0.0,2026-07-15T16:46:57.181773+00:00,7003ad25102e6d17,192fbfeb2e761bcd0479b95fa96979fd5f10dd60374fdb76dd2822db448f309a,False,no_flag,,"Internal same-parent treasury consolidations and routine card/rent payments; all KYC verified, no red flags.",830,40,0.002355,True,,0,"{""suspicious"": false, ""typology"": null, ""rationale"": ""Internal same-parent treasury consolidations and routine card/rent payments; all KYC verified, no red flags.""}"
full,REAL,xai_grok,grok-4.5,xai,xai,v_terse,0,B-treasury_sweep-m-013,benign,,medium,benign:treasury_sweep,853674240,0.0,2026-07-15T16:46:58.382895+00:00,ed604bcb77526d06,29d8b9683614d74a15bb6c069593cd5124d605dba68c05ab75aaef3f9c21d552,False,no_flag,,Normal verified corporate group treasury consolidations and routine operational payments.,825,29,0.002266,True,,0,"{""suspicious"": false, ""typology"": null, ""rationale"": ""Normal verified corporate group treasury consolidations and routine operational payments.""}"
full,REAL,xai_grok,grok-4.5,xai,xai,v_terse,0,B-treasury_sweep-m-012,benign,,medium,benign:treasury_sweep,1779729105,0.0,2026-07-15T16:46:58.400298+00:00,8e84f8d68ec3acdc,d0a81798924d8f0f0ac16c3528f72776916ab945aa83b82d31be12fa9af1f819,False,no_flag,,"Normal intra-group cash concentration to treasury with routine payroll, tax, utility and vendor payments; all verified same-parent entities.",826,43,0.002366,True,,0,"{""suspicious"": false, ""typology"": null, ""rationale"": ""Normal intra-group cash concentration to treasury with routine payroll, tax, utility and vendor payments; all verified same-parent entities.""}"
full,REAL,xai_grok,grok-4.5,xai,xai,v_terse,0,B-treasury_sweep-m-014,benign,,medium,benign:treasury_sweep,1691907940,0.0,2026-07-15T16:47:00.450593+00:00,4aa3000d9b82a263,9bf5a91f2dedb144c4043dc7536f1c1f577deb339d4f1f5dbfd3bee17f1cac17,False,no_flag,,"Internal same-parent treasury sweeps and routine ops payments; verified KYC, no layering or red flags.",831,39,0.002351,True,,0,"{""suspicious"": false, ""typology"": null, ""rationale"": ""Internal same-parent treasury sweeps and routine ops payments; verified KYC, no layering or red flags.""}"
full,REAL,xai_grok,grok-4.5,xai,xai,v_terse,0,S-cash_intensive_front-e-000,suspicious,cash_intensive_front,easy,suspicious:cash_intensive_front,1485276288,0.0,2026-07-15T16:47:03.004293+00:00,34305e460e3634a0,f52ece777db232e142a7e059afbd901b66ac63e70330e1cb1e85f872e3846f01,True,flag,cash_intensive_front,Cash deposits ~85k over 3 weeks far exceed declared 15.7k weekly restaurant revenue.,721,43,0.002103,True,,0,"{""suspicious"": true, ""typology"": ""cash_intensive_front"", ""rationale"": ""Cash deposits ~85k over 3 weeks far exceed declared 15.7k weekly restaurant revenue.""}"
full,REAL,xai_grok,grok-4.5,xai,xai,v_terse,0,S-cash_intensive_front-e-002,suspicious,cash_intensive_front,easy,suspicious:cash_intensive_front,958233588,0.0,2026-07-15T16:47:06.878478+00:00,38c2562086e0f357,3f7fa3dd5720e234f64a257faf7c32f7d74e3ca2dea659015edb07bb51b05ada,True,flag,cash_intensive_front,"Multiple large cash deposits far exceed declared weekly revenue for restaurant, suggesting front business.",721,38,0.002069,True,,0,"{""suspicious"": true, ""typology"": ""cash_intensive_front"", ""rationale"": ""Multiple large cash deposits far exceed declared weekly revenue for restaurant, suggesting front business.""}"
full,REAL,xai_grok,grok-4.5,xai,xai,v_terse,0,S-cash_intensive_front-e-003,suspicious,cash_intensive_front,easy,suspicious:cash_intensive_front,184151564,0.0,2026-07-15T16:47:07.335815+00:00,c89d4508353c1dee,644146fa2312044f715280a840e8178570a0f67d2b97946882576d3600427154,True,flag,cash_intensive_front,"Multiple large cash deposits far exceed restaurant's declared weekly revenue, consistent with cash-intensive front.",721,41,0.002089,True,,0,"{""suspicious"": true, ""typology"": ""cash_intensive_front"", ""rationale"": ""Multiple large cash deposits far exceed restaurant's declared weekly revenue, consistent with cash-intensive front.""}"
full,REAL,xai_grok,grok-4.5,xai,xai,v_terse,0,S-cash_intensive_front-e-001,suspicious,cash_intensive_front,easy,suspicious:cash_intensive_front,1240836988,0.0,2026-07-15T16:47:07.951593+00:00,01b7847f16d2be64,972df7dffed8032ee67f23129f9dc4d289c3aede6c61c3c010b8c04bc25b7a26,True,flag,cash_intensive_front,Multiple large cash deposits exceed declared weekly restaurant revenue with minimal outflows.,718,36,0.002047,True,,0,"{""suspicious"": true, ""typology"": ""cash_intensive_front"", ""rationale"": ""Multiple large cash deposits exceed declared weekly restaurant revenue with minimal outflows.""}"
full,REAL,xai_grok,grok-4.5,xai,xai,v_terse,0,S-cash_intensive_front-e-004,suspicious,cash_intensive_front,easy,suspicious:cash_intensive_front,362109207,0.0,2026-07-15T16:47:09.403990+00:00,4074848ee0b4134b,fa347b186022569f97761fda555738bf6cd6d9fa96036a969f77fb0f29709ddb,False,no_flag,,Cash deposits align with restaurant's declared weekly revenue; minimal outflows normal; no structuring or layering indicators.,718,39,0.002068,True,,0,"{""suspicious"": false, ""typology"": null, ""rationale"": ""Cash deposits align with restaurant's declared weekly revenue; minimal outflows normal; no structuring or layering indicators.""}"
full,REAL,xai_grok,grok-4.5,xai,xai,v_terse,0,S-cash_intensive_front-e-005,suspicious,cash_intensive_front,easy,suspicious:cash_intensive_front,773757306,0.0,2026-07-15T16:47:14.564041+00:00,c42aec372ff85943,00750b7118047afcf6eb8e4a388a408811e80f2ace695c818e699ff1d78be6d0,True,flag,cash_intensive_front,Multiple large cash deposits far exceed declared weekly revenue; minimal card activity inconsistent with restaurant.,721,39,0.002076,True,,0,"{""suspicious"": true, ""typology"": ""cash_intensive_front"", ""rationale"": ""Multiple large cash deposits far exceed declared weekly revenue; minimal card activity inconsistent with restaurant.""}"
full,REAL,xai_grok,grok-4.5,xai,xai,v_terse,0,S-cash_intensive_front-e-006,suspicious,cash_intensive_front,easy,suspicious:cash_intensive_front,1253512078,0.0,2026-07-15T16:47:14.963648+00:00,adb135717654c0cf,5660fee3643472ebc48c653f8ec678b3bd7a8cd8e8b35ff5832a33ec8a94615e,True,flag,cash_intensive_front,Cash deposits exceed declared weekly revenue; sparse legitimate outflows for restaurant.,721,36,0.002054,True,,0,"{""suspicious"": true, ""typology"": ""cash_intensive_front"", ""rationale"": ""Cash deposits exceed declared weekly revenue; sparse legitimate outflows for restaurant.""}"
full,REAL,xai_grok,grok-4.5,xai,xai,v_terse,0,S-cash_intensive_front-e-008,suspicious,cash_intensive_front,easy,suspicious:cash_intensive_front,415837141,0.0,2026-07-15T16:47:15.017471+00:00,e7b24ba6ba2ea4d2,b5ac704fc056e07581c429e23c67bef1034f0ff0fb44ef088541a769609df9f7,True,flag,cash_intensive_front,Cash deposits far exceed declared weekly revenue; multiple large till deposits inconsistent with restaurant profile.,719,39,0.002071,True,,0,"{""suspicious"": true, ""typology"": ""cash_intensive_front"", ""rationale"": ""Cash deposits far exceed declared weekly revenue; multiple large till deposits inconsistent with restaurant profile.""}"
full,REAL,xai_grok,grok-4.5,xai,xai,v_terse,0,S-cash_intensive_front-e-007,suspicious,cash_intensive_front,easy,suspicious:cash_intensive_front,132459411,0.0,2026-07-15T16:47:15.496064+00:00,3322f843cefc7d61,118c0593229ab5dbce4dac170d4331ac2e29961d5741fdc7aefbaccb7d165fdd,True,flag,cash_intensive_front,Multiple large cash deposits exceed declared weekly revenue for restaurant; classic cash front pattern.,718,38,0.002061,True,,0,"{""suspicious"": true, ""typology"": ""cash_intensive_front"", ""rationale"": ""Multiple large cash deposits exceed declared weekly revenue for restaurant; classic cash front pattern.""}"
full,REAL,xai_grok,grok-4.5,xai,xai,v_terse,0,S-cash_intensive_front-e-010,suspicious,cash_intensive_front,easy,suspicious:cash_intensive_front,1285329312,0.0,2026-07-15T16:47:20.338127+00:00,ef14aaf8f0b39078,e3458f347045db3c8d9a770a616e8c03403cae378dc3792ddf2835dec6577f65,True,flag,cash_intensive_front,"Multiple large cash deposits far exceed restaurant's declared weekly revenue, indicating possible cash front for laundering.",720,42,0.002094,True,,0,"{""suspicious"": true, ""typology"": ""cash_intensive_front"", ""rationale"": ""Multiple large cash deposits far exceed restaurant's declared weekly revenue, indicating possible cash front for laundering.""}"
full,REAL,xai_grok,grok-4.5,xai,xai,v_terse,0,S-cash_intensive_front-e-009,suspicious,cash_intensive_front,easy,suspicious:cash_intensive_front,840094265,0.0,2026-07-15T16:47:22.348242+00:00,d85f45f5c1735c5e,e2ae7928dfb7aae1f03bee8f83ec31766da3a0789d54759494275352dcae17b7,True,flag,cash_intensive_front,Multiple large cash deposits far exceed restaurant's declared weekly revenue of 14400.,718,38,0.002061,True,,0,"{""suspicious"": true, ""typology"": ""cash_intensive_front"", ""rationale"": ""Multiple large cash deposits far exceed restaurant's declared weekly revenue of 14400.""}"
full,REAL,xai_grok,grok-4.5,xai,xai,v_terse,0,S-cash_intensive_front-h-000,suspicious,cash_intensive_front,hard,suspicious:cash_intensive_front,1446713375,0.0,2026-07-15T16:47:24.046406+00:00,0f4d8a3f7b2163fb,2d3a8befb007ebbf0dcf696a009b7a011a7bf6f9df5077821c79c07b1b262e71,False,no_flag,,"Cash deposits align with declared restaurant revenue; outflows are ordinary business expenses like tax, rent, utilities.",1015,38,0.002804,True,,0,"{""suspicious"": false, ""typology"": null, ""rationale"": ""Cash deposits align with declared restaurant revenue; outflows are ordinary business expenses like tax, rent, utilities.""}"
full,REAL,xai_grok,grok-4.5,xai,xai,v_terse,0,S-cash_intensive_front-e-011,suspicious,cash_intensive_front,easy,suspicious:cash_intensive_front,537795772,0.0,2026-07-15T16:47:24.320950+00:00,5ac3d1090ea1d28c,c295ee36f21d07c082f2debbb86b58773a1e9a6004fbc5d99ec779f931b6225e,False,no_flag,,Cash deposits match declared weekly restaurant revenue; normal rent and vendor payments.,721,31,0.00202,True,,0,"{""suspicious"": false, ""typology"": null, ""rationale"": ""Cash deposits match declared weekly restaurant revenue; normal rent and vendor payments.""}"
full,REAL,xai_grok,grok-4.5,xai,xai,v_terse,0,S-cash_intensive_front-h-003,suspicious,cash_intensive_front,hard,suspicious:cash_intensive_front,1390870282,0.0,2026-07-15T16:47:28.557731+00:00,f989c3458b57da89,c6dbdace296d7c9244cc9438d29552bd1c2e8647842c382f780a3310a57ae76f,False,no_flag,,"Cash deposits align with declared restaurant revenue; outflows are normal expenses like rent, taxes, utilities.",1011,37,0.002786,True,,0,"{""suspicious"": false, ""typology"": null, ""rationale"": ""Cash deposits align with declared restaurant revenue; outflows are normal expenses like rent, taxes, utilities.""}"
full,REAL,xai_grok,grok-4.5,xai,xai,v_terse,0,S-cash_intensive_front-h-002,suspicious,cash_intensive_front,hard,suspicious:cash_intensive_front,434905998,0.0,2026-07-15T16:47:28.645107+00:00,cdf39867b6b796db,e3d7983723d8cd14f6df421298661efeeda672c1b884d153c408f1f207845df2,True,flag,cash_intensive_front,Cash deposits ~19k in 9 days exceed declared weekly revenue of 12.1k for restaurant; multiple tills.,1006,47,0.002844,True,,0,"{""suspicious"": true, ""typology"": ""cash_intensive_front"", ""rationale"": ""Cash deposits ~19k in 9 days exceed declared weekly revenue of 12.1k for restaurant; multiple tills.""}"
full,REAL,xai_grok,grok-4.5,xai,xai,v_terse,0,S-cash_intensive_front-h-001,suspicious,cash_intensive_front,hard,suspicious:cash_intensive_front,2015031487,0.0,2026-07-15T16:47:30.295850+00:00,dc1ef39d1162fc4e,6930d2ce613cd0f6325e6505c4b61753ee637d8a75d96a490d03927760516122,True,flag,cash_intensive_front,Restaurant receives multiple structured cash deposits plus anomalous rent inflows inconsistent with sector; possible front.,1010,40,0.002805,True,,0,"{""suspicious"": true, ""typology"": ""cash_intensive_front"", ""rationale"": ""Restaurant receives multiple structured cash deposits plus anomalous rent inflows inconsistent with sector; possible front.""}"
full,REAL,xai_grok,grok-4.5,xai,xai,v_terse,0,S-cash_intensive_front-h-004,suspicious,cash_intensive_front,hard,suspicious:cash_intensive_front,485255630,0.0,2026-07-15T16:47:30.724390+00:00,189ad9194a503918,342f8879987c30c8ae0d7199e31a7548c4a4e39cfd312db48d8895b292c08c43,False,no_flag,,Normal restaurant cash/card deposits under declared revenue with routine rent/vendor/tax flows.,1016,35,0.002785,True,,0,"{""suspicious"": false, ""typology"": null, ""rationale"": ""Normal restaurant cash/card deposits under declared revenue with routine rent/vendor/tax flows.""}"
full,REAL,xai_grok,grok-4.5,xai,xai,v_terse,0,S-cash_intensive_front-h-005,suspicious,cash_intensive_front,hard,suspicious:cash_intensive_front,1946300509,0.0,2026-07-15T16:47:34.799956+00:00,deb2cd62195e23aa,f299eb5925a28ae34cb8d73947e40ddcc5782fca73a4e613911e91b680fa9fb3,False,no_flag,,Cash deposits and card settlements align with restaurant declared revenue; outflows are normal payroll/rent/tax/utility.,1011,40,0.002807,True,,0,"{""suspicious"": false, ""typology"": null, ""rationale"": ""Cash deposits and card settlements align with restaurant declared revenue; outflows are normal payroll/rent/tax/utility.""}"
full,REAL,xai_grok,grok-4.5,xai,xai,v_terse,0,S-cash_intensive_front-h-006,suspicious,cash_intensive_front,hard,suspicious:cash_intensive_front,1227183776,0.0,2026-07-15T16:47:37.444786+00:00,2fdf48a0f853e81f,0a50d5b49d32776f1a466936983ba524d0cfce2e9b36517fc4b0f7053fc06416,False,no_flag,,Normal restaurant cash deposits under thresholds with legitimate outflows matching declared revenue; no ML indicators.,1007,35,0.002763,True,,0,"{""suspicious"": false, ""typology"": null, ""rationale"": ""Normal restaurant cash deposits under thresholds with legitimate outflows matching declared revenue; no ML indicators.""}"
full,REAL,xai_grok,grok-4.5,xai,xai,v_terse,0,S-cash_intensive_front-h-007,suspicious,cash_intensive_front,hard,suspicious:cash_intensive_front,867413659,0.0,2026-07-15T16:47:39.484648+00:00,f4e712a853fb3c89,23e8198c43467110b027bcc8bd8a01255a152bd72fafacb2bcf4b3a92b964dd9,False,no_flag,,"Cash deposits align with declared restaurant revenue; card settlements, refunds, rent/utilities normal for business.",1007,38,0.002784,True,,0,"{""suspicious"": false, ""typology"": null, ""rationale"": ""Cash deposits align with declared restaurant revenue; card settlements, refunds, rent/utilities normal for business.""}"
full,REAL,xai_grok,grok-4.5,xai,xai,v_terse,0,S-cash_intensive_front-h-008,suspicious,cash_intensive_front,hard,suspicious:cash_intensive_front,207969519,0.0,2026-07-15T16:47:40.750376+00:00,c75d68bda79d5b67,f477bcabf260f0dd6c2cc74aa8543bb19a8afb106672146cd6be2d495c061b2d,True,flag,cash_intensive_front,Restaurant receives multiple cash deposits plus anomalous rent/payroll inflows inconsistent with sector.,1008,38,0.002786,True,,0,"{""suspicious"": true, ""typology"": ""cash_intensive_front"", ""rationale"": ""Restaurant receives multiple cash deposits plus anomalous rent/payroll inflows inconsistent with sector.""}"
full,REAL,xai_grok,grok-4.5,xai,xai,v_terse,0,S-cash_intensive_front-h-010,suspicious,cash_intensive_front,hard,suspicious:cash_intensive_front,551534025,0.0,2026-07-15T16:47:42.478970+00:00,fb38957d866231ec,84dc78f5fe08bcef0b5359a9efc488e06ee7f61ac879def3aa5f44409afc7baf,False,no_flag,,"Normal restaurant cash/card deposits, rent/tax/payroll outflows match declared revenue; no structuring or layering indicators.",1014,42,0.002829,True,,0,"{""suspicious"": false, ""typology"": null, ""rationale"": ""Normal restaurant cash/card deposits, rent/tax/payroll outflows match declared revenue; no structuring or layering indicators.""}"
full,REAL,xai_grok,grok-4.5,xai,xai,v_terse,0,S-cash_intensive_front-h-009,suspicious,cash_intensive_front,hard,suspicious:cash_intensive_front,22260487,0.0,2026-07-15T16:47:44.217604+00:00,c39fd3a7201f0451,1e1daee6ee44a20d340914b31dedc431d900f10a2cef67b13a4576e45560f640,True,flag,cash_intensive_front,"Restaurant receives multiple structured cash deposits plus reverse inflows from rent/utility/tax/vendor, inconsistent with normal ops.",1008,46,0.002842,True,,0,"{""suspicious"": true, ""typology"": ""cash_intensive_front"", ""rationale"": ""Restaurant receives multiple structured cash deposits plus reverse inflows from rent/utility/tax/vendor, inconsistent with normal ops.""}"
full,REAL,xai_grok,grok-4.5,xai,xai,v_terse,0,S-cash_intensive_front-m-001,suspicious,cash_intensive_front,medium,suspicious:cash_intensive_front,254715012,0.0,2026-07-15T16:47:48.052372+00:00,7978c16ad1884b2c,0416a975f1f16fa9b6879df46287a1e12a7acb7e40c6670b3b5a6071d2f2734c,False,no_flag,,Cash deposits align with declared restaurant revenue; activity appears legitimate business operations.,843,31,0.002325,True,,0,"{""suspicious"": false, ""typology"": null, ""rationale"": ""Cash deposits align with declared restaurant revenue; activity appears legitimate business operations.""}"
full,REAL,xai_grok,grok-4.5,xai,xai,v_terse,0,S-cash_intensive_front-m-000,suspicious,cash_intensive_front,medium,suspicious:cash_intensive_front,1646058426,0.0,2026-07-15T16:47:48.563058+00:00,2b1f6192e157f57e,2a7826ec215e1ad6348b13952aceda7fcee12cf58c70b01dee430211740e5baf,False,no_flag,,Cash deposits consistent with restaurant declared revenue; minor reverse flows explainable as refunds/fees.,844,36,0.002362,True,,0,"{""suspicious"": false, ""typology"": null, ""rationale"": ""Cash deposits consistent with restaurant declared revenue; minor reverse flows explainable as refunds/fees.""}"
full,REAL,xai_grok,grok-4.5,xai,xai,v_terse,0,S-cash_intensive_front-m-002,suspicious,cash_intensive_front,medium,suspicious:cash_intensive_front,1297235167,0.0,2026-07-15T16:47:49.395129+00:00,b0882af8be2ec09b,78e5242ea63e2f6d9d0f111bba23d8d232ba8e1aac5f85a64a5aaa70b8829130,False,no_flag,,Cash deposits align with declared restaurant revenue; normal tax/payroll outflows; no red flags.,839,36,0.00235,True,,0,"{""suspicious"": false, ""typology"": null, ""rationale"": ""Cash deposits align with declared restaurant revenue; normal tax/payroll outflows; no red flags.""}"
full,REAL,xai_grok,grok-4.5,xai,xai,v_terse,0,S-cash_intensive_front-m-003,suspicious,cash_intensive_front,medium,suspicious:cash_intensive_front,693504294,0.0,2026-07-15T16:47:54.569119+00:00,edefd7f33b6ccb7d,57ab0962dcc7876922d9b8bd219f4878af0e3051f64d6f4ff3ec1583d7956f25,False,no_flag,,"Cash deposits align with restaurant revenue; other flows are normal payroll, tax, vendor, utility activity.",843,37,0.002367,True,,0,"{""suspicious"": false, ""typology"": null, ""rationale"": ""Cash deposits align with restaurant revenue; other flows are normal payroll, tax, vendor, utility activity.""}"
full,REAL,xai_grok,grok-4.5,xai,xai,v_terse,0,S-cash_intensive_front-m-004,suspicious,cash_intensive_front,medium,suspicious:cash_intensive_front,558772988,0.0,2026-07-15T16:47:57.725969+00:00,c9d6805d2351ebc4,daefc2d8500a73dbd79fbe581441c089ca413a5ae2670fe0a8fe04342e57a541,True,flag,structuring,Multiple cash deposits just under 10k threshold into restaurant account over short period.,846,34,0.002353,True,,0,"{""suspicious"": true, ""typology"": ""structuring"", ""rationale"": ""Multiple cash deposits just under 10k threshold into restaurant account over short period.""}"
full,REAL,xai_grok,grok-4.5,xai,xai,v_terse,0,S-cash_intensive_front-m-005,suspicious,cash_intensive_front,medium,suspicious:cash_intensive_front,336781569,0.0,2026-07-15T16:47:58.123165+00:00,8e031fbe9acff925,25f1c9118650591e48371b14369560ead0cbf991211ab5a5a3ce638f4d63b036,True,flag,cash_intensive_front,Multiple large cash deposits near declared revenue plus anomalous rent/payroll inflows to restaurant.,848,39,0.002393,True,,0,"{""suspicious"": true, ""typology"": ""cash_intensive_front"", ""rationale"": ""Multiple large cash deposits near declared revenue plus anomalous rent/payroll inflows to restaurant.""}"
full,REAL,xai_grok,grok-4.5,xai,xai,v_terse,0,S-cash_intensive_front-m-006,suspicious,cash_intensive_front,medium,suspicious:cash_intensive_front,1425736792,0.0,2026-07-15T16:47:58.141768+00:00,b838a23656b08e84,59434e52d2c8b90d5f65c02a4d5a3239acf387edc23d892066257099b240ad90,True,flag,structuring,Multiple sub-10k cash deposits including same-day splits exceeding CTR threshold into restaurant account.,848,37,0.002379,True,,0,"{""suspicious"": true, ""typology"": ""structuring"", ""rationale"": ""Multiple sub-10k cash deposits including same-day splits exceeding CTR threshold into restaurant account.""}"
full,REAL,xai_grok,grok-4.5,xai,xai,v_terse,0,S-cash_intensive_front-m-008,suspicious,cash_intensive_front,medium,suspicious:cash_intensive_front,1578299728,0.0,2026-07-15T16:48:01.912464+00:00,3d2a3e9958b960cd,198a66cefd9552050fdc436d0a505803dde7c263a7aeb650122215677a58a2f1,False,no_flag,,Normal restaurant cash/card inflows match declared revenue; legitimate payroll/tax/vendor activity.,846,36,0.002367,True,,0,"{""suspicious"": false, ""typology"": null, ""rationale"": ""Normal restaurant cash/card inflows match declared revenue; legitimate payroll/tax/vendor activity.""}"
full,REAL,xai_grok,grok-4.5,xai,xai,v_terse,0,S-cash_intensive_front-m-007,suspicious,cash_intensive_front,medium,suspicious:cash_intensive_front,603557075,0.0,2026-07-15T16:48:03.278027+00:00,876c21c100630ebe,2be3bab38a3fe32f1ab018d716914608fdabbdfb2728dc898eadcf25cbe87d58,False,no_flag,,Cash deposits align with restaurant's declared weekly revenue; card settlements normal; minor biller inflows likely refunds.,842,40,0.002385,True,,0,"{""suspicious"": false, ""typology"": null, ""rationale"": ""Cash deposits align with restaurant's declared weekly revenue; card settlements normal; minor biller inflows likely refunds.""}"
full,REAL,xai_grok,grok-4.5,xai,xai,v_terse,0,S-cash_intensive_front-m-009,suspicious,cash_intensive_front,medium,suspicious:cash_intensive_front,252303073,0.0,2026-07-15T16:48:03.640269+00:00,f1a42eaab710650e,6685238e583353e233406bb7526570e38c73e5a8f2bd6c0f3ad98b0f52173a96,True,flag,cash_intensive_front,"Multiple large cash deposits far exceed declared weekly restaurant revenue, suggesting possible cash-intensive front.",842,40,0.002385,True,,0,"{""suspicious"": true, ""typology"": ""cash_intensive_front"", ""rationale"": ""Multiple large cash deposits far exceed declared weekly restaurant revenue, suggesting possible cash-intensive front.""}"
full,REAL,xai_grok,grok-4.5,xai,xai,v_terse,0,S-cash_intensive_front-m-010,suspicious,cash_intensive_front,medium,suspicious:cash_intensive_front,1454244846,0.0,2026-07-15T16:48:06.174980+00:00,6741063e4a162bca,60ff2d9c5da553697ab0c2e4f593ddfad5dcd186f89a767af20df7fe7bfe8578,False,no_flag,,Cash deposits align with declared restaurant revenue; other inflows normal; no red flags for laundering.,846,37,0.002374,True,,0,"{""suspicious"": false, ""typology"": null, ""rationale"": ""Cash deposits align with declared restaurant revenue; other inflows normal; no red flags for laundering.""}"
full,REAL,xai_grok,grok-4.5,xai,xai,v_terse,0,S-funnel_account-e-000,suspicious,funnel_account,easy,suspicious:funnel_account,1526324198,0.0,2026-07-15T16:48:07.916639+00:00,18e00d92d02c8c91,c92d29c4de31be7b88d7f66c921ada36af27f1031b3e3822bb4eb79510f45730,True,flag,funnel_account,Multiple cash deposits from diverse US locations into personal account rapidly wired out to business.,961,37,0.002662,True,,0,"{""suspicious"": true, ""typology"": ""funnel_account"", ""rationale"": ""Multiple cash deposits from diverse US locations into personal account rapidly wired out to business.""}"
full,REAL,xai_grok,grok-4.5,xai,xai,v_terse,0,S-funnel_account-e-001,suspicious,funnel_account,easy,suspicious:funnel_account,350908752,0.0,2026-07-15T16:48:10.205748+00:00,0b0da835be083eaa,c556b3602600853f5fe362ae39b994748a3c8a7e6bc15977cb73f7ba5586a06b,True,flag,funnel_account,Multiple cash deposits from 10 states into personal account then large wire to business; classic funnel pattern.,963,41,0.002694,True,,0,"{""suspicious"": true, ""typology"": ""funnel_account"", ""rationale"": ""Multiple cash deposits from 10 states into personal account then large wire to business; classic funnel pattern.""}"
full,REAL,xai_grok,grok-4.5,xai,xai,v_terse,0,S-cash_intensive_front-m-012,suspicious,cash_intensive_front,medium,suspicious:cash_intensive_front,870569887,0.0,2026-07-15T16:48:10.332860+00:00,0acce7a3186640d3,b0ca58394441dd9dbe6c062cf7d034fd75f27821cfa4a603895a7ad8120a90f7,True,flag,cash_intensive_front,High volume cash deposits nearly matching declared revenue with minimal card activity and limited outflows for a restaurant.,844,42,0.002404,True,,0,"{""suspicious"": true, ""typology"": ""cash_intensive_front"", ""rationale"": ""High volume cash deposits nearly matching declared revenue with minimal card activity and limited outflows for a restaurant.""}"
full,REAL,xai_grok,grok-4.5,xai,xai,v_terse,0,S-funnel_account-e-002,suspicious,funnel_account,easy,suspicious:funnel_account,561542890,0.0,2026-07-15T16:48:12.871086+00:00,6713f7bc957ef320,be77a1a6b3770d0dc4a78eb1ceec5bbe770ef342e2647804d6fc6692904fa7b1,True,flag,funnel_account,"Multiple cash deposits from diverse US locations into personal account, followed by large wire-out; classic funnel account pattern.",965,44,0.002721,True,,0,"{""suspicious"": true, ""typology"": ""funnel_account"", ""rationale"": ""Multiple cash deposits from diverse US locations into personal account, followed by large wire-out; classic funnel account pattern.""}"
full,REAL,xai_grok,grok-4.5,xai,xai,v_terse,0,S-cash_intensive_front-m-011,suspicious,cash_intensive_front,medium,suspicious:cash_intensive_front,1798763472,0.0,2026-07-15T16:48:13.084141+00:00,db3e7b2d93b56ae3,e7e4cad840fa2a971fc1722514c09f3bbadf45b355af6f3cad11d21244c118ac,False,no_flag,,Cash deposits align with restaurant declared revenue; inflows include normal payroll/tax/utility; no clear ML red flags.,843,41,0.002394,True,,0,"{""suspicious"": false, ""typology"": null, ""rationale"": ""Cash deposits align with restaurant declared revenue; inflows include normal payroll/tax/utility; no clear ML red flags.""}"
full,REAL,xai_grok,grok-4.5,xai,xai,v_terse,0,S-funnel_account-e-003,suspicious,funnel_account,easy,suspicious:funnel_account,809328124,0.0,2026-07-15T16:48:13.922490+00:00,24a671594b0fd3be,a3835ef95959f6576f12e1619027ee9db421ac6368a0c3721a471b77e1203a20,True,flag,funnel_account,"Multiple cash deposits from diverse US locations into personal account, rapidly aggregated and wired out.",965,38,0.002679,True,,0,"{""suspicious"": true, ""typology"": ""funnel_account"", ""rationale"": ""Multiple cash deposits from diverse US locations into personal account, rapidly aggregated and wired out.""}"
full,REAL,xai_grok,grok-4.5,xai,xai,v_terse,0,S-cash_intensive_front-m-013,suspicious,cash_intensive_front,medium,suspicious:cash_intensive_front,734762593,0.0,2026-07-15T16:48:13.935701+00:00,9ed1fa618e7b8a30,c23fb9e85de43d4e9dce1dcad3c3f8e8b02fc990b1bb33bbdd7a1d73ed110367,True,flag,cash_intensive_front,High volume cash deposits into restaurant exceed typical patterns; anomalous reverse inflows from payroll/utility suggest front for laundering.,845,46,0.002435,True,,0,"{""suspicious"": true, ""typology"": ""cash_intensive_front"", ""rationale"": ""High volume cash deposits into restaurant exceed typical patterns; anomalous reverse inflows from payroll/utility suggest front for laundering.""}"
full,REAL,xai_grok,grok-4.5,xai,xai,v_terse,0,S-funnel_account-e-004,suspicious,funnel_account,easy,suspicious:funnel_account,615846621,0.0,2026-07-15T16:48:15.485145+00:00,9e26e77de5f8373a,7a0b28b43b5a48a7ee8fbbcc83326c5c58dcd70e0457263c36b9251dd19adde2,True,flag,funnel_account,Multiple cash deposits from many US states into one personal account then large wire-out indicates funnel account.,962,41,0.002692,True,,0,"{""suspicious"": true, ""typology"": ""funnel_account"", ""rationale"": ""Multiple cash deposits from many US states into one personal account then large wire-out indicates funnel account.""}"
full,REAL,xai_grok,grok-4.5,xai,xai,v_terse,0,S-funnel_account-e-005,suspicious,funnel_account,easy,suspicious:funnel_account,891436713,0.0,2026-07-15T16:48:16.756214+00:00,954adfcd432e1a3b,bb10fee44e195b2e8ef602622c8543cd0ebc1ef92021746444070baaeaeaab04,True,flag,funnel_account,Multiple cash deposits from diverse locations into personal account then large wire to business.,963,36,0.002659,True,,0,"{""suspicious"": true, ""typology"": ""funnel_account"", ""rationale"": ""Multiple cash deposits from diverse locations into personal account then large wire to business.""}"
full,REAL,xai_grok,grok-4.5,xai,xai,v_terse,0,S-funnel_account-e-006,suspicious,funnel_account,easy,suspicious:funnel_account,1381269358,0.0,2026-07-15T16:48:16.960276+00:00,4f12ad5a44801c0b,f5eaf6ca3f8c20e1be012ffbcc929be20d99d72ae7fc58bdc0563253f04cf03d,True,flag,funnel_account,"Multiple cash deposits from diverse US locations into personal account, rapidly wired out to business.",963,38,0.002674,True,,0,"{""suspicious"": true, ""typology"": ""funnel_account"", ""rationale"": ""Multiple cash deposits from diverse US locations into personal account, rapidly wired out to business.""}"
full,REAL,xai_grok,grok-4.5,xai,xai,v_terse,0,S-funnel_account-e-007,suspicious,funnel_account,easy,suspicious:funnel_account,157783017,0.0,2026-07-15T16:48:17.949960+00:00,45076ec916d01ea3,5f09caaa7a5030c1693ec1d9347eee1b2c9ac3f94bb561ca0ea1fe939a657177,True,flag,funnel_account,Multiple cash deposits from diverse US locations into personal account then large wire-out; classic funnel pattern.,963,41,0.002694,True,,0,"{""suspicious"": true, ""typology"": ""funnel_account"", ""rationale"": ""Multiple cash deposits from diverse US locations into personal account then large wire-out; classic funnel pattern.""}"
full,REAL,xai_grok,grok-4.5,xai,xai,v_terse,0,S-funnel_account-e-008,suspicious,funnel_account,easy,suspicious:funnel_account,99754772,0.0,2026-07-15T16:48:18.718668+00:00,54afbd96b501f801,4099c5c4545bde3d6c8138d634e7c4f817e7c80870ad99d185b3c4852946dccf,True,flag,funnel_account,Multiple cash deposits from diverse US locations into personal account rapidly wired to business account.,964,37,0.002669,True,,0,"{""suspicious"": true, ""typology"": ""funnel_account"", ""rationale"": ""Multiple cash deposits from diverse US locations into personal account rapidly wired to business account.""}"
full,REAL,xai_grok,grok-4.5,xai,xai,v_terse,0,S-funnel_account-e-009,suspicious,funnel_account,easy,suspicious:funnel_account,84794993,0.0,2026-07-15T16:48:19.605696+00:00,dccc6d8a6f4812de,46bd5f183970a48b5e9247cc9f6481f673eaf1739a37373a113c8956047540f4,True,flag,funnel_account,"Multiple cash deposits from diverse US locations into personal account, consolidated and wired out rapidly.",964,38,0.002676,True,,0,"{""suspicious"": true, ""typology"": ""funnel_account"", ""rationale"": ""Multiple cash deposits from diverse US locations into personal account, consolidated and wired out rapidly.""}"
full,REAL,xai_grok,grok-4.5,xai,xai,v_terse,0,S-funnel_account-e-010,suspicious,funnel_account,easy,suspicious:funnel_account,1557303241,0.0,2026-07-15T16:48:22.206124+00:00,0ff2175eaf5e2577,a92a6ba9023780eb0df9ddb9628174d5388e02bf5b74d741037e7a917d6c269f,True,flag,funnel_account,"Multiple near-threshold cash deposits from diverse US states into one personal account, then large wire-out to business.",963,44,0.002716,True,,0,"{""suspicious"": true, ""typology"": ""funnel_account"", ""rationale"": ""Multiple near-threshold cash deposits from diverse US states into one personal account, then large wire-out to business.""}"
full,REAL,xai_grok,grok-4.5,xai,xai,v_terse,0,S-funnel_account-e-011,suspicious,funnel_account,easy,suspicious:funnel_account,1824833147,0.0,2026-07-15T16:48:22.673466+00:00,ce8407bad35379cc,7b96dc7db6246227fd531efe341746770329663c9bb063315a1736a10c064d2c,True,flag,funnel_account,Multiple cash deposits from diverse US states into personal account then rapidly wired to business account.,963,38,0.002674,True,,0,"{""suspicious"": true, ""typology"": ""funnel_account"", ""rationale"": ""Multiple cash deposits from diverse US states into personal account then rapidly wired to business account.""}"
full,REAL,xai_grok,grok-4.5,xai,xai,v_terse,0,S-funnel_account-h-000,suspicious,funnel_account,hard,suspicious:funnel_account,1722869285,0.0,2026-07-15T16:48:24.133276+00:00,24230cca65a7f9fa,caa2b31a6f413b432ef81e9d4149665e44ffb111b52072adbac6c3cf480e70b6,True,flag,funnel_account,Multiple cash deposits from disparate states into personal account rapidly wired to business account.,1035,36,0.002839,True,,0,"{""suspicious"": true, ""typology"": ""funnel_account"", ""rationale"": ""Multiple cash deposits from disparate states into personal account rapidly wired to business account.""}"
full,REAL,xai_grok,grok-4.5,xai,xai,v_terse,0,S-funnel_account-h-002,suspicious,funnel_account,hard,suspicious:funnel_account,1619805816,0.0,2026-07-15T16:48:25.372266+00:00,c37f0a8b3c9138f5,98c0782b68480c32543df710c1d1eeaaf4ffc038004de96dbf97251ab48a9238,True,flag,funnel_account,Multiple cash deposits from disparate US states into personal account then wired to business.,1045,36,0.002864,True,,0,"{""suspicious"": true, ""typology"": ""funnel_account"", ""rationale"": ""Multiple cash deposits from disparate US states into personal account then wired to business.""}"
full,REAL,xai_grok,grok-4.5,xai,xai,v_terse,0,S-funnel_account-h-001,suspicious,funnel_account,hard,suspicious:funnel_account,1245692717,0.0,2026-07-15T16:48:27.006068+00:00,d03d18a327600f99,8115d54afdc3e56690aff0a4c5c2476898382ab525ca2599a07a4716d0a0ccfe,True,flag,funnel_account,Multiple cash deposits from disparate US states into personal account rapidly wired to business account.,1038,37,0.002854,True,,0,"{""suspicious"": true, ""typology"": ""funnel_account"", ""rationale"": ""Multiple cash deposits from disparate US states into personal account rapidly wired to business account.""}"
full,REAL,xai_grok,grok-4.5,xai,xai,v_terse,0,S-funnel_account-h-003,suspicious,funnel_account,hard,suspicious:funnel_account,861693228,0.0,2026-07-15T16:48:27.381955+00:00,00d86e69307fde18,b79ae1e172bdbe1a3310cd9baaafc60a4e0e6bbecfdc76c48e25acc9cb4ee831,True,flag,funnel_account,Multiple near-threshold cash deposits from disparate states into personal account rapidly wired to business.,1036,38,0.002856,True,,0,"{""suspicious"": true, ""typology"": ""funnel_account"", ""rationale"": ""Multiple near-threshold cash deposits from disparate states into personal account rapidly wired to business.""}"
full,REAL,xai_grok,grok-4.5,xai,xai,v_terse,0,S-funnel_account-h-004,suspicious,funnel_account,hard,suspicious:funnel_account,815857877,0.0,2026-07-15T16:48:28.730087+00:00,12ad698bbbbcfaab,7419fd6190c05ab049411983da5b94ea7465cfa414e13d3191677bfd09a56d59,True,flag,funnel_account,"Multiple cash deposits from distant US locations into basic-KYC personal account, rapidly wired to business account.",1042,42,0.002899,True,,0,"{""suspicious"": true, ""typology"": ""funnel_account"", ""rationale"": ""Multiple cash deposits from distant US locations into basic-KYC personal account, rapidly wired to business account.""}"
full,REAL,xai_grok,grok-4.5,xai,xai,v_terse,0,S-funnel_account-h-005,suspicious,funnel_account,hard,suspicious:funnel_account,385406952,0.0,2026-07-15T16:48:29.018840+00:00,39d840c440c6130a,222bd8498f39dcaf284aba65d67480bf5a68ba8ab985f7b640f73a5c60ccc724,True,flag,funnel_account,Multiple multi-state cash deposits into personal account rapidly wired to business account for further disbursements.,1037,40,0.002872,True,,0,"{""suspicious"": true, ""typology"": ""funnel_account"", ""rationale"": ""Multiple multi-state cash deposits into personal account rapidly wired to business account for further disbursements.""}"
full,REAL,xai_grok,grok-4.5,xai,xai,v_terse,0,S-funnel_account-h-007,suspicious,funnel_account,hard,suspicious:funnel_account,511419269,0.0,2026-07-15T16:48:30.624547+00:00,ad2587e50ce0ea19,9a0e1b76d72e0644faa6cf8fa9b80645fa7d2373316b24ab92173420354bfc66,True,flag,funnel_account,"Multiple cash deposits from disparate US locations into personal account, then large wire to business account.",1040,39,0.002873,True,,0,"{""suspicious"": true, ""typology"": ""funnel_account"", ""rationale"": ""Multiple cash deposits from disparate US locations into personal account, then large wire to business account.""}"
full,REAL,xai_grok,grok-4.5,xai,xai,v_terse,0,S-funnel_account-h-006,suspicious,funnel_account,hard,suspicious:funnel_account,950227436,0.0,2026-07-15T16:48:31.540449+00:00,a373c4c5506fdeb5,a25c5ac176f82c90f8318f6554c6f87ab740d898394a31dbcc75255bee5d304b,True,flag,funnel_account,Multiple cash deposits from different states into personal account then large wire to business; classic funneling.,1043,40,0.002888,True,,0,"{""suspicious"": true, ""typology"": ""funnel_account"", ""rationale"": ""Multiple cash deposits from different states into personal account then large wire to business; classic funneling.""}"
full,REAL,xai_grok,grok-4.5,xai,xai,v_terse,0,S-funnel_account-h-008,suspicious,funnel_account,hard,suspicious:funnel_account,1026370515,0.0,2026-07-15T16:48:31.859517+00:00,e67181fcf071d749,618cb98acff25aadaa352d003e7ed6488bf3727d41a6a689d608dd5aaf85d7c1,True,flag,funnel_account,Multiple cash deposits from distant US states into basic-KYC personal account then large wire to business account.,1032,42,0.002874,True,,0,"{""suspicious"": true, ""typology"": ""funnel_account"", ""rationale"": ""Multiple cash deposits from distant US states into basic-KYC personal account then large wire to business account.""}"
full,REAL,xai_grok,grok-4.5,xai,xai,v_terse,0,S-funnel_account-h-009,suspicious,funnel_account,hard,suspicious:funnel_account,432725851,0.0,2026-07-15T16:48:32.114305+00:00,9853689f51ca3d31,d9b5210e1c1afd214499425ecc6d360d3506e02de8ebf60f58ac8105ec059591,True,flag,funnel_account,Multiple cash deposits from disparate US locations into basic-KYC personal account then wired out; classic funnel pattern.,1042,43,0.002906,True,,0,"{""suspicious"": true, ""typology"": ""funnel_account"", ""rationale"": ""Multiple cash deposits from disparate US locations into basic-KYC personal account then wired out; classic funnel pattern.""}"
full,REAL,xai_grok,grok-4.5,xai,xai,v_terse,0,S-funnel_account-h-010,suspicious,funnel_account,hard,suspicious:funnel_account,1101599192,0.0,2026-07-15T16:48:35.248153+00:00,194c9a65aae8cccd,594e0b9173297f91b7c59f1b77c4cb8187d1f3d36804516a4f29f2746fb05081,True,flag,funnel_account,Multiple cash deposits from various US states into personal account rapidly wired to business account.,1033,37,0.002842,True,,0,"{""suspicious"": true, ""typology"": ""funnel_account"", ""rationale"": ""Multiple cash deposits from various US states into personal account rapidly wired to business account.""}"
full,REAL,xai_grok,grok-4.5,xai,xai,v_terse,0,S-funnel_account-m-001,suspicious,funnel_account,medium,suspicious:funnel_account,935923133,0.0,2026-07-15T16:48:35.693039+00:00,d8a67ce96fbd87ea,223e2e8c168327fb1b2ff5a835a7d36dfb64cd487181683707701028165c7506,True,flag,funnel_account,"Multiple cash deposits from diverse US locations into basic-KYC personal account, then large wire to business account.",959,43,0.002698,True,,0,"{""suspicious"": true, ""typology"": ""funnel_account"", ""rationale"": ""Multiple cash deposits from diverse US locations into basic-KYC personal account, then large wire to business account.""}"
full,REAL,xai_grok,grok-4.5,xai,xai,v_terse,0,S-funnel_account-m-002,suspicious,funnel_account,medium,suspicious:funnel_account,666001512,0.0,2026-07-15T16:48:35.896550+00:00,6aa0a72735ecc4a4,63bf1ab3cbb1edf96b5425104227881abaa1ba22f25c4ec322d246368c96bd15,True,flag,funnel_account,Multiple cash deposits from diverse US states into personal account then large wire to business; classic funnel pattern.,959,41,0.002684,True,,0,"{""suspicious"": true, ""typology"": ""funnel_account"", ""rationale"": ""Multiple cash deposits from diverse US states into personal account then large wire to business; classic funnel pattern.""}"
full,REAL,xai_grok,grok-4.5,xai,xai,v_terse,0,S-funnel_account-m-000,suspicious,funnel_account,medium,suspicious:funnel_account,1961860850,0.0,2026-07-15T16:48:36.152314+00:00,5beadd5e4fa1fc94,890fa64fae0fe65a4df5bbc27c58f45faa738640d10c30aa3b96f54d01d73a86,True,flag,funnel_account,Multiple cash deposits from disparate US locations into personal account then wired to business; classic funnel pattern.,964,40,0.00269,True,,0,"{""suspicious"": true, ""typology"": ""funnel_account"", ""rationale"": ""Multiple cash deposits from disparate US locations into personal account then wired to business; classic funnel pattern.""}"
full,REAL,xai_grok,grok-4.5,xai,xai,v_terse,0,S-funnel_account-m-003,suspicious,funnel_account,medium,suspicious:funnel_account,310576191,0.0,2026-07-15T16:48:37.613179+00:00,5e9a20737034df4c,c92d29c4de31be7b88d7f66c921ada36af27f1031b3e3822bb4eb79510f45730,True,flag,funnel_account,Multiple cash deposits from diverse US locations into personal account rapidly wired out to business.,961,37,0.002662,True,,0,"{""suspicious"": true, ""typology"": ""funnel_account"", ""rationale"": ""Multiple cash deposits from diverse US locations into personal account rapidly wired out to business.""}"
full,REAL,xai_grok,grok-4.5,xai,xai,v_terse,0,S-funnel_account-m-004,suspicious,funnel_account,medium,suspicious:funnel_account,1717625625,0.0,2026-07-15T16:48:39.744324+00:00,ddcbd195ce118d49,c5017c9da97b280e1f6efed2677ba7e010ca8682273b6c7dbcab4fed5ec203ae,True,flag,funnel_account,"Multiple cash deposits from diverse US locations into personal account, rapidly wired out to business account.",959,39,0.002671,True,,0,"{""suspicious"": true, ""typology"": ""funnel_account"", ""rationale"": ""Multiple cash deposits from diverse US locations into personal account, rapidly wired out to business account.""}"
full,REAL,xai_grok,grok-4.5,xai,xai,v_terse,0,S-funnel_account-m-005,suspicious,funnel_account,medium,suspicious:funnel_account,1928068826,0.0,2026-07-15T16:48:39.778091+00:00,8f06f097337e8c4a,25e99438511fd843dadaeaf362bafa825b92be22695900f6879f51a6f4fdd36b,True,flag,funnel_account,Multiple cash deposits from disparate US locations into personal account then rapidly wired out to business.,959,38,0.002664,True,,0,"{""suspicious"": true, ""typology"": ""funnel_account"", ""rationale"": ""Multiple cash deposits from disparate US locations into personal account then rapidly wired out to business.""}"
full,REAL,xai_grok,grok-4.5,xai,xai,v_terse,0,S-funnel_account-m-007,suspicious,funnel_account,medium,suspicious:funnel_account,135951465,0.0,2026-07-15T16:48:41.202556+00:00,a49e40a404a089c7,c0546a4250d8477251bcfdcadc4d305c6dd9c4965649108be1c1b36da753f444,True,flag,funnel_account,Multiple cash deposits from disparate US states into basic-KYC personal account then rapid wire-out to business.,963,43,0.002708,True,,0,"{""suspicious"": true, ""typology"": ""funnel_account"", ""rationale"": ""Multiple cash deposits from disparate US states into basic-KYC personal account then rapid wire-out to business.""}"
full,REAL,xai_grok,grok-4.5,xai,xai,v_terse,0,S-funnel_account-m-006,suspicious,funnel_account,medium,suspicious:funnel_account,1319308336,0.0,2026-07-15T16:48:42.099015+00:00,3dbac934438d445b,bbf59b0e52b7520440640ed9cdb684bd630071ee5a4e9617e20cf4df426fa13e,True,flag,funnel_account,Multiple cash deposits from diverse states into personal account then rapidly wired out to business account.,959,38,0.002664,True,,0,"{""suspicious"": true, ""typology"": ""funnel_account"", ""rationale"": ""Multiple cash deposits from diverse states into personal account then rapidly wired out to business account.""}"
full,REAL,xai_grok,grok-4.5,xai,xai,v_terse,0,S-funnel_account-m-009,suspicious,funnel_account,medium,suspicious:funnel_account,1446857128,0.0,2026-07-15T16:48:43.587004+00:00,cceeed38d5aad152,ef5ff553dc662a3b54e4dc212754d29a04488d63754d8093c12b8704babbc429,True,flag,funnel_account,"Multiple cash deposits from disparate US states into basic-KYC personal account, rapidly wired to business account.",957,42,0.002686,True,,0,"{""suspicious"": true, ""typology"": ""funnel_account"", ""rationale"": ""Multiple cash deposits from disparate US states into basic-KYC personal account, rapidly wired to business account.""}"
full,REAL,xai_grok,grok-4.5,xai,xai,v_terse,0,S-funnel_account-m-008,suspicious,funnel_account,medium,suspicious:funnel_account,1530036212,0.0,2026-07-15T16:48:43.811144+00:00,f85a3997c6bcc288,e136ac215c4b2e872ab8fa0804596633f9f43f720b5be7101b391c7b65f5bfa3,True,flag,funnel_account,Multiple cash deposits from diverse states into personal account rapidly aggregated and wired to business account.,958,38,0.002661,True,,0,"{""suspicious"": true, ""typology"": ""funnel_account"", ""rationale"": ""Multiple cash deposits from diverse states into personal account rapidly aggregated and wired to business account.""}"
full,REAL,xai_grok,grok-4.5,xai,xai,v_terse,0,S-funnel_account-m-010,suspicious,funnel_account,medium,suspicious:funnel_account,1104623853,0.0,2026-07-15T16:48:44.602516+00:00,9aff4e30da8bd5cc,f5eaf6ca3f8c20e1be012ffbcc929be20d99d72ae7fc58bdc0563253f04cf03d,True,flag,funnel_account,"Multiple cash deposits from diverse US locations into personal account, rapidly wired out to business.",961,38,0.002669,True,,0,"{""suspicious"": true, ""typology"": ""funnel_account"", ""rationale"": ""Multiple cash deposits from diverse US locations into personal account, rapidly wired out to business.""}"
full,REAL,xai_grok,grok-4.5,xai,xai,v_terse,0,S-funnel_account-m-012,suspicious,funnel_account,medium,suspicious:funnel_account,1581303011,0.0,2026-07-15T16:48:45.939083+00:00,793f9618c96e90d5,39a59be94e8957f70419e1e2a128c8f1f485bcd40215f6c6cdb99e8d2c95f9fa,True,flag,funnel_account,Multiple cash deposits from disparate US states into personal account then large wire to business; classic funnel pattern.,960,41,0.002687,True,,0,"{""suspicious"": true, ""typology"": ""funnel_account"", ""rationale"": ""Multiple cash deposits from disparate US states into personal account then large wire to business; classic funnel pattern.""}"
full,REAL,xai_grok,grok-4.5,xai,xai,v_terse,0,S-funnel_account-m-013,suspicious,funnel_account,medium,suspicious:funnel_account,1634308164,0.0,2026-07-15T16:48:47.336697+00:00,852030185dc20390,4099c5c4545bde3d6c8138d634e7c4f817e7c80870ad99d185b3c4852946dccf,True,flag,funnel_account,Multiple cash deposits from diverse US locations into personal account rapidly wired to business account.,957,37,0.002651,True,,0,"{""suspicious"": true, ""typology"": ""funnel_account"", ""rationale"": ""Multiple cash deposits from diverse US locations into personal account rapidly wired to business account.""}"
full,REAL,xai_grok,grok-4.5,xai,xai,v_terse,0,S-funnel_account-m-011,suspicious,funnel_account,medium,suspicious:funnel_account,67009289,0.0,2026-07-15T16:48:48.744524+00:00,26caf8dfcfc93845,9af5995e2370943a2b174a21ae464101575f202c8f1b905f2f5ad1a97fc13c87,True,flag,funnel_account,Multiple cash deposits from dispersed locations into personal account then large wire to business indicates funnel account activity.,955,40,0.002667,True,,0,"{""suspicious"": true, ""typology"": ""funnel_account"", ""rationale"": ""Multiple cash deposits from dispersed locations into personal account then large wire to business indicates funnel account activity.""}"
full,REAL,xai_grok,grok-4.5,xai,xai,v_terse,0,S-layering-e-000,suspicious,layering,easy,suspicious:layering,1395839907,0.0,2026-07-15T16:48:53.931413+00:00,59c3d15c238529d4,d4cb10d2fe0574dc97b7445765fc6e9480a28e00e5cc4f0d4982873702e24d2d,True,flag,layering,"Rapid multi-hop wire chain through low-KYC personal accounts across high-risk jurisdictions (CY, PA, AE) with near-full amounts.",776,50,0.00229,True,,0,"{""suspicious"": true, ""typology"": ""layering"", ""rationale"": ""Rapid multi-hop wire chain through low-KYC personal accounts across high-risk jurisdictions (CY, PA, AE) with near-full amounts.""}"
full,REAL,xai_grok,grok-4.5,xai,xai,v_terse,0,S-layering-e-001,suspicious,layering,easy,suspicious:layering,2138008336,0.0,2026-07-15T16:48:55.115528+00:00,72ff85efb0008468,8a1409f96c2faf3e25fc96f0da6d5aaca05e4eec9a193e0a7f7d1ab0965e1b0a,True,flag,layering,Rapid multi-hop wires through limited-KYC offshore personal accounts obscure origin of large funds.,775,38,0.002204,True,,0,"{""suspicious"": true, ""typology"": ""layering"", ""rationale"": ""Rapid multi-hop wires through limited-KYC offshore personal accounts obscure origin of large funds.""}"
full,REAL,xai_grok,grok-4.5,xai,xai,v_terse,0,S-layering-e-002,suspicious,layering,easy,suspicious:layering,1346048665,0.0,2026-07-15T16:48:55.938851+00:00,5c6bb31f4a522904,09a3e77ab507d2801f5add0bd7b0ea2224b935aca2a823dcd1de7e8a08f15df7,True,flag,layering,Chain of large rapid wires among low-KYC personal accounts in CY/AE linked to US originator indicates layering.,778,44,0.002253,True,,0,"{""suspicious"": true, ""typology"": ""layering"", ""rationale"": ""Chain of large rapid wires among low-KYC personal accounts in CY/AE linked to US originator indicates layering.""}"
full,REAL,xai_grok,grok-4.5,xai,xai,v_terse,0,S-layering-e-003,suspicious,layering,easy,suspicious:layering,546438997,0.0,2026-07-15T16:48:58.324836+00:00,527b22c79c789955,0da15d40e7cd20f421c33b632dc5d1292ac8bcc401f8bc5710f25d5d4dcd0551,True,flag,mule_network,"Rapid chain of large wires through multiple limited-KYC personal accounts across high-risk jurisdictions, amounts decreasing slightly.",776,43,0.002241,True,,0,"{""suspicious"": true, ""typology"": ""mule_network"", ""rationale"": ""Rapid chain of large wires through multiple limited-KYC personal accounts across high-risk jurisdictions, amounts decreasing slightly.""}"
full,REAL,xai_grok,grok-4.5,xai,xai,v_terse,0,S-layering-e-006,suspicious,layering,easy,suspicious:layering,278752379,0.0,2026-07-15T16:48:59.047360+00:00,cf5becd040ace697,a05996007f81d8b497169cb38f8474380b3b77c68957385a05ce9cae17a28b61,True,flag,layering,"Rapid multi-hop large transfers via limited-KYC accounts spanning US-AE, obscuring source.",777,40,0.002223,True,,0,"{""suspicious"": true, ""typology"": ""layering"", ""rationale"": ""Rapid multi-hop large transfers via limited-KYC accounts spanning US-AE, obscuring source.""}"
full,REAL,xai_grok,grok-4.5,xai,xai,v_terse,0,S-layering-e-004,suspicious,layering,easy,suspicious:layering,1427768182,0.0,2026-07-15T16:49:01.710287+00:00,9b6ca9cd72b659d3,1c6ec3c9566a44721e74fdbe8c2842a0d0623e5f276a162350316ebba041619c,True,flag,layering,"Chain of large near-equal wires via limited-KYC personals to PA/CY, multi-hop obscuring origin.",777,45,0.002257,True,,0,"{""suspicious"": true, ""typology"": ""layering"", ""rationale"": ""Chain of large near-equal wires via limited-KYC personals to PA/CY, multi-hop obscuring origin.""}"
full,REAL,xai_grok,grok-4.5,xai,xai,v_terse,0,S-layering-e-005,suspicious,layering,easy,suspicious:layering,453083296,0.0,2026-07-15T16:49:02.795720+00:00,4f284e4d1ea55e6b,ed405d711a766f5c68464e80fc3906a05ff32198b3dd40eef01d97fac22775b8,True,flag,layering,Rapid multi-hop wires through limited-KYC personal accounts across jurisdictions obscure fund origins.,777,37,0.002201,True,,0,"{""suspicious"": true, ""typology"": ""layering"", ""rationale"": ""Rapid multi-hop wires through limited-KYC personal accounts across jurisdictions obscure fund origins.""}"
full,REAL,xai_grok,grok-4.5,xai,xai,v_terse,0,S-layering-e-008,suspicious,layering,easy,suspicious:layering,937361893,0.0,2026-07-15T16:49:04.061408+00:00,530f75891f9b697c,efcad26c0b8c5e83b7ace12bf4038be581b4d948501f8c2358c720de8316b058,True,flag,layering,Rapid multi-hop wire chain via limited-KYC personal accounts in CY/PA/AE with decreasing amounts obscures source.,776,45,0.002255,True,,0,"{""suspicious"": true, ""typology"": ""layering"", ""rationale"": ""Rapid multi-hop wire chain via limited-KYC personal accounts in CY/PA/AE with decreasing amounts obscures source.""}"
full,REAL,xai_grok,grok-4.5,xai,xai,v_terse,0,S-layering-e-009,suspicious,layering,easy,suspicious:layering,709494678,0.0,2026-07-15T16:49:05.906694+00:00,7064ac818a34f998,02610db0220f6cf46948094be52a0e8138eff2c7626a7dfdb7bbde85c32cc5a8,True,flag,layering,"Rapid multi-hop wires through limited-KYC personal accounts in AE/CY/US, decreasing amounts, obscuring source.",776,45,0.002255,True,,0,"{""suspicious"": true, ""typology"": ""layering"", ""rationale"": ""Rapid multi-hop wires through limited-KYC personal accounts in AE/CY/US, decreasing amounts, obscuring source.""}"
full,REAL,xai_grok,grok-4.5,xai,xai,v_terse,0,S-layering-e-007,suspicious,layering,easy,suspicious:layering,1769103720,0.0,2026-07-15T16:49:06.933318+00:00,0563dc85044773ef,775c2df4936b347ffabe81d6b631c6f8d4984dc7ec16ee622ca3e56402221f90,True,flag,layering,Large sums rapidly chained via multiple low-KYC personal accounts across jurisdictions.,778,34,0.002183,True,,0,"{""suspicious"": true, ""typology"": ""layering"", ""rationale"": ""Large sums rapidly chained via multiple low-KYC personal accounts across jurisdictions.""}"
full,REAL,xai_grok,grok-4.5,xai,xai,v_terse,0,S-layering-e-010,suspicious,layering,easy,suspicious:layering,2011761865,0.0,2026-07-15T16:49:09.189126+00:00,5722fbd13e0bdbec,b49e897adf3bc4b23ed6cc110cfda19c882b1893121df8840e59a3c539cc53d1,True,flag,layering,Rapid multi-hop wires via low-KYC personal accounts across US/PA/CY/AE obscure origin of large funds.,779,45,0.002263,True,,0,"{""suspicious"": true, ""typology"": ""layering"", ""rationale"": ""Rapid multi-hop wires via low-KYC personal accounts across US/PA/CY/AE obscure origin of large funds.""}"
full,REAL,xai_grok,grok-4.5,xai,xai,v_terse,0,S-layering-e-011,suspicious,layering,easy,suspicious:layering,1645346069,0.0,2026-07-15T16:49:10.346377+00:00,d3deabda72b1b1ac,e429fc3f0e3ba1d39b7f6c8a5032eea33a156746642104ad16a82140efc62913,True,flag,layering,Rapid multi-hop transfers of large sums via personal accounts in high-risk jurisdictions with weak KYC.,774,40,0.002215,True,,0,"{""suspicious"": true, ""typology"": ""layering"", ""rationale"": ""Rapid multi-hop transfers of large sums via personal accounts in high-risk jurisdictions with weak KYC.""}"
full,REAL,xai_grok,grok-4.5,xai,xai,v_terse,0,S-layering-h-001,suspicious,layering,hard,suspicious:layering,10538056,0.0,2026-07-15T16:49:13.081982+00:00,7f1344322c022c65,82379da5ab23e99232acf63c39308d1981bde0acb4430c544bac4b58651e41a7,True,flag,layering,Identical large sums rapidly cycled via limited-KYC personal accounts in high-risk jurisdictions (AE/PA/CY) before outflow.,974,47,0.002764,True,,0,"{""suspicious"": true, ""typology"": ""layering"", ""rationale"": ""Identical large sums rapidly cycled via limited-KYC personal accounts in high-risk jurisdictions (AE/PA/CY) before outflow.""}"
full,REAL,xai_grok,grok-4.5,xai,xai,v_terse,0,S-layering-h-000,suspicious,layering,hard,suspicious:layering,484219622,0.0,2026-07-15T16:49:13.247595+00:00,dd98c261c09d1e3d,1deb95030a82417cb842d39c4fb4d74877c487b944cd610526cb385455d3610d,True,flag,layering,"Equal large sums moved via chain of low-KYC personal accounts across high-risk jurisdictions, classic layering.",968,42,0.002714,True,,0,"{""suspicious"": true, ""typology"": ""layering"", ""rationale"": ""Equal large sums moved via chain of low-KYC personal accounts across high-risk jurisdictions, classic layering.""}"
full,REAL,xai_grok,grok-4.5,xai,xai,v_terse,0,S-layering-h-002,suspicious,layering,hard,suspicious:layering,2060330547,0.0,2026-07-15T16:49:14.255974+00:00,995f9df10910fdd3,dfc1e561de3d45d658c51a2e9b215264973df441e96970685779edf52abf4cfa,True,flag,layering,Identical large wires rapidly cycled through limited-KYC personal accounts in AE indicate layering of funds.,973,40,0.002713,True,,0,"{""suspicious"": true, ""typology"": ""layering"", ""rationale"": ""Identical large wires rapidly cycled through limited-KYC personal accounts in AE indicate layering of funds.""}"
full,REAL,xai_grok,grok-4.5,xai,xai,v_terse,0,S-layering-h-003,suspicious,layering,hard,suspicious:layering,119108209,0.0,2026-07-15T16:49:15.731771+00:00,86b5cb0b64465ef1,0ef38d3d7456b874740997d39c1d9e35145eb5f3b8e056eb7ee48f3676550522,True,flag,layering,"Identical large sums rapidly wired via basic-KYC personal accounts across offshore jurisdictions, classic layering to obscure source.",969,42,0.002717,True,,0,"{""suspicious"": true, ""typology"": ""layering"", ""rationale"": ""Identical large sums rapidly wired via basic-KYC personal accounts across offshore jurisdictions, classic layering to obscure source.""}"
full,REAL,xai_grok,grok-4.5,xai,xai,v_terse,0,S-layering-h-004,suspicious,layering,hard,suspicious:layering,287884814,0.0,2026-07-15T16:49:16.705222+00:00,c8c6b4c63add3197,da2e55c3b877ac9a00334ec5550e7361ce169899eb8202f64336474ef802df81,True,flag,layering,Rapid same-amount wire chain through multiple low-KYC personal accounts in AE/PA indicates layering.,974,41,0.002722,True,,0,"{""suspicious"": true, ""typology"": ""layering"", ""rationale"": ""Rapid same-amount wire chain through multiple low-KYC personal accounts in AE/PA indicates layering.""}"
full,REAL,xai_grok,grok-4.5,xai,xai,v_terse,0,S-layering-h-006,suspicious,layering,hard,suspicious:layering,1590163950,0.0,2026-07-15T16:49:20.281601+00:00,996c4bb2db652957,82e6e102950999ae479b8f3d0cf6e994ac3fb6ddc2b886049d0895891179f993,True,flag,rapid_passthrough,"Identical large sum wired same-day through chain of low-KYC personal accounts, obscuring source.",973,43,0.002734,True,,0,"{""suspicious"": true, ""typology"": ""rapid_passthrough"", ""rationale"": ""Identical large sum wired same-day through chain of low-KYC personal accounts, obscuring source.""}"
full,REAL,xai_grok,grok-4.5,xai,xai,v_terse,0,S-layering-h-007,suspicious,layering,hard,suspicious:layering,1542906927,0.0,2026-07-15T16:49:20.386982+00:00,30abd2f4af4bce7b,a069090a8c6326108154e95f83e5282beb64938720aeda2a2644af901a20c1f6,True,flag,layering,Identical large sums rapidly chained through multiple low-KYC personal accounts across jurisdictions.,977,35,0.002688,True,,0,"{""suspicious"": true, ""typology"": ""layering"", ""rationale"": ""Identical large sums rapidly chained through multiple low-KYC personal accounts across jurisdictions.""}"
full,REAL,xai_grok,grok-4.5,xai,xai,v_terse,0,S-layering-h-005,suspicious,layering,hard,suspicious:layering,987234854,0.0,2026-07-15T16:49:21.616299+00:00,c6c75986861df0cf,0f29d7fbf1a35212c7d577ceeb59a0976987891f44783845c62d67166e0eee03,True,flag,layering,"Identical large wires rapidly hop through limited-KYC personal accounts across AE/PA, obscuring origin.",975,40,0.002717,True,,0,"{""suspicious"": true, ""typology"": ""layering"", ""rationale"": ""Identical large wires rapidly hop through limited-KYC personal accounts across AE/PA, obscuring origin.""}"
full,REAL,xai_grok,grok-4.5,xai,xai,v_terse,0,S-layering-h-008,suspicious,layering,hard,suspicious:layering,1096926284,0.0,2026-07-15T16:49:22.408317+00:00,f7c4bbd05fd2ee06,57d1b8cb8dd28e1fc448d3b946949e2c36fa559d25d3570ff89ccaa258551f0e,True,flag,layering,"Identical large sums rapidly wired through chain of limited-KYC personal accounts including AE, obscuring source.",971,40,0.002707,True,,0,"{""suspicious"": true, ""typology"": ""layering"", ""rationale"": ""Identical large sums rapidly wired through chain of limited-KYC personal accounts including AE, obscuring source.""}"
full,REAL,xai_grok,grok-4.5,xai,xai,v_terse,0,S-layering-h-009,suspicious,layering,hard,suspicious:layering,1109088154,0.0,2026-07-15T16:49:26.670248+00:00,d1c8f60fc59495a5,26bcbfafa4981d3b5b000ee9e035397abc9b223f6a2f4bd766e0a4a3b2eea4d7,True,flag,layering,Identical large sums rapidly wired via low-KYC accounts in high-risk jurisdictions (AE/PA/CY) obscuring origin.,969,46,0.002745,True,,0,"{""suspicious"": true, ""typology"": ""layering"", ""rationale"": ""Identical large sums rapidly wired via low-KYC accounts in high-risk jurisdictions (AE/PA/CY) obscuring origin.""}"
full,REAL,xai_grok,grok-4.5,xai,xai,v_terse,0,S-layering-m-001,suspicious,layering,medium,suspicious:layering,568739367,0.0,2026-07-15T16:49:26.730542+00:00,ec3f936abb00101e,e5766cb9144a364f8e7c7645cddb88e7f046f2a2fe586d6836d7a732f8a6ac90,True,flag,layering,Rapid successive large wires through limited-KYC personal accounts in PA/AE/CY obscure origin.,855,39,0.002411,True,,0,"{""suspicious"": true, ""typology"": ""layering"", ""rationale"": ""Rapid successive large wires through limited-KYC personal accounts in PA/AE/CY obscure origin.""}"
full,REAL,xai_grok,grok-4.5,xai,xai,v_terse,0,S-layering-m-000,suspicious,layering,medium,suspicious:layering,1711542628,0.0,2026-07-15T16:49:28.105250+00:00,360d4fa4f011540f,9f4ea870041de75ade59a119af38929af76571cbb45c1c6761ddd674c9bb3505,True,flag,layering,Rapid chain of large wires via limited-KYC personals across US/AE/PA suggests layering.,854,41,0.002422,True,,0,"{""suspicious"": true, ""typology"": ""layering"", ""rationale"": ""Rapid chain of large wires via limited-KYC personals across US/AE/PA suggests layering.""}"
full,REAL,xai_grok,grok-4.5,xai,xai,v_terse,0,S-layering-h-010,suspicious,layering,hard,suspicious:layering,584271463,0.0,2026-07-15T16:49:28.473590+00:00,2b72f79bf6de3bda,2bf1e12f91bf06ce7cd749f1a0083fab6e9e5a90e822a665c29f9992a83af3ea,True,flag,layering,"Identical large sum wired rapidly through chain of limited-KYC personal accounts including Panama hops, obscuring source.",971,41,0.002714,True,,0,"{""suspicious"": true, ""typology"": ""layering"", ""rationale"": ""Identical large sum wired rapidly through chain of limited-KYC personal accounts including Panama hops, obscuring source.""}"
full,REAL,xai_grok,grok-4.5,xai,xai,v_terse,0,S-layering-m-003,suspicious,layering,medium,suspicious:layering,1963829545,0.0,2026-07-15T16:49:32.352276+00:00,e0213a5c4318bb7e,7094e32a3e27de12d6624fc9944e3e6501d6490c6b52cc9001393a7560bc48a8,True,flag,layering,"Large wires rapidly chain through basic-KYC personal accounts across US-AE-PA, obscuring source before small legit payments.",856,45,0.002455,True,,0,"{""suspicious"": true, ""typology"": ""layering"", ""rationale"": ""Large wires rapidly chain through basic-KYC personal accounts across US-AE-PA, obscuring source before small legit payments.""}"
full,REAL,xai_grok,grok-4.5,xai,xai,v_terse,0,S-layering-m-002,suspicious,layering,medium,suspicious:layering,1387675612,0.0,2026-07-15T16:49:32.578885+00:00,216c425d37ded774,ba22a19f4f40b62f9c2d8a1b33924b257b0b7f0c427352bdd684d5a215d08671,True,flag,layering,Rapid multi-hop wires of similar large sums through limited-KYC personal accounts in CY/AE/PA obscure origin.,857,44,0.00245,True,,0,"{""suspicious"": true, ""typology"": ""layering"", ""rationale"": ""Rapid multi-hop wires of similar large sums through limited-KYC personal accounts in CY/AE/PA obscure origin.""}"
full,REAL,xai_grok,grok-4.5,xai,xai,v_terse,0,S-layering-m-005,suspicious,layering,medium,suspicious:layering,1447728485,0.0,2026-07-15T16:49:34.581968+00:00,230f4e6487d62420,f65d358071f85c8a0f222ddf019d6a8ad5e9c90f3b9933ed3de31da512982a76,True,flag,layering,"Large sum rapidly chained through multiple low-KYC personal accounts in PA/CY, classic layering.",858,40,0.002425,True,,0,"{""suspicious"": true, ""typology"": ""layering"", ""rationale"": ""Large sum rapidly chained through multiple low-KYC personal accounts in PA/CY, classic layering.""}"
full,REAL,xai_grok,grok-4.5,xai,xai,v_terse,0,S-layering-m-006,suspicious,layering,medium,suspicious:layering,973044077,0.0,2026-07-15T16:49:35.049620+00:00,3a0852225628745b,f396f2323335ef7b45a09385b9c1c77e7a18123a75a7cd7698df2fea6ce144e1,True,flag,layering,Rapid multi-hop wires of ~50k through personal accounts in AE/PA/CY/US obscure source; later small legit flows.,854,47,0.002464,True,,0,"{""suspicious"": true, ""typology"": ""layering"", ""rationale"": ""Rapid multi-hop wires of ~50k through personal accounts in AE/PA/CY/US obscure source; later small legit flows.""}"
full,REAL,xai_grok,grok-4.5,xai,xai,v_terse,0,S-layering-m-004,suspicious,layering,medium,suspicious:layering,141440772,0.0,2026-07-15T16:49:36.131672+00:00,20cbfc4d8e6bc994,4f07ca5cfd819276eac95082bc2de1319037d9c7b5c83c2780cb5b086a222712,True,flag,layering,Rapid large wires among limited-KYC personal accounts across high-risk jurisdictions (AE/PA/CY) obscure fund origins.,855,45,0.002453,True,,0,"{""suspicious"": true, ""typology"": ""layering"", ""rationale"": ""Rapid large wires among limited-KYC personal accounts across high-risk jurisdictions (AE/PA/CY) obscure fund origins.""}"
full,REAL,xai_grok,grok-4.5,xai,xai,v_terse,0,S-layering-m-007,suspicious,layering,medium,suspicious:layering,1090571983,0.0,2026-07-15T16:49:36.152502+00:00,f3bee3e420187b35,1491421158128bddbb5919355632d973906486664e5da672d740660a583f0cf1,True,flag,layering,"Rapid multi-hop wire chain through limited-KYC personal accounts in AE/CY, decreasing amounts, then small outflows.",851,45,0.002443,True,,0,"{""suspicious"": true, ""typology"": ""layering"", ""rationale"": ""Rapid multi-hop wire chain through limited-KYC personal accounts in AE/CY, decreasing amounts, then small outflows.""}"
full,REAL,xai_grok,grok-4.5,xai,xai,v_terse,0,S-layering-m-009,suspicious,layering,medium,suspicious:layering,1524133619,0.0,2026-07-15T16:49:41.446704+00:00,dc867a51ad852031,43cab857248488c569c0b378c7e9f4c13c6a3487fcd6104be363b9f9910d34e8,True,flag,layering,"Large sums rapidly wired through chain of low-KYC personal accounts in CY/PA, diluting origin before small legit outflows.",855,46,0.002459,True,,0,"{""suspicious"": true, ""typology"": ""layering"", ""rationale"": ""Large sums rapidly wired through chain of low-KYC personal accounts in CY/PA, diluting origin before small legit outflows.""}"
full,REAL,xai_grok,grok-4.5,xai,xai,v_terse,0,S-layering-m-010,suspicious,layering,medium,suspicious:layering,1317425462,0.0,2026-07-15T16:49:41.570887+00:00,9139cc1be3d13c80,7f7b8843591283d999ba9dd8c647ee91d9a12f035a77280c3cb8a5a79cafbd2e,True,flag,layering,Rapid multi-hop wire chain through low-KYC personal accounts in CY/AE/PA obscures origin before minor outflows.,857,46,0.002464,True,,0,"{""suspicious"": true, ""typology"": ""layering"", ""rationale"": ""Rapid multi-hop wire chain through low-KYC personal accounts in CY/AE/PA obscures origin before minor outflows.""}"
full,REAL,xai_grok,grok-4.5,xai,xai,v_terse,0,S-layering-m-008,suspicious,layering,medium,suspicious:layering,705578699,0.0,2026-07-15T16:49:42.275267+00:00,aae0b4942ec49729,28a7c772645379a1848f6aec801984c825b7ac5eb05949aa01ad1243ea238f8f,True,flag,layering,"Large wires hop via limited-KYC accounts incl. Cyprus, obscuring source from verified ORIG.",854,39,0.002408,True,,0,"{""suspicious"": true, ""typology"": ""layering"", ""rationale"": ""Large wires hop via limited-KYC accounts incl. Cyprus, obscuring source from verified ORIG.""}"
full,REAL,xai_grok,grok-4.5,xai,xai,v_terse,0,S-layering-m-013,suspicious,layering,medium,suspicious:layering,302273629,0.0,2026-07-15T16:49:47.114216+00:00,637a9abdf87a1585,8be4e1f08fe7d17447c140360e37a8c3cb9918869c6c9c9d7c1db80d920e0015,True,flag,layering,Rapid multi-hop large wires via low-KYC personal accounts in high-risk jurisdictions obscure fund origin.,860,41,0.002437,True,,0,"{""suspicious"": true, ""typology"": ""layering"", ""rationale"": ""Rapid multi-hop large wires via low-KYC personal accounts in high-risk jurisdictions obscure fund origin.""}"
full,REAL,xai_grok,grok-4.5,xai,xai,v_terse,0,S-layering-m-011,suspicious,layering,medium,suspicious:layering,566259399,0.0,2026-07-15T16:49:47.573966+00:00,131d17af59474b2e,90af2e70958a2dfe36358026d0bb2ed98c710f9b90b7ad9f38570352d76be4bd,True,flag,layering,"Large wires rapidly hop through limited-KYC personal accounts across PA/CY/US, obscuring origin via multi-hop chain.",855,46,0.002459,True,,0,"{""suspicious"": true, ""typology"": ""layering"", ""rationale"": ""Large wires rapidly hop through limited-KYC personal accounts across PA/CY/US, obscuring origin via multi-hop chain.""}"
full,REAL,xai_grok,grok-4.5,xai,xai,v_terse,0,S-layering-m-012,suspicious,layering,medium,suspicious:layering,794169974,0.0,2026-07-15T16:49:49.123317+00:00,d2086bed900e9c99,6a9c3de7f9f5294ff6cc618655984bdfa4e011442fbfb03d43e18d1f729c5d23,True,flag,layering,Rapid multi-hop large wires via limited-KYC personal accounts in AE/PA obscure source from verified US origin.,855,43,0.002439,True,,0,"{""suspicious"": true, ""typology"": ""layering"", ""rationale"": ""Rapid multi-hop large wires via limited-KYC personal accounts in AE/PA obscure source from verified US origin.""}"
full,REAL,xai_grok,grok-4.5,xai,xai,v_terse,0,S-mule_network-e-000,suspicious,mule_network,easy,suspicious:mule_network,1473197826,0.0,2026-07-15T16:49:49.257192+00:00,922a9afe57e087bb,6195cb9e67806f83df5bcb2b31c559c64e6e3e7f666d7eef83a16ed8da104689,True,flag,mule_network,"Multiple new low-KYC accounts rapidly send similar P2P sums to one beneficiary, classic mule funneling.",1092,43,0.003031,True,,0,"{""suspicious"": true, ""typology"": ""mule_network"", ""rationale"": ""Multiple new low-KYC accounts rapidly send similar P2P sums to one beneficiary, classic mule funneling.""}"
full,REAL,xai_grok,grok-4.5,xai,xai,v_terse,0,S-mule_network-e-002,suspicious,mule_network,easy,suspicious:mule_network,1323965043,0.0,2026-07-15T16:49:51.966122+00:00,4e037d68f8d95a70,058315e4c70169cf2ddf42bc67d6b6d81ffc9fd90deb4312858d4a92b081c3a8,True,flag,mule_network,"Multiple new basic-KYC accounts rapidly send similar P2P sums to BEN, classic mule collection pattern.",1088,42,0.003014,True,,0,"{""suspicious"": true, ""typology"": ""mule_network"", ""rationale"": ""Multiple new basic-KYC accounts rapidly send similar P2P sums to BEN, classic mule collection pattern.""}"
full,REAL,xai_grok,grok-4.5,xai,xai,v_terse,0,S-layering-m-014,suspicious,layering,medium,suspicious:layering,527448657,0.0,2026-07-15T16:49:52.132615+00:00,53df911f216387a5,bc00d8236b607c7617cc07684e3733eca9764777cfb8ceade5a6ae8c84bffe98,True,flag,layering,"Rapid chain of near-full-amount wires through multiple low-KYC personal accounts in AE/CY, peeling small fees, obscuring source.",856,49,0.002483,True,,0,"{""suspicious"": true, ""typology"": ""layering"", ""rationale"": ""Rapid chain of near-full-amount wires through multiple low-KYC personal accounts in AE/CY, peeling small fees, obscuring source.""}"
full,REAL,xai_grok,grok-4.5,xai,xai,v_terse,0,S-mule_network-e-003,suspicious,mule_network,easy,suspicious:mule_network,2060789927,0.0,2026-07-15T16:49:52.313402+00:00,b40feca0d0d12a9d,541a572e76d099295eed2b3ba99389a3a447c29dfb144926c6322d437ce70e92,True,flag,mule_network,Dozen new basic-KYC accounts funneling similar p2p sums to one beneficiary; classic mule collection pattern.,1082,43,0.003006,True,,0,"{""suspicious"": true, ""typology"": ""mule_network"", ""rationale"": ""Dozen new basic-KYC accounts funneling similar p2p sums to one beneficiary; classic mule collection pattern.""}"
full,REAL,xai_grok,grok-4.5,xai,xai,v_terse,0,S-mule_network-e-001,suspicious,mule_network,easy,suspicious:mule_network,238049210,0.0,2026-07-15T16:49:52.475406+00:00,344d50f826a9f8b3,fdcf4dc1b991455552ab82283e1062c27994850e43e79b783877f7bce948eae7,True,flag,mule_network,"Many new basic-KYC personal accounts send similar p2p sums to BEN, who later pays a vendor; classic mule collection.",1087,47,0.003047,True,,0,"{""suspicious"": true, ""typology"": ""mule_network"", ""rationale"": ""Many new basic-KYC personal accounts send similar p2p sums to BEN, who later pays a vendor; classic mule collection.""}"
full,REAL,xai_grok,grok-4.5,xai,xai,v_terse,0,S-mule_network-e-007,suspicious,mule_network,easy,suspicious:mule_network,842991329,0.0,2026-07-15T16:49:57.215190+00:00,afd499da61b277ea,932922b7a44a9fb89d2cf5bafcba4190f9faf145e41285f81a3b4c44fa72874c,True,flag,mule_network,Multiple new basic-KYC accounts rapidly send similar P2P sums to BEN; classic mule collection pattern.,1088,42,0.003014,True,,0,"{""suspicious"": true, ""typology"": ""mule_network"", ""rationale"": ""Multiple new basic-KYC accounts rapidly send similar P2P sums to BEN; classic mule collection pattern.""}"
full,REAL,xai_grok,grok-4.5,xai,xai,v_terse,0,S-mule_network-e-006,suspicious,mule_network,easy,suspicious:mule_network,2043008899,0.0,2026-07-15T16:49:57.406378+00:00,3a1b12a8291f067f,d424d683947fa52b2309ce802dde671e44e4a64f4e69c60e991575da1762dd7c,True,flag,mule_network,"Multiple new basic-KYC personal accounts rapidly send similar P2P sums to BEN, classic mule collection pattern.",1083,43,0.003008,True,,0,"{""suspicious"": true, ""typology"": ""mule_network"", ""rationale"": ""Multiple new basic-KYC personal accounts rapidly send similar P2P sums to BEN, classic mule collection pattern.""}"
full,REAL,xai_grok,grok-4.5,xai,xai,v_terse,0,S-mule_network-e-004,suspicious,mule_network,easy,suspicious:mule_network,174703529,0.0,2026-07-15T16:49:57.412252+00:00,ae4f0f1f48022eed,57e0da20fba65b40c4a28ec34f7d9cb0787882f842852c76978e7df589d14f08,True,flag,funnel_account,"Multiple new low-KYC accounts send similar small P2P sums to one beneficiary, classic consolidation funnel.",1076,43,0.002991,True,,0,"{""suspicious"": true, ""typology"": ""funnel_account"", ""rationale"": ""Multiple new low-KYC accounts send similar small P2P sums to one beneficiary, classic consolidation funnel.""}"
full,REAL,xai_grok,grok-4.5,xai,xai,v_terse,0,S-mule_network-e-005,suspicious,mule_network,easy,suspicious:mule_network,975189826,0.0,2026-07-15T16:49:58.033579+00:00,624e4d245da8decc,223ce8c60d0bc192d999297ead1d2dec7cac8d0a11a0794cb8d4588d992ecd4c,True,flag,mule_network,"Multiple new basic-KYC accounts rapidly send similar p2p sums to one beneficiary, classic mule funneling.",1086,43,0.003016,True,,0,"{""suspicious"": true, ""typology"": ""mule_network"", ""rationale"": ""Multiple new basic-KYC accounts rapidly send similar p2p sums to one beneficiary, classic mule funneling.""}"
full,REAL,xai_grok,grok-4.5,xai,xai,v_terse,0,S-mule_network-e-009,suspicious,mule_network,easy,suspicious:mule_network,1829399813,0.0,2026-07-15T16:49:59.982987+00:00,7febb8f215ecf282,8cc1e1a2c1bd184b712a341880a2660b777134b3e6f74f76c87b1566784c4ecf,True,flag,mule_network,Multiple new basic-KYC accounts rapidly send similar P2P amounts to single beneficiary BEN.,1075,39,0.00296,True,,0,"{""suspicious"": true, ""typology"": ""mule_network"", ""rationale"": ""Multiple new basic-KYC accounts rapidly send similar P2P amounts to single beneficiary BEN.""}"
full,REAL,xai_grok,grok-4.5,xai,xai,v_terse,0,S-mule_network-e-010,suspicious,mule_network,easy,suspicious:mule_network,1424815880,0.0,2026-07-15T16:50:02.433374+00:00,b8fad181736b25b2,3b33e22f8218a10ea838636aa0d711ed766083c14db80e4bfe38a9a394f3e97c,True,flag,mule_network,"Multiple new basic-KYC accounts rapidly send funds to BEN, consistent with mule activity funneling to one beneficiary.",1081,43,0.003004,True,,0,"{""suspicious"": true, ""typology"": ""mule_network"", ""rationale"": ""Multiple new basic-KYC accounts rapidly send funds to BEN, consistent with mule activity funneling to one beneficiary.""}"
full,REAL,xai_grok,grok-4.5,xai,xai,v_terse,0,S-mule_network-e-011,suspicious,mule_network,easy,suspicious:mule_network,667990908,0.0,2026-07-15T16:50:02.469714+00:00,40a42654dc172861,db7366feb90f339a359d56303f3f5069990aa8b7fe2c858d6eea64a2295646b3,True,flag,mule_network,Dozen new basic-KYC accounts rapidly send similar p2p sums to one beneficiary; classic mule collection pattern.,1086,43,0.003016,True,,0,"{""suspicious"": true, ""typology"": ""mule_network"", ""rationale"": ""Dozen new basic-KYC accounts rapidly send similar p2p sums to one beneficiary; classic mule collection pattern.""}"
full,REAL,xai_grok,grok-4.5,xai,xai,v_terse,0,S-mule_network-e-008,suspicious,mule_network,easy,suspicious:mule_network,410122034,0.0,2026-07-15T16:50:02.503869+00:00,cb39fb4ab2e94c70,0a2d208a3f3a7c156afe4aad49a55bf0185ab0aed74e7532dccf68b72df06bfa,True,flag,mule_network,"Multiple new basic-KYC accounts send similar p2p sums to one beneficiary, classic mule collection pattern.",1085,42,0.003007,True,,0,"{""suspicious"": true, ""typology"": ""mule_network"", ""rationale"": ""Multiple new basic-KYC accounts send similar p2p sums to one beneficiary, classic mule collection pattern.""}"
full,REAL,xai_grok,grok-4.5,xai,xai,v_terse,0,S-mule_network-h-000,suspicious,mule_network,hard,suspicious:mule_network,2044706874,0.0,2026-07-15T16:50:04.734213+00:00,4c141eb2c8d2e933,e3f3f655e57429912b5322714c312af36bf19d563bf76683a0c48d30e59b7553,True,flag,mule_network,"Multiple new basic-KYC accounts rapidly send p2p funds to BEN, indicating coordinated mule activity.",1029,41,0.00286,True,,0,"{""suspicious"": true, ""typology"": ""mule_network"", ""rationale"": ""Multiple new basic-KYC accounts rapidly send p2p funds to BEN, indicating coordinated mule activity.""}"
full,REAL,xai_grok,grok-4.5,xai,xai,v_terse,0,S-mule_network-h-001,suspicious,mule_network,hard,suspicious:mule_network,1423640823,0.0,2026-07-15T16:50:05.496231+00:00,1947d285d81b1c56,1f04c104a8731680c286cba55d97209c9f524bd545316ad086de7b8116947c54,True,flag,mule_network,"Multiple new basic-KYC accounts rapidly send P2P funds to BEN amid mixed payroll/tax flows, classic mule network.",1028,46,0.002892,True,,0,"{""suspicious"": true, ""typology"": ""mule_network"", ""rationale"": ""Multiple new basic-KYC accounts rapidly send P2P funds to BEN amid mixed payroll/tax flows, classic mule network.""}"
full,REAL,xai_grok,grok-4.5,xai,xai,v_terse,0,S-mule_network-h-003,suspicious,mule_network,hard,suspicious:mule_network,763879601,0.0,2026-07-15T16:50:08.134098+00:00,e2b07928d17bdb4d,ed42084db37f1fa4b4817ef9b5fa5905a64c7416178e24bc265b86217a3e61b2,True,flag,mule_network,"Multiple new low-KYC accounts rapidly send similar P2P sums to BEN, indicating coordinated mule activity.",1032,42,0.002874,True,,0,"{""suspicious"": true, ""typology"": ""mule_network"", ""rationale"": ""Multiple new low-KYC accounts rapidly send similar P2P sums to BEN, indicating coordinated mule activity.""}"
full,REAL,xai_grok,grok-4.5,xai,xai,v_terse,0,S-mule_network-h-002,suspicious,mule_network,hard,suspicious:mule_network,1295716565,0.0,2026-07-15T16:50:09.090791+00:00,617a2ae11d737339,c905284fc05ecbe8f78e46c5948487b045c488884ce31b15270cc55d093033b6,True,flag,mule_network,New low-KYC accounts receive funds then P2P to BEN who consolidates and pays vendor.,1026,41,0.002852,True,,0,"{""suspicious"": true, ""typology"": ""mule_network"", ""rationale"": ""New low-KYC accounts receive funds then P2P to BEN who consolidates and pays vendor.""}"
full,REAL,xai_grok,grok-4.5,xai,xai,v_terse,0,S-mule_network-h-004,suspicious,mule_network,hard,suspicious:mule_network,756897597,0.0,2026-07-15T16:50:09.606270+00:00,b953bc915156c632,5f741da8e1c126b609033c0f6bf54ae9810e4b0128cf06caa05d25563578d838,True,flag,mule_network,Multiple new basic-KYC personal accounts receive funds then P2P to BEN; indicates mule network.,1038,41,0.002882,True,,0,"{""suspicious"": true, ""typology"": ""mule_network"", ""rationale"": ""Multiple new basic-KYC personal accounts receive funds then P2P to BEN; indicates mule network.""}"
full,REAL,xai_grok,grok-4.5,xai,xai,v_terse,0,S-mule_network-h-005,suspicious,mule_network,hard,suspicious:mule_network,281073744,0.0,2026-07-15T16:50:10.325099+00:00,e0524cbe36aa86b9,c50f286b37005e8b0c4f84b9256d48b2508697a22105cf49222ca239d90d68d0,True,flag,mule_network,"Multiple new basic-KYC accounts rapidly send P2P funds to BEN, classic mule collection pattern.",1040,41,0.002887,True,,0,"{""suspicious"": true, ""typology"": ""mule_network"", ""rationale"": ""Multiple new basic-KYC accounts rapidly send P2P funds to BEN, classic mule collection pattern.""}"
full,REAL,xai_grok,grok-4.5,xai,xai,v_terse,0,S-mule_network-h-006,suspicious,mule_network,hard,suspicious:mule_network,395969395,0.0,2026-07-15T16:50:11.604960+00:00,5de197defacc2555,1f3595897a4e83f40feea8e734017956844dc39feacb21e9787474e048ba1b06,True,flag,mule_network,New low-KYC accounts receive funds then rapidly P2P to BEN; classic mule layering.,1035,41,0.002874,True,,0,"{""suspicious"": true, ""typology"": ""mule_network"", ""rationale"": ""New low-KYC accounts receive funds then rapidly P2P to BEN; classic mule layering.""}"
full,REAL,xai_grok,grok-4.5,xai,xai,v_terse,0,S-mule_network-h-007,suspicious,mule_network,hard,suspicious:mule_network,1222023137,0.0,2026-07-15T16:50:12.362126+00:00,fdf1be389d126bdc,6baba7864029e8c3337995afe778b29d4b76a22cd2b68800b95bfe5f0a966319,True,flag,mule_network,"Multiple new basic-KYC accounts receive mixed inflows then rapidly P2P to BEN, classic mule funneling.",1034,44,0.002893,True,,0,"{""suspicious"": true, ""typology"": ""mule_network"", ""rationale"": ""Multiple new basic-KYC accounts receive mixed inflows then rapidly P2P to BEN, classic mule funneling.""}"
full,REAL,xai_grok,grok-4.5,xai,xai,v_terse,0,S-mule_network-h-008,suspicious,mule_network,hard,suspicious:mule_network,293413550,0.0,2026-07-15T16:50:13.479545+00:00,cb452b6cbcc286b6,9d89e76664381642d7b12202d21f6fe61a83cda17d4e0493a61c5a6c47b95040,True,flag,mule_network,Multiple new basic-KYC accounts send P2P funds to BEN; later mixed merchant inflows suggest coordinated mule collection.,1035,45,0.002902,True,,0,"{""suspicious"": true, ""typology"": ""mule_network"", ""rationale"": ""Multiple new basic-KYC accounts send P2P funds to BEN; later mixed merchant inflows suggest coordinated mule collection.""}"
full,REAL,xai_grok,grok-4.5,xai,xai,v_terse,0,S-mule_network-m-001,suspicious,mule_network,medium,suspicious:mule_network,355155648,0.0,2026-07-15T16:50:16.409069+00:00,caa0509680faa34c,46fb637072014183df8a5ecbc3002917ce20915ab8e4cd454d27326bca354494,True,flag,mule_network,"Multiple new low-KYC accounts rapidly send similar P2P sums to one beneficiary, classic mule collection pattern.",1015,43,0.002839,True,,0,"{""suspicious"": true, ""typology"": ""mule_network"", ""rationale"": ""Multiple new low-KYC accounts rapidly send similar P2P sums to one beneficiary, classic mule collection pattern.""}"
full,REAL,xai_grok,grok-4.5,xai,xai,v_terse,0,S-mule_network-h-010,suspicious,mule_network,hard,suspicious:mule_network,1320061031,0.0,2026-07-15T16:50:16.638148+00:00,ec109d231debf23c,a8c1d34e9bdab1d2b914833782b74c82aee5057c819b32f38cbf03e30f88be18,True,flag,mule_network,"Multiple new low-KYC accounts send similar P2P sums to BEN, indicating coordinated mule funneling.",1033,42,0.002877,True,,0,"{""suspicious"": true, ""typology"": ""mule_network"", ""rationale"": ""Multiple new low-KYC accounts send similar P2P sums to BEN, indicating coordinated mule funneling.""}"
full,REAL,xai_grok,grok-4.5,xai,xai,v_terse,0,S-mule_network-m-000,suspicious,mule_network,medium,suspicious:mule_network,2137193118,0.0,2026-07-15T16:50:16.927697+00:00,27908d4c4525afc6,d67420a4f27c798ef7448bb87eaba1072db89de8699a1968513f97175e571378,True,flag,mule_network,"Multiple new basic-KYC accounts rapidly send similar P2P sums to BEN, indicating coordinated mule funneling.",1015,43,0.002839,True,,0,"{""suspicious"": true, ""typology"": ""mule_network"", ""rationale"": ""Multiple new basic-KYC accounts rapidly send similar P2P sums to BEN, indicating coordinated mule funneling.""}"
full,REAL,xai_grok,grok-4.5,xai,xai,v_terse,0,S-mule_network-h-009,suspicious,mule_network,hard,suspicious:mule_network,462873312,0.0,2026-07-15T16:50:17.061318+00:00,d48a52ea365ea03d,abb0eb742266e89f124d7f30ed5a324d50653e2497b27e0779e0b39b4da29b5f,True,flag,mule_network,New basic-KYC accounts rapidly pass funds via P2P to BEN after inflows from tax/rent sources.,1028,44,0.002878,True,,0,"{""suspicious"": true, ""typology"": ""mule_network"", ""rationale"": ""New basic-KYC accounts rapidly pass funds via P2P to BEN after inflows from tax/rent sources.""}"
full,REAL,xai_grok,grok-4.5,xai,xai,v_terse,0,S-mule_network-m-002,suspicious,mule_network,medium,suspicious:mule_network,31294586,0.0,2026-07-15T16:50:19.058730+00:00,5432da09dc2477d9,217668b49e3f976a4047e512954cb618160e5c713ce5af2ce764c2ccc20ad914,True,flag,mule_network,"Multiple new low-KYC personal accounts rapidly send similar p2p sums to BEN, classic mule funneling.",1018,43,0.002846,True,,0,"{""suspicious"": true, ""typology"": ""mule_network"", ""rationale"": ""Multiple new low-KYC personal accounts rapidly send similar p2p sums to BEN, classic mule funneling.""}"
full,REAL,xai_grok,grok-4.5,xai,xai,v_terse,0,S-mule_network-m-003,suspicious,mule_network,medium,suspicious:mule_network,571691002,0.0,2026-07-15T16:50:20.321541+00:00,e681dd7db3aed71d,78c4d988ff7d8ede2737defa72916aedce06202073cc5ff8a0d733a8e9f0c7e3,True,flag,mule_network,Multiple new basic-KYC accounts rapidly send similar P2P sums to BEN; classic mule funneling.,1014,42,0.002829,True,,0,"{""suspicious"": true, ""typology"": ""mule_network"", ""rationale"": ""Multiple new basic-KYC accounts rapidly send similar P2P sums to BEN; classic mule funneling.""}"
full,REAL,xai_grok,grok-4.5,xai,xai,v_terse,0,S-mule_network-m-004,suspicious,mule_network,medium,suspicious:mule_network,645708321,0.0,2026-07-15T16:50:21.695751+00:00,eb1b2741771ea06d,fc7eb3efb422c0f2eb9f1bbdd952f49465df043fe93c7d84f1ba1cb83ebdd4b1,True,flag,mule_network,Multiple new basic-KYC accounts rapidly send P2P funds to BEN; classic mule collection pattern.,1018,41,0.002832,True,,0,"{""suspicious"": true, ""typology"": ""mule_network"", ""rationale"": ""Multiple new basic-KYC accounts rapidly send P2P funds to BEN; classic mule collection pattern.""}"
full,REAL,xai_grok,grok-4.5,xai,xai,v_terse,0,S-mule_network-m-005,suspicious,mule_network,medium,suspicious:mule_network,1949828983,0.0,2026-07-15T16:50:22.784566+00:00,9eb83380166d6871,932922b7a44a9fb89d2cf5bafcba4190f9faf145e41285f81a3b4c44fa72874c,True,flag,mule_network,Multiple new basic-KYC accounts rapidly send similar P2P sums to BEN; classic mule collection pattern.,1010,42,0.002819,True,,0,"{""suspicious"": true, ""typology"": ""mule_network"", ""rationale"": ""Multiple new basic-KYC accounts rapidly send similar P2P sums to BEN; classic mule collection pattern.""}"
full,REAL,xai_grok,grok-4.5,xai,xai,v_terse,0,S-mule_network-m-006,suspicious,mule_network,medium,suspicious:mule_network,830063377,0.0,2026-07-15T16:50:22.926388+00:00,a7f956d6dd36bdbb,5169edd86f754b3abc2f46a23d0a71990d4e505d494a4bce43d2828097bf5970,True,flag,mule_network,"Multiple new basic-KYC personal accounts rapidly send P2P funds to BEN, classic mule collection pattern.",1017,42,0.002836,True,,0,"{""suspicious"": true, ""typology"": ""mule_network"", ""rationale"": ""Multiple new basic-KYC personal accounts rapidly send P2P funds to BEN, classic mule collection pattern.""}"
full,REAL,xai_grok,grok-4.5,xai,xai,v_terse,0,S-mule_network-m-007,suspicious,mule_network,medium,suspicious:mule_network,2116594535,0.0,2026-07-15T16:50:23.565040+00:00,3b62a5019ea1647a,d1a56f6fd3a59736102d91823b6ea5c85d51c1bae80c90003611a3e11f0fabc3,True,flag,mule_network,"Multiple new basic-KYC personal accounts rapidly send similar p2p sums to BEN, classic mule collection pattern.",1016,43,0.002841,True,,0,"{""suspicious"": true, ""typology"": ""mule_network"", ""rationale"": ""Multiple new basic-KYC personal accounts rapidly send similar p2p sums to BEN, classic mule collection pattern.""}"
full,REAL,xai_grok,grok-4.5,xai,xai,v_terse,0,S-mule_network-m-008,suspicious,mule_network,medium,suspicious:mule_network,217533825,0.0,2026-07-15T16:50:25.223721+00:00,16f1d84cf40b881a,2817935d4e884c72e50c776a2dbb3d10bf288c5eb21c3fe01003afb272446f1a,True,flag,mule_network,"Multiple new basic-KYC accounts rapidly send similar p2p sums to BEN, classic mule funneling.",1014,42,0.002829,True,,0,"{""suspicious"": true, ""typology"": ""mule_network"", ""rationale"": ""Multiple new basic-KYC accounts rapidly send similar p2p sums to BEN, classic mule funneling.""}"
full,REAL,xai_grok,grok-4.5,xai,xai,v_terse,0,S-mule_network-m-010,suspicious,mule_network,medium,suspicious:mule_network,2055819025,0.0,2026-07-15T16:50:27.047778+00:00,abcc89b2533b0d92,3b21278bcc7ce35c309e2cbc7e5cbef06074b063b0e09b6e77e80e7b9512279a,True,flag,mule_network,"Multiple new basic-KYC accounts rapidly send similar p2p sums to BEN, classic mule collection pattern.",1019,42,0.002841,True,,0,"{""suspicious"": true, ""typology"": ""mule_network"", ""rationale"": ""Multiple new basic-KYC accounts rapidly send similar p2p sums to BEN, classic mule collection pattern.""}"
full,REAL,xai_grok,grok-4.5,xai,xai,v_terse,0,S-mule_network-m-009,suspicious,mule_network,medium,suspicious:mule_network,965602838,0.0,2026-07-15T16:50:27.956977+00:00,1d351a954f66a9db,aa8c1cebaa27fbe06a96ff8ae2a7af3c99406a1e810725488b6580a087094220,True,flag,mule_network,Multiple new basic-KYC accounts send similar p2p sums to BEN who consolidates and pays vendor; classic mule funnel.,1022,46,0.002877,True,,0,"{""suspicious"": true, ""typology"": ""mule_network"", ""rationale"": ""Multiple new basic-KYC accounts send similar p2p sums to BEN who consolidates and pays vendor; classic mule funnel.""}"
full,REAL,xai_grok,grok-4.5,xai,xai,v_terse,0,S-mule_network-m-011,suspicious,mule_network,medium,suspicious:mule_network,412881341,0.0,2026-07-15T16:50:28.601452+00:00,7956afbbf169acbf,4364a52c1515ff8194ec71627a5fe2c93043ccbb446e5bf5386c1933f8aeda25,True,flag,mule_network,Multiple new basic-KYC personal accounts rapidly send similar P2P sums to BEN; classic mule collection pattern.,1019,43,0.002848,True,,0,"{""suspicious"": true, ""typology"": ""mule_network"", ""rationale"": ""Multiple new basic-KYC personal accounts rapidly send similar P2P sums to BEN; classic mule collection pattern.""}"
full,REAL,xai_grok,grok-4.5,xai,xai,v_terse,0,S-mule_network-m-012,suspicious,mule_network,medium,suspicious:mule_network,1465353580,0.0,2026-07-15T16:50:28.657084+00:00,939b478509cb0256,cf221fdf223f5f2cf6436bed10084ed476106b6cf691b2909bbbb2e551acabf5,True,flag,mule_network,"Multiple new low-KYC accounts rapidly transfer funds to BEN via P2P, classic mule network pattern.",1014,42,0.002829,True,,0,"{""suspicious"": true, ""typology"": ""mule_network"", ""rationale"": ""Multiple new low-KYC accounts rapidly transfer funds to BEN via P2P, classic mule network pattern.""}"
full,REAL,xai_grok,grok-4.5,xai,xai,v_terse,0,S-mule_network-m-014,suspicious,mule_network,medium,suspicious:mule_network,32569634,0.0,2026-07-15T16:50:31.048744+00:00,c319b392a69ab4cb,932922b7a44a9fb89d2cf5bafcba4190f9faf145e41285f81a3b4c44fa72874c,True,flag,mule_network,Multiple new basic-KYC accounts rapidly send similar P2P sums to BEN; classic mule collection pattern.,1018,42,0.002839,True,,0,"{""suspicious"": true, ""typology"": ""mule_network"", ""rationale"": ""Multiple new basic-KYC accounts rapidly send similar P2P sums to BEN; classic mule collection pattern.""}"
full,REAL,xai_grok,grok-4.5,xai,xai,v_terse,0,S-mule_network-m-013,suspicious,mule_network,medium,suspicious:mule_network,1028184200,0.0,2026-07-15T16:50:33.941481+00:00,5677fa4fc3909d90,058315e4c70169cf2ddf42bc67d6b6d81ffc9fd90deb4312858d4a92b081c3a8,True,flag,mule_network,"Multiple new basic-KYC accounts rapidly send similar P2P sums to BEN, classic mule collection pattern.",1015,42,0.002832,True,,0,"{""suspicious"": true, ""typology"": ""mule_network"", ""rationale"": ""Multiple new basic-KYC accounts rapidly send similar P2P sums to BEN, classic mule collection pattern.""}"
full,REAL,xai_grok,grok-4.5,xai,xai,v_terse,0,S-rapid_passthrough-e-000,suspicious,rapid_passthrough,easy,suspicious:rapid_passthrough,39859194,0.0,2026-07-15T16:50:34.181075+00:00,a4397019b1e8e975,07b65cdb7cab0b9112e7336d7d17bb94f96153c498e61232ccccf29abccabc89,True,flag,rapid_passthrough,Same-day identical large wire RU personal via basic-KYC US personal to CN business indicates mule passthrough.,580,45,0.001765,True,,0,"{""suspicious"": true, ""typology"": ""rapid_passthrough"", ""rationale"": ""Same-day identical large wire RU personal via basic-KYC US personal to CN business indicates mule passthrough.""}"
full,REAL,xai_grok,grok-4.5,xai,xai,v_terse,0,S-rapid_passthrough-e-002,suspicious,rapid_passthrough,easy,suspicious:rapid_passthrough,1571723203,0.0,2026-07-15T16:50:34.689159+00:00,c9959824eca2148b,e08910998d1f479808d8899b8a830271e51baf1f8bcd3eb4b4b0d4096407e495,True,flag,rapid_passthrough,Large same-day wire from NG personal via basic-KYC US personal to US business indicates rapid passthrough layering.,580,47,0.001779,True,,0,"{""suspicious"": true, ""typology"": ""rapid_passthrough"", ""rationale"": ""Large same-day wire from NG personal via basic-KYC US personal to US business indicates rapid passthrough layering.""}"
full,REAL,xai_grok,grok-4.5,xai,xai,v_terse,0,S-rapid_passthrough-e-001,suspicious,rapid_passthrough,easy,suspicious:rapid_passthrough,1455559198,0.0,2026-07-15T16:50:36.333914+00:00,893fff292b3f3d87,28983f2ed291fb10dc5eb82719a1a7b38ddd3a8cca64b95a466e88983a498a12,True,flag,rapid_passthrough,"95k wire from NG personal via basic-KYC US personal same-day fully to US business, then minor rents; classic passthrough mule.",578,52,0.001809,True,,0,"{""suspicious"": true, ""typology"": ""rapid_passthrough"", ""rationale"": ""95k wire from NG personal via basic-KYC US personal same-day fully to US business, then minor rents; classic passthrough mule.""}"
full,REAL,xai_grok,grok-4.5,xai,xai,v_terse,0,S-rapid_passthrough-e-003,suspicious,rapid_passthrough,easy,suspicious:rapid_passthrough,1818459359,0.0,2026-07-15T16:50:36.905455+00:00,1f280ca965fe8e92,2ca9f46e5f3f09968d261550b513d7e7136bc0433b34fad5769011a4e2abdd37,True,flag,rapid_passthrough,Large wire from RU personal via basic-KYC US personal to US business same day/amount.,580,42,0.001744,True,,0,"{""suspicious"": true, ""typology"": ""rapid_passthrough"", ""rationale"": ""Large wire from RU personal via basic-KYC US personal to US business same day/amount.""}"
full,REAL,xai_grok,grok-4.5,xai,xai,v_terse,0,S-rapid_passthrough-e-004,suspicious,rapid_passthrough,easy,suspicious:rapid_passthrough,1820316993,0.0,2026-07-15T16:50:38.641593+00:00,188ebee35e0beba1,db3c04c46344b7ff1697f74275ccc6f6e553561acbd76bc363fbf3a0bd481255,True,flag,rapid_passthrough,Same-day full-amount wire from RU personal via basic-KYC US personal to CN business indicates rapid passthrough.,580,47,0.001779,True,,0,"{""suspicious"": true, ""typology"": ""rapid_passthrough"", ""rationale"": ""Same-day full-amount wire from RU personal via basic-KYC US personal to CN business indicates rapid passthrough.""}"
full,REAL,xai_grok,grok-4.5,xai,xai,v_terse,0,S-rapid_passthrough-e-005,suspicious,rapid_passthrough,easy,suspicious:rapid_passthrough,1195696229,0.0,2026-07-15T16:50:38.765716+00:00,d0b619f624682daf,33ab811f5b48f53a9704c66871df366b7ee8332142d1361a3f203152b3b79f19,True,flag,rapid_passthrough,Same-day identical wire from RU personal via basic-KYC US personal to CN business indicates rapid passthrough.,580,45,0.001765,True,,0,"{""suspicious"": true, ""typology"": ""rapid_passthrough"", ""rationale"": ""Same-day identical wire from RU personal via basic-KYC US personal to CN business indicates rapid passthrough.""}"
full,REAL,xai_grok,grok-4.5,xai,xai,v_terse,0,S-rapid_passthrough-e-006,suspicious,rapid_passthrough,easy,suspicious:rapid_passthrough,2129611951,0.0,2026-07-15T16:50:40.368391+00:00,641fcb45c4848d6d,b68f4c41fd8c2e06069c2b80af19f37637bd2fdf6039705fa06cbf68e8455bb6,True,flag,rapid_passthrough,Same-day full-amount wire via basic-KYC personal account to UAE business indicates rapid passthrough.,578,44,0.001753,True,,0,"{""suspicious"": true, ""typology"": ""rapid_passthrough"", ""rationale"": ""Same-day full-amount wire via basic-KYC personal account to UAE business indicates rapid passthrough.""}"
full,REAL,xai_grok,grok-4.5,xai,xai,v_terse,0,S-rapid_passthrough-e-008,suspicious,rapid_passthrough,easy,suspicious:rapid_passthrough,1289605494,0.0,2026-07-15T16:50:41.482368+00:00,2d39eedbe71be870,b1c827d1fd652f6ceb3ea734d3cb8e2ead4c91952431d675702ef077acb76937,True,flag,rapid_passthrough,Same-day full-amount wire through basic-KYC personal account to business; classic rapid passthrough mule activity.,580,46,0.001772,True,,0,"{""suspicious"": true, ""typology"": ""rapid_passthrough"", ""rationale"": ""Same-day full-amount wire through basic-KYC personal account to business; classic rapid passthrough mule activity.""}"
full,REAL,xai_grok,grok-4.5,xai,xai,v_terse,0,S-rapid_passthrough-e-007,suspicious,rapid_passthrough,easy,suspicious:rapid_passthrough,569222728,0.0,2026-07-15T16:50:42.111225+00:00,b276aa1860627b37,a1d49918758df2b8c096d469412f93d6da77b2c038502d79b5c34fefe90a4227,True,flag,rapid_passthrough,Large 119k wire same-day through basic-KYC personal account to business indicates rapid passthrough.,578,44,0.001753,True,,0,"{""suspicious"": true, ""typology"": ""rapid_passthrough"", ""rationale"": ""Large 119k wire same-day through basic-KYC personal account to business indicates rapid passthrough.""}"
full,REAL,xai_grok,grok-4.5,xai,xai,v_terse,0,S-rapid_passthrough-e-009,suspicious,rapid_passthrough,easy,suspicious:rapid_passthrough,1511308514,0.0,2026-07-15T16:50:42.641664+00:00,8e403d7b196bfdec,d7931b03078815a2720fd860d56c4a42ee960a864f8ff18a9a486405e4d54e74,True,flag,rapid_passthrough,Same-day full 85k wire through basic-KYC personal account to UAE business; later small payrolls appear as cover.,578,49,0.001788,True,,0,"{""suspicious"": true, ""typology"": ""rapid_passthrough"", ""rationale"": ""Same-day full 85k wire through basic-KYC personal account to UAE business; later small payrolls appear as cover.""}"
full,REAL,xai_grok,grok-4.5,xai,xai,v_terse,0,S-rapid_passthrough-e-010,suspicious,rapid_passthrough,easy,suspicious:rapid_passthrough,434304161,0.0,2026-07-15T16:50:44.184433+00:00,b5f88d9bcd7eaeda,66198552ec8c112fc46e6945823fc3f31a919c483dc0928f278eba0c70c776ad,True,flag,rapid_passthrough,Same-day full-amount wire from RU personal via basic-KYC US personal to US business indicates rapid passthrough.,580,47,0.001779,True,,0,"{""suspicious"": true, ""typology"": ""rapid_passthrough"", ""rationale"": ""Same-day full-amount wire from RU personal via basic-KYC US personal to US business indicates rapid passthrough.""}"
full,REAL,xai_grok,grok-4.5,xai,xai,v_terse,0,S-rapid_passthrough-e-011,suspicious,rapid_passthrough,easy,suspicious:rapid_passthrough,250308036,0.0,2026-07-15T16:50:44.943234+00:00,fb25f9e66f95a1cb,f9a6394c1a74811b525f15ef43c242b785ee7d4128634ab33b9dc2628b62cff3,True,flag,rapid_passthrough,Same-day full-amount wire from NG personal via basic-KYC US account to CN business; classic rapid passthrough.,577,48,0.001779,True,,0,"{""suspicious"": true, ""typology"": ""rapid_passthrough"", ""rationale"": ""Same-day full-amount wire from NG personal via basic-KYC US account to CN business; classic rapid passthrough.""}"
full,REAL,xai_grok,grok-4.5,xai,xai,v_terse,0,S-rapid_passthrough-h-001,suspicious,rapid_passthrough,hard,suspicious:rapid_passthrough,247586561,0.0,2026-07-15T16:50:46.758615+00:00,3f2459a165aa0bb2,347e82e2b769e47064e33666cbd58dbca4dbd1105c5f6b9700e175135fd49ab5,True,flag,rapid_passthrough,Large RU wire to basic-KYC US personal acct rapidly forwarded to CN business; small legit payments as cover.,858,45,0.00246,True,,0,"{""suspicious"": true, ""typology"": ""rapid_passthrough"", ""rationale"": ""Large RU wire to basic-KYC US personal acct rapidly forwarded to CN business; small legit payments as cover.""}"
full,REAL,xai_grok,grok-4.5,xai,xai,v_terse,0,S-rapid_passthrough-h-000,suspicious,rapid_passthrough,hard,suspicious:rapid_passthrough,257184075,0.0,2026-07-15T16:50:46.919506+00:00,d8026b1877386c73,e6ea0dbaf784588aaa76e8d7b5934a04de9ee184db23515ec3c8d1ba10881703,True,flag,rapid_passthrough,Same-day large wire IN to basic-KYC PASS then to CN business; classic rapid passthrough.,860,44,0.002458,True,,0,"{""suspicious"": true, ""typology"": ""rapid_passthrough"", ""rationale"": ""Same-day large wire IN to basic-KYC PASS then to CN business; classic rapid passthrough.""}"
full,REAL,xai_grok,grok-4.5,xai,xai,v_terse,0,S-rapid_passthrough-h-002,suspicious,rapid_passthrough,hard,suspicious:rapid_passthrough,267606522,0.0,2026-07-15T16:50:49.146507+00:00,ec0c7ceaba3bc9aa,76671d585eb0f0e91033eb9840aac1442a1bc44926e60a197c416726baff0d53,True,flag,rapid_passthrough,Large same-day wire via basic-KYC personal account to CN business indicates rapid passthrough.,864,42,0.002454,True,,0,"{""suspicious"": true, ""typology"": ""rapid_passthrough"", ""rationale"": ""Large same-day wire via basic-KYC personal account to CN business indicates rapid passthrough.""}"
full,REAL,xai_grok,grok-4.5,xai,xai,v_terse,0,S-rapid_passthrough-h-003,suspicious,rapid_passthrough,hard,suspicious:rapid_passthrough,2132250427,0.0,2026-07-15T16:50:49.768318+00:00,087d6e046ad6d2f4,8d2848158e3d4e5247c30551668cf2a37b67811831a9c5bb965a031c92ccadb5,True,flag,rapid_passthrough,Large same-day wire from RU personal via basic-KYC US personal to US business; classic rapid passthrough layering.,863,48,0.002494,True,,0,"{""suspicious"": true, ""typology"": ""rapid_passthrough"", ""rationale"": ""Large same-day wire from RU personal via basic-KYC US personal to US business; classic rapid passthrough layering.""}"
full,REAL,xai_grok,grok-4.5,xai,xai,v_terse,0,S-rapid_passthrough-h-004,suspicious,rapid_passthrough,hard,suspicious:rapid_passthrough,896587591,0.0,2026-07-15T16:50:50.021628+00:00,f61e41d8255ff513,994bc521fcacba1f97a582b76f321a7c1d25987ef44f5c2985c9fde177cbd2a8,True,flag,rapid_passthrough,Large RU-to-US wire immediately forwarded almost fully to CN business same day via basic-KYC account.,859,45,0.002463,True,,0,"{""suspicious"": true, ""typology"": ""rapid_passthrough"", ""rationale"": ""Large RU-to-US wire immediately forwarded almost fully to CN business same day via basic-KYC account.""}"
full,REAL,xai_grok,grok-4.5,xai,xai,v_terse,0,S-rapid_passthrough-h-005,suspicious,rapid_passthrough,hard,suspicious:rapid_passthrough,822885103,0.0,2026-07-15T16:50:51.698155+00:00,cda63be51e76217a,a99edaa7be8d3b156dac84793a6a98cd5bb40e9fef8617ed9b3777af707f0ae1,True,flag,rapid_passthrough,Large NG wire to basic-KYC US personal then same-day near-full transfer to US business; classic rapid passthrough.,857,49,0.002485,True,,0,"{""suspicious"": true, ""typology"": ""rapid_passthrough"", ""rationale"": ""Large NG wire to basic-KYC US personal then same-day near-full transfer to US business; classic rapid passthrough.""}"
full,REAL,xai_grok,grok-4.5,xai,xai,v_terse,0,S-rapid_passthrough-h-006,suspicious,rapid_passthrough,hard,suspicious:rapid_passthrough,1413711450,0.0,2026-07-15T16:50:52.782349+00:00,13465392c6490a5e,2d5c30e3d72055dd666c0ee46effd3d705444e978e2ee40d95b3adce3c8cc450,True,flag,rapid_passthrough,Large same-day wire via basic-KYC personal account to business indicates pass-through layering.,855,43,0.002439,True,,0,"{""suspicious"": true, ""typology"": ""rapid_passthrough"", ""rationale"": ""Large same-day wire via basic-KYC personal account to business indicates pass-through layering.""}"
full,REAL,xai_grok,grok-4.5,xai,xai,v_terse,0,S-rapid_passthrough-h-007,suspicious,rapid_passthrough,hard,suspicious:rapid_passthrough,942767085,0.0,2026-07-15T16:50:53.403172+00:00,0729f9952941cb28,76671d585eb0f0e91033eb9840aac1442a1bc44926e60a197c416726baff0d53,True,flag,rapid_passthrough,Large same-day wire via basic-KYC personal account to CN business indicates rapid passthrough.,862,42,0.002449,True,,0,"{""suspicious"": true, ""typology"": ""rapid_passthrough"", ""rationale"": ""Large same-day wire via basic-KYC personal account to CN business indicates rapid passthrough.""}"
full,REAL,xai_grok,grok-4.5,xai,xai,v_terse,0,S-rapid_passthrough-h-008,suspicious,rapid_passthrough,hard,suspicious:rapid_passthrough,1440167503,0.0,2026-07-15T16:50:55.441809+00:00,26fde37f2fb1b1ef,3c1c8123f0289a794148998f836bfa1040a0a81909466759f9dddb7f1919726c,True,flag,rapid_passthrough,Large NG wire to basic-KYC US personal then nearly full same-day transfer to US business; classic rapid passthrough.,861,48,0.002488,True,,0,"{""suspicious"": true, ""typology"": ""rapid_passthrough"", ""rationale"": ""Large NG wire to basic-KYC US personal then nearly full same-day transfer to US business; classic rapid passthrough.""}"
full,REAL,xai_grok,grok-4.5,xai,xai,v_terse,0,S-rapid_passthrough-h-010,suspicious,rapid_passthrough,hard,suspicious:rapid_passthrough,236064445,0.0,2026-07-15T16:50:56.029577+00:00,ca25bba3f538b02b,1414cfcf1f6a240f2158dd0a6e71231355a45eb8d8f19e42bebf0fca1400c9b0,True,flag,rapid_passthrough,Large RU wire to basic-KYC US personal then nearly all to AE business same day; clear pass-through layering.,859,48,0.002484,True,,0,"{""suspicious"": true, ""typology"": ""rapid_passthrough"", ""rationale"": ""Large RU wire to basic-KYC US personal then nearly all to AE business same day; clear pass-through layering.""}"
full,REAL,xai_grok,grok-4.5,xai,xai,v_terse,0,S-rapid_passthrough-h-009,suspicious,rapid_passthrough,hard,suspicious:rapid_passthrough,862706827,0.0,2026-07-15T16:50:56.856504+00:00,1bb42b0b31a8bdd1,76671d585eb0f0e91033eb9840aac1442a1bc44926e60a197c416726baff0d53,True,flag,rapid_passthrough,Large same-day wire via basic-KYC personal account to CN business indicates rapid passthrough.,868,42,0.002464,True,,0,"{""suspicious"": true, ""typology"": ""rapid_passthrough"", ""rationale"": ""Large same-day wire via basic-KYC personal account to CN business indicates rapid passthrough.""}"
full,REAL,xai_grok,grok-4.5,xai,xai,v_terse,0,S-rapid_passthrough-m-000,suspicious,rapid_passthrough,medium,suspicious:rapid_passthrough,707988910,0.0,2026-07-15T16:50:58.434751+00:00,595ef547da34925e,6a0703e7fe949c79e029302968cd4dee91ccb4fb6f4f0bfceb72446e47cd3956,True,flag,rapid_passthrough,Large same-day wire from RU personal via basic-KYC US personal to US business; residual kept.,702,44,0.002063,True,,0,"{""suspicious"": true, ""typology"": ""rapid_passthrough"", ""rationale"": ""Large same-day wire from RU personal via basic-KYC US personal to US business; residual kept.""}"
full,REAL,xai_grok,grok-4.5,xai,xai,v_terse,0,S-rapid_passthrough-m-001,suspicious,rapid_passthrough,medium,suspicious:rapid_passthrough,1255137931,0.0,2026-07-15T16:51:00.554995+00:00,b0cb791cb572ae71,b72c78da8c1be048b4ba74618d52db6a1102d2b56dd2dfc6db116503916d5643,True,flag,rapid_passthrough,Same-day 80k wire RU personal via basic-KYC US account to AE business; minimal retention indicates rapid passthrough.,702,49,0.002098,True,,0,"{""suspicious"": true, ""typology"": ""rapid_passthrough"", ""rationale"": ""Same-day 80k wire RU personal via basic-KYC US account to AE business; minimal retention indicates rapid passthrough.""}"
full,REAL,xai_grok,grok-4.5,xai,xai,v_terse,0,S-rapid_passthrough-m-002,suspicious,rapid_passthrough,medium,suspicious:rapid_passthrough,882126124,0.0,2026-07-15T16:51:01.140861+00:00,b1ddc26d4ba77514,76671d585eb0f0e91033eb9840aac1442a1bc44926e60a197c416726baff0d53,True,flag,rapid_passthrough,Large same-day wire via basic-KYC personal account to CN business indicates rapid passthrough.,704,42,0.002054,True,,0,"{""suspicious"": true, ""typology"": ""rapid_passthrough"", ""rationale"": ""Large same-day wire via basic-KYC personal account to CN business indicates rapid passthrough.""}"
full,REAL,xai_grok,grok-4.5,xai,xai,v_terse,0,S-rapid_passthrough-m-003,suspicious,rapid_passthrough,medium,suspicious:rapid_passthrough,1985918320,0.0,2026-07-15T16:51:01.547740+00:00,5ec8ea83477aba20,f761bf6e198ca97b63a76d8c3563bc64dcc9452b4b762c35490f39e3b994cb31,True,flag,rapid_passthrough,"Same-day large wire NG personal via basic-KYC US personal to CN business; residual funds retained, classic rapid passthrough.",699,49,0.00209,True,,0,"{""suspicious"": true, ""typology"": ""rapid_passthrough"", ""rationale"": ""Same-day large wire NG personal via basic-KYC US personal to CN business; residual funds retained, classic rapid passthrough.""}"
full,REAL,xai_grok,grok-4.5,xai,xai,v_terse,0,S-rapid_passthrough-m-004,suspicious,rapid_passthrough,medium,suspicious:rapid_passthrough,1936042615,0.0,2026-07-15T16:51:02.732256+00:00,ce71a1f7df41bf4c,44bdc1c0084c2ce243615e12ed8fdc6d174fe0bef8c528abeed4b0f604320eaf,True,flag,rapid_passthrough,Same-day near-full wire of 77.5k via basic-KYC US personal from NG to CN business indicates rapid passthrough.,698,52,0.002109,True,,0,"{""suspicious"": true, ""typology"": ""rapid_passthrough"", ""rationale"": ""Same-day near-full wire of 77.5k via basic-KYC US personal from NG to CN business indicates rapid passthrough.""}"
full,REAL,xai_grok,grok-4.5,xai,xai,v_terse,0,S-rapid_passthrough-m-005,suspicious,rapid_passthrough,medium,suspicious:rapid_passthrough,1469125891,0.0,2026-07-15T16:51:05.070714+00:00,45e05e445f5ce0cd,c20df96786ffce90ceba7b1d808cc8cd7221298aec215bb7bd7dd774af971c2e,True,flag,rapid_passthrough,Large same-day wire NG personal via basic-KYC US personal to CN business; small residual flows look like cover.,703,47,0.002086,True,,0,"{""suspicious"": true, ""typology"": ""rapid_passthrough"", ""rationale"": ""Large same-day wire NG personal via basic-KYC US personal to CN business; small residual flows look like cover.""}"
full,REAL,xai_grok,grok-4.5,xai,xai,v_terse,0,S-rapid_passthrough-m-006,suspicious,rapid_passthrough,medium,suspicious:rapid_passthrough,1960406996,0.0,2026-07-15T16:51:06.449830+00:00,2790376d3b7fa490,50c282e0a4a8267247d5fb9c137f184ad8ba28f38402abdc1af4302efb26cf96,True,flag,rapid_passthrough,Large same-day wire from NG personal via basic-KYC US personal to US business; high-risk rapid passthrough.,701,48,0.002089,True,,0,"{""suspicious"": true, ""typology"": ""rapid_passthrough"", ""rationale"": ""Large same-day wire from NG personal via basic-KYC US personal to US business; high-risk rapid passthrough.""}"
full,REAL,xai_grok,grok-4.5,xai,xai,v_terse,0,S-rapid_passthrough-m-008,suspicious,rapid_passthrough,medium,suspicious:rapid_passthrough,1726942365,0.0,2026-07-15T16:51:07.362408+00:00,6b745c670bd19341,cdab2b43fc458304b85df61136cac055f976b3b982fb7e24b4fb6df75c5cc08c,True,flag,rapid_passthrough,Large same-day wire through basic-KYC personal account nearly fully onward to business account.,702,41,0.002042,True,,0,"{""suspicious"": true, ""typology"": ""rapid_passthrough"", ""rationale"": ""Large same-day wire through basic-KYC personal account nearly fully onward to business account.""}"
full,REAL,xai_grok,grok-4.5,xai,xai,v_terse,0,S-rapid_passthrough-m-007,suspicious,rapid_passthrough,medium,suspicious:rapid_passthrough,687075027,0.0,2026-07-15T16:51:08.975652+00:00,3174a822278dae7f,d6a4f58cbf032a8e34ee9b88eafd1839a611030aa69335146929f732468608bf,True,flag,rapid_passthrough,"Large wire rapidly passed same-day via basic-KYC personal account to UAE business account, classic passthrough.",699,45,0.002063,True,,0,"{""suspicious"": true, ""typology"": ""rapid_passthrough"", ""rationale"": ""Large wire rapidly passed same-day via basic-KYC personal account to UAE business account, classic passthrough.""}"
full,REAL,xai_grok,grok-4.5,xai,xai,v_terse,0,S-rapid_passthrough-m-009,suspicious,rapid_passthrough,medium,suspicious:rapid_passthrough,1164424553,0.0,2026-07-15T16:51:09.745129+00:00,532d2634f7dbdca3,7c5ae8e5fb905be45434171c548a84acd0ff7dbec57a6a8d8ca0779253a77744,True,flag,rapid_passthrough,Same-day large wire from RU personal via basic-KYC US personal to AE business; classic rapid passthrough.,702,46,0.002077,True,,0,"{""suspicious"": true, ""typology"": ""rapid_passthrough"", ""rationale"": ""Same-day large wire from RU personal via basic-KYC US personal to AE business; classic rapid passthrough.""}"
full,REAL,xai_grok,grok-4.5,xai,xai,v_terse,0,S-rapid_passthrough-m-010,suspicious,rapid_passthrough,medium,suspicious:rapid_passthrough,1555770600,0.0,2026-07-15T16:51:10.619742+00:00,50fb61f58b1cf889,8c077f90509bdb7095e507b81e5e4cec2c10f4b81cf46af8d8967080e6bfc024,True,flag,rapid_passthrough,Large inbound wire from NG to basic-KYC US personal account immediately forwarded nearly fully to CN business.,697,43,0.002044,True,,0,"{""suspicious"": true, ""typology"": ""rapid_passthrough"", ""rationale"": ""Large inbound wire from NG to basic-KYC US personal account immediately forwarded nearly fully to CN business.""}"
full,REAL,xai_grok,grok-4.5,xai,xai,v_terse,0,S-rapid_passthrough-m-011,suspicious,rapid_passthrough,medium,suspicious:rapid_passthrough,1246142759,0.0,2026-07-15T16:51:11.104545+00:00,944ba208afd57b58,9ead8f517f1b18ef53b045f65542e6770dd07651e9de0c0435e3cf8b8a71291d,True,flag,rapid_passthrough,Large inbound wire nearly fully forwarded same-day via basic-KYC personal account to CN business; classic rapid passthrough.,702,47,0.002084,True,,0,"{""suspicious"": true, ""typology"": ""rapid_passthrough"", ""rationale"": ""Large inbound wire nearly fully forwarded same-day via basic-KYC personal account to CN business; classic rapid passthrough.""}"
full,REAL,xai_grok,grok-4.5,xai,xai,v_terse,0,S-rapid_passthrough-m-013,suspicious,rapid_passthrough,medium,suspicious:rapid_passthrough,36679515,0.0,2026-07-15T16:51:13.365528+00:00,e38d1470557ec226,4c09338d64c4950e9153758c510b14815812e2eb8fc3879968760f0605d50e20,True,flag,rapid_passthrough,Large same-day wire from NG personal via US basic-KYC personal to CN business; residual small activity masks passthrough.,703,48,0.002093,True,,0,"{""suspicious"": true, ""typology"": ""rapid_passthrough"", ""rationale"": ""Large same-day wire from NG personal via US basic-KYC personal to CN business; residual small activity masks passthrough.""}"
full,REAL,xai_grok,grok-4.5,xai,xai,v_terse,0,S-rapid_passthrough-m-012,suspicious,rapid_passthrough,medium,suspicious:rapid_passthrough,674304834,0.0,2026-07-15T16:51:13.562143+00:00,db12dc8f1f1323f0,c06a6f20dfa1dc18472e5bf280da1f84bd62af0e9a536c37868b55f4445ee63c,True,flag,rapid_passthrough,Large same-day wire in/out via basic-KYC personal account to business; classic rapid passthrough.,699,45,0.002063,True,,0,"{""suspicious"": true, ""typology"": ""rapid_passthrough"", ""rationale"": ""Large same-day wire in/out via basic-KYC personal account to business; classic rapid passthrough.""}"
full,REAL,xai_grok,grok-4.5,xai,xai,v_terse,0,S-shell_layering-e-000,suspicious,shell_layering,easy,suspicious:shell_layering,1259004482,0.0,2026-07-15T16:51:13.636139+00:00,f1aff501ad25521e,d37b2a16ed1058809962465835fd2f58cb04b5a6b18aeb66f5a8173c855f938d,True,flag,shell_layering,Rapid 130k wires through zero-employee shells in PA/BVI/SC with limited KYC indicate layering.,725,46,0.002135,True,,0,"{""suspicious"": true, ""typology"": ""shell_layering"", ""rationale"": ""Rapid 130k wires through zero-employee shells in PA/BVI/SC with limited KYC indicate layering.""}"
full,REAL,xai_grok,grok-4.5,xai,xai,v_terse,0,S-shell_layering-e-001,suspicious,shell_layering,easy,suspicious:shell_layering,1915581657,0.0,2026-07-15T16:51:14.722700+00:00,12b4b5cdd2af6337,3ea8428fcb62a4dcd6e6651d58b1e0fbc7ad989ac4104746470f9b8da3b122cc,True,flag,shell_layering,"Funds cycled via multiple zero-employee shells in BVI/PA with limited KYC, indicating layering.",732,44,0.002138,True,,0,"{""suspicious"": true, ""typology"": ""shell_layering"", ""rationale"": ""Funds cycled via multiple zero-employee shells in BVI/PA with limited KYC, indicating layering.""}"
full,REAL,xai_grok,grok-4.5,xai,xai,v_terse,0,S-shell_layering-e-002,suspicious,shell_layering,easy,suspicious:shell_layering,608300942,0.0,2026-07-15T16:51:16.658516+00:00,73676a9757602bfc,21cbe846994ffd8fe4fb9c011005e72dd432a3b654593af56c7aac395e602935,True,flag,shell_layering,Zero-employee shells in secrecy havens circulate identical large wires; classic shell layering of funds.,723,41,0.002095,True,,0,"{""suspicious"": true, ""typology"": ""shell_layering"", ""rationale"": ""Zero-employee shells in secrecy havens circulate identical large wires; classic shell layering of funds.""}"
full,REAL,xai_grok,grok-4.5,xai,xai,v_terse,0,S-shell_layering-e-003,suspicious,shell_layering,easy,suspicious:shell_layering,1258571598,0.0,2026-07-15T16:51:17.645813+00:00,b9976bc189731e76,c51e34275b83bfe51d1dd4ce75a935ca9cd655a5d3740b7d1f208d3bf37bc82d,True,flag,shell_layering,Identical large wires through zero-employee shells in PA/BVI with limited KYC indicate layering via shell network.,723,45,0.002123,True,,0,"{""suspicious"": true, ""typology"": ""shell_layering"", ""rationale"": ""Identical large wires through zero-employee shells in PA/BVI with limited KYC indicate layering via shell network.""}"
full,REAL,xai_grok,grok-4.5,xai,xai,v_terse,0,S-shell_layering-e-004,suspicious,shell_layering,easy,suspicious:shell_layering,1045754423,0.0,2026-07-15T16:51:18.845818+00:00,431d350767e79674,f7e1f895e7368e565b16b9f05e59d01a646583d4f9a6f5572ae58e0de4cb9aa5,True,flag,shell_layering,Zero-employee offshore shells in SC/BVI/PA cycle identical 167k wires from US source; minor tax/utility payments mask layering.,727,52,0.002182,True,,0,"{""suspicious"": true, ""typology"": ""shell_layering"", ""rationale"": ""Zero-employee offshore shells in SC/BVI/PA cycle identical 167k wires from US source; minor tax/utility payments mask layering.""}"
full,REAL,xai_grok,grok-4.5,xai,xai,v_terse,0,S-shell_layering-e-005,suspicious,shell_layering,easy,suspicious:shell_layering,626277713,0.0,2026-07-15T16:51:20.533708+00:00,36cf2bf112a29c70,74cfced1f3b303e66e9eca846a1fe4d8b3042ac2deb13c1115d4b63fef7bc84d,True,flag,shell_layering,"Chain of zero-employee limited-KYC shells (BVI/SC) rapidly moving identical large sums from SRC, classic shell layering.",728,50,0.00217,True,,0,"{""suspicious"": true, ""typology"": ""shell_layering"", ""rationale"": ""Chain of zero-employee limited-KYC shells (BVI/SC) rapidly moving identical large sums from SRC, classic shell layering.""}"
full,REAL,xai_grok,grok-4.5,xai,xai,v_terse,0,S-shell_layering-e-006,suspicious,shell_layering,easy,suspicious:shell_layering,586141167,0.0,2026-07-15T16:51:20.773325+00:00,2654e9561cb4ca6a,d979686658565c2a6d1be7ec863378e285a6893cd17967e05ccfee1caa745476,True,flag,shell_layering,"Zero-employee shells (US/BVI, limited KYC) cycle identical 127k wires then small vendor payout; classic shell layering.",730,51,0.002182,True,,0,"{""suspicious"": true, ""typology"": ""shell_layering"", ""rationale"": ""Zero-employee shells (US/BVI, limited KYC) cycle identical 127k wires then small vendor payout; classic shell layering.""}"
full,REAL,xai_grok,grok-4.5,xai,xai,v_terse,0,S-shell_layering-e-007,suspicious,shell_layering,easy,suspicious:shell_layering,1701040383,0.0,2026-07-15T16:51:22.471137+00:00,cb86ed465731dab1,58623f6b58550aa8bca6266e7e348948907e284d1b3b62f83a9897cdc0f93e51,True,flag,shell_layering,Chain of identical large wires through zero-employee offshore shells with limited KYC indicates layering via shell companies.,730,43,0.002126,True,,0,"{""suspicious"": true, ""typology"": ""shell_layering"", ""rationale"": ""Chain of identical large wires through zero-employee offshore shells with limited KYC indicates layering via shell companies.""}"
full,REAL,xai_grok,grok-4.5,xai,xai,v_terse,0,S-shell_layering-e-008,suspicious,shell_layering,easy,suspicious:shell_layering,274477680,0.0,2026-07-15T16:51:22.841463+00:00,f320acac3c4beb9c,2ddabf2e950bd252bbe167c1c1c5ad0be3f385bac336ec7b0487f8c332ef41e9,True,flag,shell_layering,"Large sum rapidly cycled through multiple zero-employee, limited-KYC shell companies across jurisdictions, classic shell layering.",725,46,0.002135,True,,0,"{""suspicious"": true, ""typology"": ""shell_layering"", ""rationale"": ""Large sum rapidly cycled through multiple zero-employee, limited-KYC shell companies across jurisdictions, classic shell layering.""}"
full,REAL,xai_grok,grok-4.5,xai,xai,v_terse,0,S-shell_layering-e-009,suspicious,shell_layering,easy,suspicious:shell_layering,1361446950,0.0,2026-07-15T16:51:23.705400+00:00,d99dd42b0e86dd44,28d07e41d8ec2e5fbd1ffadf55cca382c3c506b8c80de19390135d850c252307,True,flag,shell_layering,Zero-employee shells with limited KYC chain identical 75k wires; classic shell layering.,728,41,0.002107,True,,0,"{""suspicious"": true, ""typology"": ""shell_layering"", ""rationale"": ""Zero-employee shells with limited KYC chain identical 75k wires; classic shell layering.""}"
full,REAL,xai_grok,grok-4.5,xai,xai,v_terse,0,S-shell_layering-e-010,suspicious,shell_layering,easy,suspicious:shell_layering,585831301,0.0,2026-07-15T16:51:24.799177+00:00,946a0b5ada2881cb,3a6da53b2e39e49b9266f5b79c46450ca0badda56c07552707f25a4dc8f2e59d,True,flag,shell_layering,"Rapid 74k transfers through zero-employee shells with limited KYC, including BVI entities, plus minor utility/card payments.",727,48,0.002154,True,,0,"{""suspicious"": true, ""typology"": ""shell_layering"", ""rationale"": ""Rapid 74k transfers through zero-employee shells with limited KYC, including BVI entities, plus minor utility/card payments.""}"
full,REAL,xai_grok,grok-4.5,xai,xai,v_terse,0,S-shell_layering-e-011,suspicious,shell_layering,easy,suspicious:shell_layering,1130604999,0.0,2026-07-15T16:51:27.000179+00:00,13a6c52373fdedac,ee84ae74276a85988919a7c37031edfeeda42afb82c4ba6d62e65ee430979c86,True,flag,shell_layering,Identical sums rapidly chained through multiple zero-employee shells in secrecy jurisdictions with limited KYC.,727,39,0.002091,True,,0,"{""suspicious"": true, ""typology"": ""shell_layering"", ""rationale"": ""Identical sums rapidly chained through multiple zero-employee shells in secrecy jurisdictions with limited KYC.""}"
full,REAL,xai_grok,grok-4.5,xai,xai,v_terse,0,S-shell_layering-h-001,suspicious,shell_layering,hard,suspicious:shell_layering,408391097,0.0,2026-07-15T16:51:27.484190+00:00,b8743b1cf36b71b2,f24123c6c45bc040e4f1272cbed6ae6e671aea25ad187e30a1d103bdbd4a1c89,True,flag,shell_layering,Zero-employee shells with limited KYC layer 150k wires; small payroll/rent/tax flows mask activity.,962,45,0.00272,True,,0,"{""suspicious"": true, ""typology"": ""shell_layering"", ""rationale"": ""Zero-employee shells with limited KYC layer 150k wires; small payroll/rent/tax flows mask activity.""}"
full,REAL,xai_grok,grok-4.5,xai,xai,v_terse,0,S-shell_layering-h-000,suspicious,shell_layering,hard,suspicious:shell_layering,1315137884,0.0,2026-07-15T16:51:27.747843+00:00,67f2856ae564b16b,12fd230645a8bc842c015ee4e83fd55311f83bf18a72d141cd0d89ea621952bc,True,flag,shell_layering,Zero-employee new shells with limited KYC cycle large equal wires; minor tax/payroll/utility payments provide cover.,959,45,0.002713,True,,0,"{""suspicious"": true, ""typology"": ""shell_layering"", ""rationale"": ""Zero-employee new shells with limited KYC cycle large equal wires; minor tax/payroll/utility payments provide cover.""}"
full,REAL,xai_grok,grok-4.5,xai,xai,v_terse,0,S-shell_layering-h-002,suspicious,shell_layering,hard,suspicious:shell_layering,101384290,0.0,2026-07-15T16:51:30.345801+00:00,fcbfc2dfbca670f1,7db90f0bdea11dd2b94da5915b36650ad5e0755ff4fcc14c71e17848130ae691,True,flag,shell_layering,Zero-employee shells with limited KYC chain identical large wires; SRC funds one shell amid minor activity.,959,42,0.002691,True,,0,"{""suspicious"": true, ""typology"": ""shell_layering"", ""rationale"": ""Zero-employee shells with limited KYC chain identical large wires; SRC funds one shell amid minor activity.""}"
full,REAL,xai_grok,grok-4.5,xai,xai,v_terse,0,S-shell_layering-h-004,suspicious,shell_layering,hard,suspicious:shell_layering,1305553971,0.0,2026-07-15T16:51:30.693010+00:00,980bd82f069d2eb3,f3c6bfc297414aba3d55ef95d9f3a43c3f230c398ab5a3639675163fa03b9509,True,flag,shell_layering,Large equal wires layered via zero-employee BVI/PA shells with limited KYC; minor subsequent outflows.,966,44,0.002723,True,,0,"{""suspicious"": true, ""typology"": ""shell_layering"", ""rationale"": ""Large equal wires layered via zero-employee BVI/PA shells with limited KYC; minor subsequent outflows.""}"
full,REAL,xai_grok,grok-4.5,xai,xai,v_terse,0,S-shell_layering-h-003,suspicious,shell_layering,hard,suspicious:shell_layering,1877334805,0.0,2026-07-15T16:51:31.053567+00:00,340ca3ba3ec15670,57dac60967005de3b1f27ca814f0e07daabca2850a49d12d292815f496904dd6,True,flag,shell_layering,Large sum layered via chain of new zero-employee offshore shells with limited KYC.,964,38,0.002676,True,,0,"{""suspicious"": true, ""typology"": ""shell_layering"", ""rationale"": ""Large sum layered via chain of new zero-employee offshore shells with limited KYC.""}"
full,REAL,xai_grok,grok-4.5,xai,xai,v_terse,0,S-shell_layering-h-005,suspicious,shell_layering,hard,suspicious:shell_layering,1235661445,0.0,2026-07-15T16:51:32.199038+00:00,d3c28a42804a40da,333d8773571399892053eb4dac43438b93e7a99ffeb2aadc1589f16ff6657288,True,flag,shell_layering,"83k wired via new zero-employee offshore shells (BVI/SC, limited KYC) in circular path; classic shell layering.",961,50,0.002753,True,,0,"{""suspicious"": true, ""typology"": ""shell_layering"", ""rationale"": ""83k wired via new zero-employee offshore shells (BVI/SC, limited KYC) in circular path; classic shell layering.""}"
full,REAL,xai_grok,grok-4.5,xai,xai,v_terse,0,S-shell_layering-h-006,suspicious,shell_layering,hard,suspicious:shell_layering,356592175,0.0,2026-07-15T16:51:33.675046+00:00,286f530172539bad,0c1e8f4e7c0e6cfc58a7a724ac0314667068c8fe255975b3a40363c6dca5f66f,True,flag,shell_layering,"Large wires layered via new zero-employee SC shells with limited KYC, then small outflows to vendors.",964,43,0.002711,True,,0,"{""suspicious"": true, ""typology"": ""shell_layering"", ""rationale"": ""Large wires layered via new zero-employee SC shells with limited KYC, then small outflows to vendors.""}"
full,REAL,xai_grok,grok-4.5,xai,xai,v_terse,0,S-shell_layering-h-008,suspicious,shell_layering,hard,suspicious:shell_layering,512614873,0.0,2026-07-15T16:51:34.858687+00:00,6c94807850968c21,a5667f1a3e7e2d5f52d5324c35573ffacbeb64ed88622b8c6b0a8aa55e781737,True,flag,shell_layering,Rapid large-value wires through zero-employee limited-KYC shells in PA/US indicate layering via shell network.,966,46,0.002737,True,,0,"{""suspicious"": true, ""typology"": ""shell_layering"", ""rationale"": ""Rapid large-value wires through zero-employee limited-KYC shells in PA/US indicate layering via shell network.""}"
full,REAL,xai_grok,grok-4.5,xai,xai,v_terse,0,S-shell_layering-h-007,suspicious,shell_layering,hard,suspicious:shell_layering,66317189,0.0,2026-07-15T16:51:35.392977+00:00,ecb86dd20f572362,1fe96d877934d7c9e5b80e2b99a75010c4066657d73b1acca58bf744d92f4b97,True,flag,shell_layering,Large sum rapidly wired through new zero-employee offshore shells with limited KYC.,962,37,0.002664,True,,0,"{""suspicious"": true, ""typology"": ""shell_layering"", ""rationale"": ""Large sum rapidly wired through new zero-employee offshore shells with limited KYC.""}"
full,REAL,xai_grok,grok-4.5,xai,xai,v_terse,0,S-shell_layering-h-009,suspicious,shell_layering,hard,suspicious:shell_layering,2133720132,0.0,2026-07-15T16:51:36.238410+00:00,c7aad7fe5f8d9c14,e1be4feb8b83d37eb6434a4a405c49871dd689b6b641d2395ca0d4c9afebc3d2,True,flag,shell_layering,"Large sum layered via chain of zero-employee, limited-KYC shells (incl. BVI) then small cover payments.",960,47,0.002729,True,,0,"{""suspicious"": true, ""typology"": ""shell_layering"", ""rationale"": ""Large sum layered via chain of zero-employee, limited-KYC shells (incl. BVI) then small cover payments.""}"
full,REAL,xai_grok,grok-4.5,xai,xai,v_terse,0,S-shell_layering-h-010,suspicious,shell_layering,hard,suspicious:shell_layering,889910522,0.0,2026-07-15T16:51:37.986722+00:00,a607a757f2968057,01cb5f6bd78f30e4aa166ee3080ac788b4735d5584fc6765a8c51bc884515d18,True,flag,shell_layering,Large identical wires rapidly layered through zero-employee limited-KYC shells; token payroll/tax/rent payments for cover.,960,46,0.002722,True,,0,"{""suspicious"": true, ""typology"": ""shell_layering"", ""rationale"": ""Large identical wires rapidly layered through zero-employee limited-KYC shells; token payroll/tax/rent payments for cover.""}"
full,REAL,xai_grok,grok-4.5,xai,xai,v_terse,0,S-shell_layering-m-001,suspicious,shell_layering,medium,suspicious:shell_layering,695261690,0.0,2026-07-15T16:51:38.289032+00:00,8bf587f47356affe,c1e76eea8a619f7bc94cc0a1845cfbb74d20e203fcbc1d2d896d040952e7098e,True,flag,shell_layering,"Zero-employee new shells pass identical large wires rapidly with limited KYC, classic shell layering.",800,41,0.002287,True,,0,"{""suspicious"": true, ""typology"": ""shell_layering"", ""rationale"": ""Zero-employee new shells pass identical large wires rapidly with limited KYC, classic shell layering.""}"
full,REAL,xai_grok,grok-4.5,xai,xai,v_terse,0,S-shell_layering-m-000,suspicious,shell_layering,medium,suspicious:shell_layering,953323816,0.0,2026-07-15T16:51:38.547870+00:00,a9878f999cb5bcd1,2ad7047bcc7eb496b28252f8fccb1f30b148e8359c10a6248304e8446e1c0fe6,True,flag,shell_layering,"Large sum rapidly wired through three zero-employee offshore shells with limited KYC, newly incorporated.",801,40,0.002282,True,,0,"{""suspicious"": true, ""typology"": ""shell_layering"", ""rationale"": ""Large sum rapidly wired through three zero-employee offshore shells with limited KYC, newly incorporated.""}"
full,REAL,xai_grok,grok-4.5,xai,xai,v_terse,0,S-shell_layering-m-002,suspicious,shell_layering,medium,suspicious:shell_layering,209603035,0.0,2026-07-15T16:51:40.933529+00:00,1925dabf674b4d11,bd086df1a4bdb9fcce74faa02bd96316a5ca696580f65fd8a1225c73d0df834d,True,flag,shell_layering,Large wires through new zero-employee Panama shells with limited KYC form a layering chain from SRC.,791,42,0.002272,True,,0,"{""suspicious"": true, ""typology"": ""shell_layering"", ""rationale"": ""Large wires through new zero-employee Panama shells with limited KYC form a layering chain from SRC.""}"
full,REAL,xai_grok,grok-4.5,xai,xai,v_terse,0,S-shell_layering-m-003,suspicious,shell_layering,medium,suspicious:shell_layering,1687507494,0.0,2026-07-15T16:51:42.758036+00:00,11212d49a5539050,32fb8fbd570c48fd8b22896d4805b5a7babb1ba6fbf27fa76fd8726ff6b4d729,True,flag,shell_layering,Zero-employee shells with limited KYC rapidly cycle identical large wires before SRC funding; classic shell layering.,798,43,0.002296,True,,0,"{""suspicious"": true, ""typology"": ""shell_layering"", ""rationale"": ""Zero-employee shells with limited KYC rapidly cycle identical large wires before SRC funding; classic shell layering.""}"
full,REAL,xai_grok,grok-4.5,xai,xai,v_terse,0,S-shell_layering-m-004,suspicious,shell_layering,medium,suspicious:shell_layering,689698104,0.0,2026-07-15T16:51:43.453737+00:00,cbd44b14843ac183,5e8753333ea44faedc85fbb90c5b59d04b9f5ea7f69bf96993e7ae75bcd6c347,True,flag,shell_layering,Rapid 72k transfers through new zero-employee limited-KYC shells from SRC indicate layering via shell companies.,792,45,0.002295,True,,0,"{""suspicious"": true, ""typology"": ""shell_layering"", ""rationale"": ""Rapid 72k transfers through new zero-employee limited-KYC shells from SRC indicate layering via shell companies.""}"
full,REAL,xai_grok,grok-4.5,xai,xai,v_terse,0,S-shell_layering-m-005,suspicious,shell_layering,medium,suspicious:shell_layering,1263557844,0.0,2026-07-15T16:51:43.884672+00:00,e81b3984ba3af061,0792bd50c47f33da2a72adc87b001574b1ae91676aec2d34edb0a58dde827e80,True,flag,shell_layering,"Large equal wires cycle through zero-employee limited-KYC shells (SC/US) from verified SRC, classic shell layering.",798,48,0.002331,True,,0,"{""suspicious"": true, ""typology"": ""shell_layering"", ""rationale"": ""Large equal wires cycle through zero-employee limited-KYC shells (SC/US) from verified SRC, classic shell layering.""}"
full,REAL,xai_grok,grok-4.5,xai,xai,v_terse,0,S-shell_layering-m-006,suspicious,shell_layering,medium,suspicious:shell_layering,1546422342,0.0,2026-07-15T16:51:45.673837+00:00,247f0988e35b3ec0,0c7e8516a98917ccaf95418d263b4cdfdfd120b44d1d61a32a7aba16e1930431,True,flag,shell_layering,"Zero-employee shells with limited KYC rapidly pass identical large wires, classic shell layering.",796,40,0.00227,True,,0,"{""suspicious"": true, ""typology"": ""shell_layering"", ""rationale"": ""Zero-employee shells with limited KYC rapidly pass identical large wires, classic shell layering.""}"
full,REAL,xai_grok,grok-4.5,xai,xai,v_terse,0,S-shell_layering-m-007,suspicious,shell_layering,medium,suspicious:shell_layering,1120033896,0.0,2026-07-15T16:51:45.745716+00:00,564cf6ed881dc9be,71b1a2c40813dffa22b0ecdc419622e69de11cbb7593ccaf32c4579979f71dfe,True,flag,shell_layering,Rapid same-day layering of 61k via zero-employee shells in PA/BVI/SC with limited KYC.,797,48,0.002328,True,,0,"{""suspicious"": true, ""typology"": ""shell_layering"", ""rationale"": ""Rapid same-day layering of 61k via zero-employee shells in PA/BVI/SC with limited KYC.""}"
full,REAL,xai_grok,grok-4.5,xai,xai,v_terse,0,S-shell_layering-m-008,suspicious,shell_layering,medium,suspicious:shell_layering,163033001,0.0,2026-07-15T16:51:46.526302+00:00,0c4cd16c9a680d73,36cf14e63c5846478a06f578a8b5932c16118d72e0aadd27d9c4a0a97ba0c484,True,flag,shell_layering,88k layered via new zero-employee offshore shells (PA/BVI/SC) with limited KYC; minor legit-looking offsets.,799,50,0.002348,True,,0,"{""suspicious"": true, ""typology"": ""shell_layering"", ""rationale"": ""88k layered via new zero-employee offshore shells (PA/BVI/SC) with limited KYC; minor legit-looking offsets.""}"
full,REAL,xai_grok,grok-4.5,xai,xai,v_terse,0,S-shell_layering-m-009,suspicious,shell_layering,medium,suspicious:shell_layering,244110731,0.0,2026-07-15T16:51:48.629743+00:00,9e4cf630d49fd18e,61c08d13732e32d814a6f784fd0034ed8ceb6011b51c1ca2c9067a50cc03af63,True,flag,shell_layering,"Zero-employee shells with limited KYC rapidly chain 99k wires; SRC funds them, indicating layering via shells.",796,46,0.002312,True,,0,"{""suspicious"": true, ""typology"": ""shell_layering"", ""rationale"": ""Zero-employee shells with limited KYC rapidly chain 99k wires; SRC funds them, indicating layering via shells.""}"
full,REAL,xai_grok,grok-4.5,xai,xai,v_terse,0,S-shell_layering-m-010,suspicious,shell_layering,medium,suspicious:shell_layering,186443442,0.0,2026-07-15T16:51:49.752716+00:00,e582ae2ca7bd78af,8b00b7acc1ffbaa1ea09d000755dfe5061e7dd8de839e0e50f4936c28a9f50c3,True,flag,shell_layering,91k rapidly layered via zero-employee offshore shells (BVI/SC) with limited KYC shortly after 2026 incorporation.,793,48,0.002318,True,,0,"{""suspicious"": true, ""typology"": ""shell_layering"", ""rationale"": ""91k rapidly layered via zero-employee offshore shells (BVI/SC) with limited KYC shortly after 2026 incorporation.""}"
full,REAL,xai_grok,grok-4.5,xai,xai,v_terse,0,S-shell_layering-m-011,suspicious,shell_layering,medium,suspicious:shell_layering,842953640,0.0,2026-07-15T16:51:50.938440+00:00,eff5c5aeb26a2c14,4fb2b50fe8bc049d6d5a7c7825291f92befe663cedff27c4bee23bcec2439e5b,True,flag,shell_layering,"63k layered via zero-employee shells (SC/US, limited KYC) then small payroll/vendor outflows.",800,46,0.002322,True,,0,"{""suspicious"": true, ""typology"": ""shell_layering"", ""rationale"": ""63k layered via zero-employee shells (SC/US, limited KYC) then small payroll/vendor outflows.""}"
full,REAL,xai_grok,grok-4.5,xai,xai,v_terse,0,S-shell_layering-m-012,suspicious,shell_layering,medium,suspicious:shell_layering,1699880447,0.0,2026-07-15T16:51:51.109605+00:00,1f102950bbd6aa9e,795d20af0eea31fecbae7268e1095c436aff2721328c3a48844dbabebb493845,True,flag,shell_layering,Zero-employee shells with limited KYC pass identical large wires in chain; classic shell layering.,795,41,0.002275,True,,0,"{""suspicious"": true, ""typology"": ""shell_layering"", ""rationale"": ""Zero-employee shells with limited KYC pass identical large wires in chain; classic shell layering.""}"
full,REAL,xai_grok,grok-4.5,xai,xai,v_terse,0,S-shell_layering-m-013,suspicious,shell_layering,medium,suspicious:shell_layering,1020481561,0.0,2026-07-15T16:51:52.008928+00:00,70a3fecdb5ad7cfc,8e1f56a73b14b5ffc9c7d06b124a2c34da2e8cf4655923312f3bdd0eb200fec9,True,flag,shell_layering,Funds layered via multiple zero-employee offshore shells with limited KYC; recent incorporation and circular wires indicate shell layering.,794,45,0.0023,True,,0,"{""suspicious"": true, ""typology"": ""shell_layering"", ""rationale"": ""Funds layered via multiple zero-employee offshore shells with limited KYC; recent incorporation and circular wires indicate shell layering.""}"
full,REAL,xai_grok,grok-4.5,xai,xai,v_terse,0,S-structuring-e-001,suspicious,structuring,easy,suspicious:structuring,781405446,0.0,2026-07-15T16:51:53.447962+00:00,21e59c58135487e3,527d7227022dd97a49f9a69a5abc30913ffb09e927a9e0be88e07682201ddc51,True,flag,structuring,"Multiple near-$10k cash deposits from varied ATMs/branches into basic-KYC personal account, classic structuring to evade CTR.",923,45,0.002623,True,,0,"{""suspicious"": true, ""typology"": ""structuring"", ""rationale"": ""Multiple near-$10k cash deposits from varied ATMs/branches into basic-KYC personal account, classic structuring to evade CTR.""}"
full,REAL,xai_grok,grok-4.5,xai,xai,v_terse,0,S-structuring-e-000,suspicious,structuring,easy,suspicious:structuring,773195855,0.0,2026-07-15T16:51:54.000799+00:00,6bc55ac88d20bfc0,e31827454232c61bf9efd10d3e6ab337c7770d54e6f3653dac70c4a127d32452,True,flag,structuring,Multiple sub-$10k cash deposits from diverse branches/ATMs into basic-KYC personal account with negligible outflows.,920,43,0.002601,True,,0,"{""suspicious"": true, ""typology"": ""structuring"", ""rationale"": ""Multiple sub-$10k cash deposits from diverse branches/ATMs into basic-KYC personal account with negligible outflows.""}"
full,REAL,xai_grok,grok-4.5,xai,xai,v_terse,0,S-structuring-e-002,suspicious,structuring,easy,suspicious:structuring,1778962564,0.0,2026-07-15T16:51:55.446846+00:00,7d98817de1aff575,3365552ce764fdb718ac3d30ffb6cc0722541ba7d1556e4c5907746913fe5fc2,True,flag,structuring,Multiple near-threshold cash deposits from varied ATMs/branches into personal account with minimal legitimate outflows.,920,39,0.002573,True,,0,"{""suspicious"": true, ""typology"": ""structuring"", ""rationale"": ""Multiple near-threshold cash deposits from varied ATMs/branches into personal account with minimal legitimate outflows.""}"
full,REAL,xai_grok,grok-4.5,xai,xai,v_terse,0,S-structuring-e-003,suspicious,structuring,easy,suspicious:structuring,1526666980,0.0,2026-07-15T16:51:56.248805+00:00,38fbe1b86a206ef4,b1aeddb9c7b61fa9b58d5223632ed438be05d0d69825d2c462202ee12612bcd2,True,flag,structuring,Multiple cash deposits just under $10k from varied branches/ATMs into basic-KYC personal account over months.,920,42,0.002594,True,,0,"{""suspicious"": true, ""typology"": ""structuring"", ""rationale"": ""Multiple cash deposits just under $10k from varied branches/ATMs into basic-KYC personal account over months.""}"
full,REAL,xai_grok,grok-4.5,xai,xai,v_terse,0,S-structuring-e-004,suspicious,structuring,easy,suspicious:structuring,1234098950,0.0,2026-07-15T16:51:57.253371+00:00,d1950240e884ed13,3a94c2cc3baed28c8359b25230c7cc26a8dd0adba753b443fe0b76c8400f1b78,True,flag,structuring,Multiple cash deposits near $10k threshold from varied branches/ATMs into personal account suggest structuring to evade reporting.,923,41,0.002595,True,,0,"{""suspicious"": true, ""typology"": ""structuring"", ""rationale"": ""Multiple cash deposits near $10k threshold from varied branches/ATMs into personal account suggest structuring to evade reporting.""}"
full,REAL,xai_grok,grok-4.5,xai,xai,v_terse,0,S-structuring-e-005,suspicious,structuring,easy,suspicious:structuring,1827903865,0.0,2026-07-15T16:51:57.783755+00:00,4f68318c36f0fdb4,13ef7a616b87fa17785cd240d18ca3875807268214e6ab2a6919f5a9332368d4,True,flag,structuring,Multiple cash deposits under $10k from varied branches/ATMs into one personal account suggest structuring to evade CTR.,921,41,0.00259,True,,0,"{""suspicious"": true, ""typology"": ""structuring"", ""rationale"": ""Multiple cash deposits under $10k from varied branches/ATMs into one personal account suggest structuring to evade CTR.""}"
full,REAL,xai_grok,grok-4.5,xai,xai,v_terse,0,S-structuring-e-006,suspicious,structuring,easy,suspicious:structuring,1433851032,0.0,2026-07-15T16:51:58.834782+00:00,95c1054dc60c3c54,8108eb0a2e592d633f972c9a4b0b1bc80df6ee80177ed6e4145389c50863deab,True,flag,structuring,Multiple near-threshold cash deposits from varied ATMs/branches into basic personal account with minimal outflows.,920,39,0.002573,True,,0,"{""suspicious"": true, ""typology"": ""structuring"", ""rationale"": ""Multiple near-threshold cash deposits from varied ATMs/branches into basic personal account with minimal outflows.""}"
full,REAL,xai_grok,grok-4.5,xai,xai,v_terse,0,S-structuring-e-007,suspicious,structuring,easy,suspicious:structuring,252068864,0.0,2026-07-15T16:52:01.680446+00:00,885a4a7bdd73c51a,9a35f901ff4cdb1f06de5a62b20ab5d1bb81a490cd287868fe887ce94d2704a3,True,flag,structuring,Multiple near-threshold cash deposits from varied locations into personal account suggest structuring to evade reporting.,921,36,0.002555,True,,0,"{""suspicious"": true, ""typology"": ""structuring"", ""rationale"": ""Multiple near-threshold cash deposits from varied locations into personal account suggest structuring to evade reporting.""}"
full,REAL,xai_grok,grok-4.5,xai,xai,v_terse,0,S-structuring-e-008,suspicious,structuring,easy,suspicious:structuring,1626999958,0.0,2026-07-15T16:52:02.048088+00:00,62a3945aaa500499,671836d88d184e344b154f9db1c99dbccf43fa2bc77820c012829e665f0eaab7,True,flag,structuring,Multiple near-threshold cash deposits from varied ATMs/branches into personal account indicate structuring to evade reporting.,923,39,0.002581,True,,0,"{""suspicious"": true, ""typology"": ""structuring"", ""rationale"": ""Multiple near-threshold cash deposits from varied ATMs/branches into personal account indicate structuring to evade reporting.""}"
full,REAL,xai_grok,grok-4.5,xai,xai,v_terse,0,S-structuring-e-009,suspicious,structuring,easy,suspicious:structuring,1691423849,0.0,2026-07-15T16:52:02.389058+00:00,97630294d229df5f,442cb926520197ee1a89b9c763a01628af890d835744f5d43200b659425cdcdf,True,flag,structuring,Multiple near-$10k cash deposits from varied ATMs/branches into basic-KYC personal account over months.,921,41,0.00259,True,,0,"{""suspicious"": true, ""typology"": ""structuring"", ""rationale"": ""Multiple near-$10k cash deposits from varied ATMs/branches into basic-KYC personal account over months.""}"
full,REAL,xai_grok,grok-4.5,xai,xai,v_terse,0,S-structuring-e-010,suspicious,structuring,easy,suspicious:structuring,245683409,0.0,2026-07-15T16:52:02.747891+00:00,3ee9147fb6bd226c,ceafa6205942b4c7ac128fe410b28db678edb1fb899587c8abfeb2451e2c1f84,True,flag,structuring,Multiple cash deposits under $10k from diverse branches/ATMs into basic-KYC personal account suggest structuring to evade CTR.,925,44,0.002621,True,,0,"{""suspicious"": true, ""typology"": ""structuring"", ""rationale"": ""Multiple cash deposits under $10k from diverse branches/ATMs into basic-KYC personal account suggest structuring to evade CTR.""}"
full,REAL,xai_grok,grok-4.5,xai,xai,v_terse,0,S-structuring-e-011,suspicious,structuring,easy,suspicious:structuring,75361179,0.0,2026-07-15T16:52:05.707579+00:00,0b2fef32a92ba4d2,442cb926520197ee1a89b9c763a01628af890d835744f5d43200b659425cdcdf,True,flag,structuring,Multiple near-$10k cash deposits from varied ATMs/branches into basic-KYC personal account over months.,923,41,0.002595,True,,0,"{""suspicious"": true, ""typology"": ""structuring"", ""rationale"": ""Multiple near-$10k cash deposits from varied ATMs/branches into basic-KYC personal account over months.""}"
full,REAL,xai_grok,grok-4.5,xai,xai,v_terse,0,S-structuring-h-000,suspicious,structuring,hard,suspicious:structuring,1781569949,0.0,2026-07-15T16:52:06.181542+00:00,80d1364f4a0ff444,035d54189e91dae2fbf6f9cc034ccc1f7f299f2b0f4952d1ec9ae26f8d3335dd,True,flag,structuring,"Multiple near-$10k cash deposits from varied locations into personal account, classic structuring to evade reporting.",980,38,0.002716,True,,0,"{""suspicious"": true, ""typology"": ""structuring"", ""rationale"": ""Multiple near-$10k cash deposits from varied locations into personal account, classic structuring to evade reporting.""}"
full,REAL,xai_grok,grok-4.5,xai,xai,v_terse,0,S-structuring-h-002,suspicious,structuring,hard,suspicious:structuring,1395410022,0.0,2026-07-15T16:52:08.869214+00:00,3c2b18b5813df18c,0d16daeb9cc7e68db352a31fb1393b73d63d411e931ee56790b75e940a3f952e,True,flag,structuring,Multiple near-$10k cash deposits same day from varied locations; classic structuring to evade CTR thresholds.,977,38,0.002709,True,,0,"{""suspicious"": true, ""typology"": ""structuring"", ""rationale"": ""Multiple near-$10k cash deposits same day from varied locations; classic structuring to evade CTR thresholds.""}"
full,REAL,xai_grok,grok-4.5,xai,xai,v_terse,0,S-structuring-h-003,suspicious,structuring,hard,suspicious:structuring,1897360750,0.0,2026-07-15T16:52:11.739964+00:00,bf9a884d2a3072ce,3079d6457b3ce2908985f29062ae19f080739808741b93c361af66bf8d3556ae,True,flag,structuring,"Multiple sub-10k cash deposits from varied locations into new personal account, suggesting structuring.",978,36,0.002697,True,,0,"{""suspicious"": true, ""typology"": ""structuring"", ""rationale"": ""Multiple sub-10k cash deposits from varied locations into new personal account, suggesting structuring.""}"
full,REAL,xai_grok,grok-4.5,xai,xai,v_terse,0,S-structuring-h-004,suspicious,structuring,hard,suspicious:structuring,1315186741,0.0,2026-07-15T16:52:11.783407+00:00,4b0ced5dd7f3e789,b5d6f89ea2897903eae03690a940058563f9b98a407f2803bc4f875055ee52c2,True,flag,structuring,"Multiple near-threshold cash deposits into basic-KYC personal account from varied locations, mixed with atypical inflows.",982,41,0.002742,True,,0,"{""suspicious"": true, ""typology"": ""structuring"", ""rationale"": ""Multiple near-threshold cash deposits into basic-KYC personal account from varied locations, mixed with atypical inflows.""}"
full,REAL,xai_grok,grok-4.5,xai,xai,v_terse,0,S-structuring-h-001,suspicious,structuring,hard,suspicious:structuring,854185103,0.0,2026-07-15T16:52:12.957557+00:00,cbe664d0a35c7e4f,3c2dd257511bcfdb8f28bdc2db959bbf914dfa651ea539c106a06be3515570ba,True,flag,structuring,"Multiple cash deposits under 10k from different branches/ATM totaling over 16k, mixed with odd refunds.",974,42,0.002729,True,,0,"{""suspicious"": true, ""typology"": ""structuring"", ""rationale"": ""Multiple cash deposits under 10k from different branches/ATM totaling over 16k, mixed with odd refunds.""}"
full,REAL,xai_grok,grok-4.5,xai,xai,v_terse,0,S-structuring-h-005,suspicious,structuring,hard,suspicious:structuring,1468633778,0.0,2026-07-15T16:52:15.128871+00:00,6663d04c53f512c1,bc91fc55813d981527265f286be3ae5db4758794524b1a694fe89f2d06f5029d,True,flag,structuring,Multiple cash deposits near $10k from varied locations into basic-KYC personal account with limited outflows.,978,40,0.002725,True,,0,"{""suspicious"": true, ""typology"": ""structuring"", ""rationale"": ""Multiple cash deposits near $10k from varied locations into basic-KYC personal account with limited outflows.""}"
full,REAL,xai_grok,grok-4.5,xai,xai,v_terse,0,S-structuring-h-006,suspicious,structuring,hard,suspicious:structuring,1772660096,0.0,2026-07-15T16:52:18.192434+00:00,c6660e677cc35ed1,2e7b15b381907aa4edc3688cd8d1b6ac6e1fe900c8364b1ba46ecc865a5d82ab,True,flag,structuring,"Multiple sub-$10k cash deposits from varied ATMs/branch into personal account, plus anomalous payroll/rent flows.",982,42,0.002749,True,,0,"{""suspicious"": true, ""typology"": ""structuring"", ""rationale"": ""Multiple sub-$10k cash deposits from varied ATMs/branch into personal account, plus anomalous payroll/rent flows.""}"
full,REAL,xai_grok,grok-4.5,xai,xai,v_terse,0,S-structuring-h-007,suspicious,structuring,hard,suspicious:structuring,1187482114,0.0,2026-07-15T16:52:18.534328+00:00,05b72102c2472614,6b9e8848c4591541e54266638c48ac54bd31b3563a746212a6d2bc8018503cde,True,flag,structuring,Multiple sub-10k cash deposits from different branches into new basic-KYC personal account.,976,37,0.002699,True,,0,"{""suspicious"": true, ""typology"": ""structuring"", ""rationale"": ""Multiple sub-10k cash deposits from different branches into new basic-KYC personal account.""}"
full,REAL,xai_grok,grok-4.5,xai,xai,v_terse,0,S-structuring-h-008,suspicious,structuring,hard,suspicious:structuring,180526436,0.0,2026-07-15T16:52:21.278978+00:00,cac93f86d59694bd,3ec9cc58adbf7b334d6c5bec6e4aedbb3e84c9eb24e9819f22aac50c633ec929,True,flag,structuring,"Multiple large cash deposits just under $10k from different branches/ATMs into new basic-KYC personal account, with odd outflows.",980,47,0.002779,True,,0,"{""suspicious"": true, ""typology"": ""structuring"", ""rationale"": ""Multiple large cash deposits just under $10k from different branches/ATMs into new basic-KYC personal account, with odd outflows.""}"
full,REAL,xai_grok,grok-4.5,xai,xai,v_terse,0,S-structuring-h-009,suspicious,structuring,hard,suspicious:structuring,1407960978,0.0,2026-07-15T16:52:23.688907+00:00,8a10df9159da8346,b01390bffa226423c4219f3bd642a5528715ce0226421f0e74554a6fe43b85ba,True,flag,structuring,Multiple sub-10k cash deposits from varied locations into new personal account with basic KYC.,980,37,0.002709,True,,0,"{""suspicious"": true, ""typology"": ""structuring"", ""rationale"": ""Multiple sub-10k cash deposits from varied locations into new personal account with basic KYC.""}"
full,REAL,xai_grok,grok-4.5,xai,xai,v_terse,0,S-structuring-h-010,suspicious,structuring,hard,suspicious:structuring,299421043,0.0,2026-07-15T16:52:24.761408+00:00,950fdd438ae2da14,ac4ae135df2bca5a741648a9d4243c46d7d5aa8a4b92f6f01cf8824f493a96ff,True,flag,structuring,Multiple sub-$10k cash deposits from varied locations into new basic-KYC personal account suggest structuring.,980,39,0.002723,True,,0,"{""suspicious"": true, ""typology"": ""structuring"", ""rationale"": ""Multiple sub-$10k cash deposits from varied locations into new basic-KYC personal account suggest structuring.""}"
full,REAL,xai_grok,grok-4.5,xai,xai,v_terse,0,S-structuring-m-001,suspicious,structuring,medium,suspicious:structuring,177524757,0.0,2026-07-15T16:52:25.536939+00:00,265262f6e7b83122,0a260747553aaa891cad9de5a1eaa2bb5b37aa155fe1b36c56f910c04875629e,True,flag,structuring,"Multiple cash deposits under $10k from varied branches/ATM into personal account, classic structuring pattern.",907,38,0.002534,True,,0,"{""suspicious"": true, ""typology"": ""structuring"", ""rationale"": ""Multiple cash deposits under $10k from varied branches/ATM into personal account, classic structuring pattern.""}"
full,REAL,xai_grok,grok-4.5,xai,xai,v_terse,0,S-structuring-m-000,suspicious,structuring,medium,suspicious:structuring,329235241,0.0,2026-07-15T16:52:25.802757+00:00,4a061a461ec10b0e,89f4875cd824a035d5499b793e5496af16c28407f3366afbe073f2e9c23f47bc,True,flag,structuring,Multiple sub-10k cash deposits from varied branches/ATM into basic-KYC personal account indicate structuring to evade reporting.,912,43,0.002581,True,,0,"{""suspicious"": true, ""typology"": ""structuring"", ""rationale"": ""Multiple sub-10k cash deposits from varied branches/ATM into basic-KYC personal account indicate structuring to evade reporting.""}"
full,REAL,xai_grok,grok-4.5,xai,xai,v_terse,0,S-structuring-m-002,suspicious,structuring,medium,suspicious:structuring,362379029,0.0,2026-07-15T16:52:27.953934+00:00,0826555d0c67088a,9d63c6464502de563ff9eb21f435e4d949512aa2aa595c2ba567f5204dcd3e86,True,flag,structuring,"Multiple cash deposits just under $10k from varied ATMs/branches into personal account, classic structuring to evade CTR.",910,42,0.002569,True,,0,"{""suspicious"": true, ""typology"": ""structuring"", ""rationale"": ""Multiple cash deposits just under $10k from varied ATMs/branches into personal account, classic structuring to evade CTR.""}"
full,REAL,xai_grok,grok-4.5,xai,xai,v_terse,0,S-structuring-m-003,suspicious,structuring,medium,suspicious:structuring,1465244180,0.0,2026-07-15T16:52:28.152381+00:00,0de32bf7dd2dfc5e,04520f62522e1a8da9d00b98ab15f1667ad6bc97a7e85470addea8cee5a301f6,True,flag,structuring,Multiple sub-10k cash deposits from varied branches/ATM into basic-KYC personal account suggest structuring to evade reporting.,906,43,0.002566,True,,0,"{""suspicious"": true, ""typology"": ""structuring"", ""rationale"": ""Multiple sub-10k cash deposits from varied branches/ATM into basic-KYC personal account suggest structuring to evade reporting.""}"
full,REAL,xai_grok,grok-4.5,xai,xai,v_terse,0,S-structuring-m-005,suspicious,structuring,medium,suspicious:structuring,1496385198,0.0,2026-07-15T16:52:29.491481+00:00,063f17370fea7755,83d65006ebe484fdee8a1044d27b2cf60bf50ceef5c4642d766642bc2901113d,True,flag,structuring,Multiple sub-$10k cash deposits from varied locations into basic-KYC personal account suggest structuring to evade reporting.,910,41,0.002562,True,,0,"{""suspicious"": true, ""typology"": ""structuring"", ""rationale"": ""Multiple sub-$10k cash deposits from varied locations into basic-KYC personal account suggest structuring to evade reporting.""}"
full,REAL,xai_grok,grok-4.5,xai,xai,v_terse,0,S-structuring-m-004,suspicious,structuring,medium,suspicious:structuring,1817681293,0.0,2026-07-15T16:52:31.155907+00:00,fdee70c9f3805bdd,5040539e8ef6cdbbc8f4daf77730a7a7ebfd7e98461df64c37f2df347a3c2407,True,flag,funnel_account,Multiple large cash deposits from varied branches/ATMs into basic-KYC personal account; limited outflows suggest funneling.,908,46,0.002592,True,,0,"{""suspicious"": true, ""typology"": ""funnel_account"", ""rationale"": ""Multiple large cash deposits from varied branches/ATMs into basic-KYC personal account; limited outflows suggest funneling.""}"
full,REAL,xai_grok,grok-4.5,xai,xai,v_terse,0,S-structuring-m-006,suspicious,structuring,medium,suspicious:structuring,1115177423,0.0,2026-07-15T16:52:32.236382+00:00,56379f0ead5cd055,aee4bf53a29a7f8fd1be387f4075c259a721cbce9f24d21f1e720c71ac166777,True,flag,structuring,Multiple sub-$10k cash deposits from varied branches/ATM into personal account suggest structuring to evade CTR thresholds.,907,40,0.002547,True,,0,"{""suspicious"": true, ""typology"": ""structuring"", ""rationale"": ""Multiple sub-$10k cash deposits from varied branches/ATM into personal account suggest structuring to evade CTR thresholds.""}"
full,REAL,xai_grok,grok-4.5,xai,xai,v_terse,0,S-structuring-m-007,suspicious,structuring,medium,suspicious:structuring,1397425726,0.0,2026-07-15T16:52:32.849473+00:00,92a517214d631a56,9a35f901ff4cdb1f06de5a62b20ab5d1bb81a490cd287868fe887ce94d2704a3,True,flag,structuring,Multiple near-threshold cash deposits from varied locations into personal account suggest structuring to evade reporting.,904,36,0.002512,True,,0,"{""suspicious"": true, ""typology"": ""structuring"", ""rationale"": ""Multiple near-threshold cash deposits from varied locations into personal account suggest structuring to evade reporting.""}"
full,REAL,xai_grok,grok-4.5,xai,xai,v_terse,0,S-structuring-m-009,suspicious,structuring,medium,suspicious:structuring,818752935,0.0,2026-07-15T16:52:36.140226+00:00,082ad5fe554bd01f,c093f451ed2787ea12870504300864e2638c35c0e533eba7bdc9185cd4820bbf,True,flag,structuring,"Multiple near-$10k cash deposits from varied branches/ATM into basic-KYC account, then rent/utility outflows; classic structuring.",906,47,0.002594,True,,0,"{""suspicious"": true, ""typology"": ""structuring"", ""rationale"": ""Multiple near-$10k cash deposits from varied branches/ATM into basic-KYC account, then rent/utility outflows; classic structuring.""}"
full,REAL,xai_grok,grok-4.5,xai,xai,v_terse,0,S-structuring-m-008,suspicious,structuring,medium,suspicious:structuring,1421615167,0.0,2026-07-15T16:52:38.241979+00:00,f28d9e55e3928cf8,071fc1e5db0a752a32158fec24fdbd02362d7adbf77e37ab0193575cad22ed73,True,flag,cash_intensive_front,"Personal account receives multiple large cash deposits from varied branches/ATMs totaling ~29k, inconsistent with basic KYC profile.",908,47,0.002599,True,,0,"{""suspicious"": true, ""typology"": ""cash_intensive_front"", ""rationale"": ""Personal account receives multiple large cash deposits from varied branches/ATMs totaling ~29k, inconsistent with basic KYC profile.""}"
full,REAL,xai_grok,grok-4.5,xai,xai,v_terse,0,S-structuring-m-010,suspicious,structuring,medium,suspicious:structuring,60446807,0.0,2026-07-15T16:52:39.823738+00:00,84df2957a1c17567,009ff81ddbeceb8164b026c62649f25dd6c1e18ea5e6dbd965bc8c895007b31c,True,flag,structuring,"Multiple sub-10k cash deposits from varied branches into basic-KYC personal account, followed by business outflows.",914,42,0.002579,True,,0,"{""suspicious"": true, ""typology"": ""structuring"", ""rationale"": ""Multiple sub-10k cash deposits from varied branches into basic-KYC personal account, followed by business outflows.""}"
full,REAL,xai_grok,grok-4.5,xai,xai,v_terse,0,S-structuring-m-012,suspicious,structuring,medium,suspicious:structuring,1269284901,0.0,2026-07-15T16:52:40.216885+00:00,20e8465109846764,e546f78a55736f674e2ee1ac6f9ad9add303df215c8b654be6560f3703ad2373,True,flag,structuring,Multiple sub-$10k cash deposits from varied ATMs/branches into basic-KYC personal account.,908,39,0.002543,True,,0,"{""suspicious"": true, ""typology"": ""structuring"", ""rationale"": ""Multiple sub-$10k cash deposits from varied ATMs/branches into basic-KYC personal account.""}"
full,REAL,xai_grok,grok-4.5,xai,xai,v_terse,0,S-structuring-m-011,suspicious,structuring,medium,suspicious:structuring,1467239220,0.0,2026-07-15T16:52:40.945609+00:00,7b60de30301a638a,b4cda1b761f6ed8926ba6f8c9844696ddeb1211cae5d83acb73047d0cbfb8bf6,True,flag,structuring,Multiple sub-$10k cash deposits from varied branches/ATMs into basic-KYC personal account indicate structuring.,906,41,0.002552,True,,0,"{""suspicious"": true, ""typology"": ""structuring"", ""rationale"": ""Multiple sub-$10k cash deposits from varied branches/ATMs into basic-KYC personal account indicate structuring.""}"
full,REAL,xai_grok,grok-4.5,xai,xai,v_terse,0,S-structuring-m-013,suspicious,structuring,medium,suspicious:structuring,1524976839,0.0,2026-07-15T16:52:41.462771+00:00,0101210ff04b3eba,019695255afa0db97ab25d24b5e32db97ca2d92f04d482f4b0154bcddd9b3074,True,flag,structuring,"Multiple cash deposits just under $10k from varied ATMs/branches into basic-KYC personal account, classic structuring pattern.",910,44,0.002583,True,,0,"{""suspicious"": true, ""typology"": ""structuring"", ""rationale"": ""Multiple cash deposits just under $10k from varied ATMs/branches into basic-KYC personal account, classic structuring pattern.""}"
full,REAL,xai_grok,grok-4.5,xai,xai,v_terse,0,S-structuring-m-014,suspicious,structuring,medium,suspicious:structuring,204016891,0.0,2026-07-15T16:52:44.908925+00:00,7192d5c85b0e6c32,de3864c39ede1c14681c3596811afd994ae60b207201ecfb62b786501b28fd78,True,flag,structuring,Multiple near-threshold cash deposits from varied locations into personal account suggest structuring to evade CTR.,907,36,0.00252,True,,0,"{""suspicious"": true, ""typology"": ""structuring"", ""rationale"": ""Multiple near-threshold cash deposits from varied locations into personal account suggest structuring to evade CTR.""}"
full,REAL,xai_grok,grok-4.5,xai,xai,v_terse,0,S-trade_based-e-000,suspicious,trade_based,easy,suspicious:trade_based,1786995864,0.0,2026-07-15T16:52:45.351535+00:00,f596be7c5a567c34,c2c7a9ed5d73469abbf80fe8609ce604d020035f90c462ca47fcac30376b0ac9,True,flag,trade_based,Large wire from verified US importer to limited-KYC HK trading firm indicates potential trade-based laundering.,551,42,0.001671,True,,0,"{""suspicious"": true, ""typology"": ""trade_based"", ""rationale"": ""Large wire from verified US importer to limited-KYC HK trading firm indicates potential trade-based laundering.""}"
full,REAL,xai_grok,grok-4.5,xai,xai,v_terse,0,S-trade_based-e-001,suspicious,trade_based,easy,suspicious:trade_based,903433602,0.0,2026-07-15T16:52:45.925902+00:00,9dd93c81745105e9,20766b8cbfa36ca69ea84b935004c993f300b5c11d54c4bba94cc461d8267c2b,True,flag,trade_based,Large wire from US electronics importer to limited-KYC HK trading firm indicates possible trade-based laundering.,555,42,0.001682,True,,0,"{""suspicious"": true, ""typology"": ""trade_based"", ""rationale"": ""Large wire from US electronics importer to limited-KYC HK trading firm indicates possible trade-based laundering.""}"
full,REAL,xai_grok,grok-4.5,xai,xai,v_terse,0,S-trade_based-e-002,suspicious,trade_based,easy,suspicious:trade_based,1715852405,0.0,2026-07-15T16:52:48.131312+00:00,89986794e3555027,3440019f854ef5ef4b10e8b6aade5c19373a686b6f264553b45fbd3df7e3cad7,True,flag,trade_based,Large wire from verified US importer to limited-KYC HK trader; sparse small offsets suggest possible TBML.,551,42,0.001671,True,,0,"{""suspicious"": true, ""typology"": ""trade_based"", ""rationale"": ""Large wire from verified US importer to limited-KYC HK trader; sparse small offsets suggest possible TBML.""}"
full,REAL,xai_grok,grok-4.5,xai,xai,v_terse,0,S-trade_based-e-003,suspicious,trade_based,easy,suspicious:trade_based,1054846230,0.0,2026-07-15T16:52:49.358815+00:00,2f4bd0e31ef0026b,2fcadbe13805332b5fc177e971a8d3bca61b3c0df2d8e6cbdd1e6fef2514ee66,True,flag,trade_based,Large wire from verified US importer to limited-KYC HK trader indicates potential trade-based laundering risk.,551,42,0.001671,True,,0,"{""suspicious"": true, ""typology"": ""trade_based"", ""rationale"": ""Large wire from verified US importer to limited-KYC HK trader indicates potential trade-based laundering risk.""}"
full,REAL,xai_grok,grok-4.5,xai,xai,v_terse,0,S-trade_based-e-004,suspicious,trade_based,easy,suspicious:trade_based,235782272,0.0,2026-07-15T16:52:50.734560+00:00,3370bdf08cd2bfb4,36ed1d6feee4cb1d546a9a4faa44945182af431d531e0581f04c833d41dda555,True,flag,trade_based,Large wire from verified US electronics importer to limited-KYC HK trading firm indicates possible TBML.,551,40,0.001657,True,,0,"{""suspicious"": true, ""typology"": ""trade_based"", ""rationale"": ""Large wire from verified US electronics importer to limited-KYC HK trading firm indicates possible TBML.""}"
full,REAL,xai_grok,grok-4.5,xai,xai,v_terse,0,S-trade_based-e-005,suspicious,trade_based,easy,suspicious:trade_based,1465033080,0.0,2026-07-15T16:52:52.545420+00:00,0b1dd08b98a67108,30a2f5ac1e6f858777f97c022228e06bfdee20e912d6794a2eca62d24d83a82e,True,flag,trade_based,Large wire from verified US importer to limited-KYC HK trading firm indicates potential trade-based laundering risk.,551,43,0.001678,True,,0,"{""suspicious"": true, ""typology"": ""trade_based"", ""rationale"": ""Large wire from verified US importer to limited-KYC HK trading firm indicates potential trade-based laundering risk.""}"
full,REAL,xai_grok,grok-4.5,xai,xai,v_terse,0,S-trade_based-e-006,suspicious,trade_based,easy,suspicious:trade_based,386839527,0.0,2026-07-15T16:52:53.810881+00:00,744846af83bfe140,6fe039f4a32ed526eebb02187d79c470ad6ebe32aee867d62a442b104a5035bb,True,flag,trade_based,Large wire from US electronics importer to limited-KYC HK trader suggests possible TBML.,553,38,0.001649,True,,0,"{""suspicious"": true, ""typology"": ""trade_based"", ""rationale"": ""Large wire from US electronics importer to limited-KYC HK trader suggests possible TBML.""}"
full,REAL,xai_grok,grok-4.5,xai,xai,v_terse,0,S-trade_based-e-008,suspicious,trade_based,easy,suspicious:trade_based,1480155945,0.0,2026-07-15T16:52:55.306148+00:00,126ff35e16dd5ed6,dad8bdcf365351202d7cd33d4b8d40bd15ea1ff03b6de6f82ac03c70f810e56d,True,flag,trade_based,Large wire from verified US electronics importer to limited-KYC HK trading firm indicates potential trade-based ML.,550,42,0.001669,True,,0,"{""suspicious"": true, ""typology"": ""trade_based"", ""rationale"": ""Large wire from verified US electronics importer to limited-KYC HK trading firm indicates potential trade-based ML.""}"
full,REAL,xai_grok,grok-4.5,xai,xai,v_terse,0,S-trade_based-e-009,suspicious,trade_based,easy,suspicious:trade_based,1917216764,0.0,2026-07-15T16:52:56.652187+00:00,ca2bef91e9865bfa,74749d8a42a3bb455849cdfd62002bf700bc3783635e09d9c83858b05808f349,True,flag,trade_based,Large wire to limited-KYC HK trading firm from US electronics importer flags potential TBML.,553,39,0.001656,True,,0,"{""suspicious"": true, ""typology"": ""trade_based"", ""rationale"": ""Large wire to limited-KYC HK trading firm from US electronics importer flags potential TBML.""}"
full,REAL,xai_grok,grok-4.5,xai,xai,v_terse,0,S-trade_based-e-007,suspicious,trade_based,easy,suspicious:trade_based,869580737,0.0,2026-07-15T16:52:57.705073+00:00,26c66a2b027581e6,fd3283e8baf3048aa24d3199c1e0e6d72df5ad3ac8759519cb06aae42f10c10a,True,flag,trade_based,Large wire from US electronics importer to limited-KYC HK trader plus unrelated rent/invoice inflows indicates possible TBML.,553,45,0.001698,True,,0,"{""suspicious"": true, ""typology"": ""trade_based"", ""rationale"": ""Large wire from US electronics importer to limited-KYC HK trader plus unrelated rent/invoice inflows indicates possible TBML.""}"
full,REAL,xai_grok,grok-4.5,xai,xai,v_terse,0,S-trade_based-e-010,suspicious,trade_based,easy,suspicious:trade_based,1942066914,0.0,2026-07-15T16:52:59.298476+00:00,3c2cc79fe91a29e1,01d58fe3a70310aacbe24b775c9b367068181948fc691dedacc5636581da6c82,True,flag,trade_based,Large wire from verified US electronics importer to limited-KYC HK trading firm indicates possible trade-based ML.,553,42,0.001677,True,,0,"{""suspicious"": true, ""typology"": ""trade_based"", ""rationale"": ""Large wire from verified US electronics importer to limited-KYC HK trading firm indicates possible trade-based ML.""}"
full,REAL,xai_grok,grok-4.5,xai,xai,v_terse,0,S-trade_based-e-011,suspicious,trade_based,easy,suspicious:trade_based,511260172,0.0,2026-07-15T16:53:00.759006+00:00,3f9665a271dfe486,36ed1d6feee4cb1d546a9a4faa44945182af431d531e0581f04c833d41dda555,True,flag,trade_based,Large wire from verified US electronics importer to limited-KYC HK trading firm indicates possible TBML.,553,40,0.001663,True,,0,"{""suspicious"": true, ""typology"": ""trade_based"", ""rationale"": ""Large wire from verified US electronics importer to limited-KYC HK trading firm indicates possible TBML.""}"
full,REAL,xai_grok,grok-4.5,xai,xai,v_terse,0,S-trade_based-h-001,suspicious,trade_based,hard,suspicious:trade_based,1951815350,0.0,2026-07-15T16:53:03.728613+00:00,218d762fe3452cf0,df08ab1937fad32ae8bde0ccd3ecac4aea0011924da119300d83759503b8bd21,True,flag,trade_based,Large wire from verified US importer to limited-KYC HK trader with sparse follow-on activity indicates possible TBML.,836,44,0.002398,True,,0,"{""suspicious"": true, ""typology"": ""trade_based"", ""rationale"": ""Large wire from verified US importer to limited-KYC HK trader with sparse follow-on activity indicates possible TBML.""}"
full,REAL,xai_grok,grok-4.5,xai,xai,v_terse,0,S-trade_based-h-002,suspicious,trade_based,hard,suspicious:trade_based,1897378381,0.0,2026-07-15T16:53:03.939711+00:00,59b30ee29d46150f,dde6777b3a059df0fa9a110209862f76e2ef78f31f86caba2d94c83c0fff7d0f,True,flag,trade_based,Large wire from US importer to limited-KYC HK trader; mismatched small activity suggests TBML risk.,836,41,0.002377,True,,0,"{""suspicious"": true, ""typology"": ""trade_based"", ""rationale"": ""Large wire from US importer to limited-KYC HK trader; mismatched small activity suggests TBML risk.""}"
full,REAL,xai_grok,grok-4.5,xai,xai,v_terse,0,S-trade_based-h-000,suspicious,trade_based,hard,suspicious:trade_based,638086124,0.0,2026-07-15T16:53:04.919842+00:00,f6b589754cb65593,3801d4740bff548a11c5f9920c3b3272a08bad44484a08256b439c9e015f947a,True,flag,funnel_account,"Limited-KYC HK trader receives large US wire plus mismatched rents, taxes, cards; possible collection point.",833,43,0.002384,True,,0,"{""suspicious"": true, ""typology"": ""funnel_account"", ""rationale"": ""Limited-KYC HK trader receives large US wire plus mismatched rents, taxes, cards; possible collection point.""}"
full,REAL,xai_grok,grok-4.5,xai,xai,v_terse,0,S-trade_based-h-003,suspicious,trade_based,hard,suspicious:trade_based,308375487,0.0,2026-07-15T16:53:08.563061+00:00,f8946a05427260dc,6769a397cbc5e60ad3ab43ba6c9b24c43c6db168d6a92d01ca9ba55f7bd5280c,True,flag,trade_based,Large wire from verified US electronics importer to limited-KYC HK trading firm; high TBML risk.,835,41,0.002374,True,,0,"{""suspicious"": true, ""typology"": ""trade_based"", ""rationale"": ""Large wire from verified US electronics importer to limited-KYC HK trading firm; high TBML risk.""}"
full,REAL,xai_grok,grok-4.5,xai,xai,v_terse,0,S-trade_based-h-006,suspicious,trade_based,hard,suspicious:trade_based,1452725693,0.0,2026-07-15T16:53:12.577564+00:00,13c6c5a2f26c107c,ed9d59969843ce843b44da208e6fd44632f7b8f00861d50129ebd614b51f5f82,True,flag,trade_based,Large wire from US electronics importer to limited-KYC HK trader; anomalous reverse rent/utility inflows to IMP.,837,44,0.0024,True,,0,"{""suspicious"": true, ""typology"": ""trade_based"", ""rationale"": ""Large wire from US electronics importer to limited-KYC HK trader; anomalous reverse rent/utility inflows to IMP.""}"
full,REAL,xai_grok,grok-4.5,xai,xai,v_terse,0,S-trade_based-h-008,suspicious,trade_based,hard,suspicious:trade_based,1244631094,0.0,2026-07-15T16:53:12.681413+00:00,1b136e30ba0f4b9b,e3b0c44298fc1c149afbf4c8996fb92427ae41e4649b934ca495991b7852b855,,ERROR,,,0,0,0.0,False,"PermissionDeniedError: Error code: 403 - {'code': 'permission-denied', 'error': 'Your team 7eb787ca-eb24-4f49-8c75-466682770777 has either used all available credits or reached its monthly spending limit. To continue making API requests, please purchase more credits or raise your spending limit.'}",,
full,REAL,xai_grok,grok-4.5,xai,xai,v_terse,0,S-trade_based-h-004,suspicious,trade_based,hard,suspicious:trade_based,1511807852,0.0,2026-07-15T16:53:12.974199+00:00,4d1253515f55fd09,832c984b37ced391fa3f8f4d11006ac50364c1e574122a0b5074ef893e020c52,True,flag,trade_based,Large US-to-HK wire to limited-KYC trader; anomalous reverse rent/utility inflows to EXP.,833,44,0.002391,True,,0,"{""suspicious"": true, ""typology"": ""trade_based"", ""rationale"": ""Large US-to-HK wire to limited-KYC trader; anomalous reverse rent/utility inflows to EXP.""}"
full,REAL,xai_grok,grok-4.5,xai,xai,v_terse,0,S-trade_based-h-007,suspicious,trade_based,hard,suspicious:trade_based,1829308313,0.0,2026-07-15T16:53:13.127360+00:00,74e5d476ba2887a0,f76c5a54615c291e3f53df65dcd96ea7c5c65637173b21f229e6c487f0aad105,True,flag,trade_based,Large wire from verified US electronics importer to limited-KYC HK trading firm suggests possible TBML.,831,40,0.002357,True,,0,"{""suspicious"": true, ""typology"": ""trade_based"", ""rationale"": ""Large wire from verified US electronics importer to limited-KYC HK trading firm suggests possible TBML.""}"
full,REAL,xai_grok,grok-4.5,xai,xai,v_terse,0,S-trade_based-h-009,suspicious,trade_based,hard,suspicious:trade_based,1591090957,0.0,2026-07-15T16:53:13.684263+00:00,37cb1acd9fd55b76,e3b0c44298fc1c149afbf4c8996fb92427ae41e4649b934ca495991b7852b855,,ERROR,,,0,0,0.0,False,"PermissionDeniedError: Error code: 403 - {'code': 'permission-denied', 'error': 'Your team 7eb787ca-eb24-4f49-8c75-466682770777 has either used all available credits or reached its monthly spending limit. To continue making API requests, please purchase more credits or raise your spending limit.'}",,
full,REAL,xai_grok,grok-4.5,xai,xai,v_terse,0,S-trade_based-h-005,suspicious,trade_based,hard,suspicious:trade_based,6538177,0.0,2026-07-15T16:53:14.480079+00:00,b51f95aacb5e32a4,84faa00f5efb8ad55f21a0e63f436235d2ad2bc1e9134a341f10af4089412de5,True,flag,trade_based,Large US-to-HK wire to limited-KYC trader amid electronics import; possible TBML.,832,41,0.002367,True,,0,"{""suspicious"": true, ""typology"": ""trade_based"", ""rationale"": ""Large US-to-HK wire to limited-KYC trader amid electronics import; possible TBML.""}"
full,REAL,xai_grok,grok-4.5,xai,xai,v_terse,0,S-trade_based-h-010,suspicious,trade_based,hard,suspicious:trade_based,505456029,0.0,2026-07-15T16:53:14.684480+00:00,f8bb3a4561b19e77,e3b0c44298fc1c149afbf4c8996fb92427ae41e4649b934ca495991b7852b855,,ERROR,,,0,0,0.0,False,"PermissionDeniedError: Error code: 403 - {'code': 'permission-denied', 'error': 'Your team 7eb787ca-eb24-4f49-8c75-466682770777 has either used all available credits or reached its monthly spending limit. To continue making API requests, please purchase more credits or raise your spending limit.'}",,
full,REAL,xai_grok,grok-4.5,xai,xai,v_terse,0,S-trade_based-m-000,suspicious,trade_based,medium,suspicious:trade_based,1760821857,0.0,2026-07-15T16:53:15.685822+00:00,8a1fe29a75b45001,e3b0c44298fc1c149afbf4c8996fb92427ae41e4649b934ca495991b7852b855,,ERROR,,,0,0,0.0,False,"PermissionDeniedError: Error code: 403 - {'code': 'permission-denied', 'error': 'Your team 7eb787ca-eb24-4f49-8c75-466682770777 has either used all available credits or reached its monthly spending limit. To continue making API requests, please purchase more credits or raise your spending limit.'}",,
full,REAL,xai_grok,grok-4.5,xai,xai,v_terse,0,S-trade_based-m-001,suspicious,trade_based,medium,suspicious:trade_based,1288292288,0.0,2026-07-15T16:53:16.682615+00:00,1841660f061c5e8c,e3b0c44298fc1c149afbf4c8996fb92427ae41e4649b934ca495991b7852b855,,ERROR,,,0,0,0.0,False,"PermissionDeniedError: Error code: 403 - {'code': 'permission-denied', 'error': 'Your team 7eb787ca-eb24-4f49-8c75-466682770777 has either used all available credits or reached its monthly spending limit. To continue making API requests, please purchase more credits or raise your spending limit.'}",,
full,REAL,xai_grok,grok-4.5,xai,xai,v_terse,0,S-trade_based-m-002,suspicious,trade_based,medium,suspicious:trade_based,231206581,0.0,2026-07-15T16:53:17.679084+00:00,1d331d1ce940b67d,e3b0c44298fc1c149afbf4c8996fb92427ae41e4649b934ca495991b7852b855,,ERROR,,,0,0,0.0,False,"PermissionDeniedError: Error code: 403 - {'code': 'permission-denied', 'error': 'Your team 7eb787ca-eb24-4f49-8c75-466682770777 has either used all available credits or reached its monthly spending limit. To continue making API requests, please purchase more credits or raise your spending limit.'}",,
full,REAL,xai_grok,grok-4.5,xai,xai,v_terse,0,S-trade_based-m-003,suspicious,trade_based,medium,suspicious:trade_based,609773369,0.0,2026-07-15T16:53:18.759182+00:00,d35101744c11a84e,e3b0c44298fc1c149afbf4c8996fb92427ae41e4649b934ca495991b7852b855,,ERROR,,,0,0,0.0,False,"PermissionDeniedError: Error code: 403 - {'code': 'permission-denied', 'error': 'Your team 7eb787ca-eb24-4f49-8c75-466682770777 has either used all available credits or reached its monthly spending limit. To continue making API requests, please purchase more credits or raise your spending limit.'}",,
full,REAL,xai_grok,grok-4.5,xai,xai,v_terse,0,S-trade_based-m-004,suspicious,trade_based,medium,suspicious:trade_based,1696854117,0.0,2026-07-15T16:53:19.685466+00:00,60d79a8dce84f110,e3b0c44298fc1c149afbf4c8996fb92427ae41e4649b934ca495991b7852b855,,ERROR,,,0,0,0.0,False,"PermissionDeniedError: Error code: 403 - {'code': 'permission-denied', 'error': 'Your team 7eb787ca-eb24-4f49-8c75-466682770777 has either used all available credits or reached its monthly spending limit. To continue making API requests, please purchase more credits or raise your spending limit.'}",,
full,REAL,xai_grok,grok-4.5,xai,xai,v_terse,0,S-trade_based-m-005,suspicious,trade_based,medium,suspicious:trade_based,86351738,0.0,2026-07-15T16:53:20.689330+00:00,bea351bfffa8db49,e3b0c44298fc1c149afbf4c8996fb92427ae41e4649b934ca495991b7852b855,,ERROR,,,0,0,0.0,False,"PermissionDeniedError: Error code: 403 - {'code': 'permission-denied', 'error': 'Your team 7eb787ca-eb24-4f49-8c75-466682770777 has either used all available credits or reached its monthly spending limit. To continue making API requests, please purchase more credits or raise your spending limit.'}",,
full,REAL,xai_grok,grok-4.5,xai,xai,v_terse,0,S-trade_based-m-006,suspicious,trade_based,medium,suspicious:trade_based,628506349,0.0,2026-07-15T16:53:21.687441+00:00,996c08cc6a69c167,e3b0c44298fc1c149afbf4c8996fb92427ae41e4649b934ca495991b7852b855,,ERROR,,,0,0,0.0,False,"PermissionDeniedError: Error code: 403 - {'code': 'permission-denied', 'error': 'Your team 7eb787ca-eb24-4f49-8c75-466682770777 has either used all available credits or reached its monthly spending limit. To continue making API requests, please purchase more credits or raise your spending limit.'}",,
full,REAL,xai_grok,grok-4.5,xai,xai,v_terse,0,S-trade_based-m-007,suspicious,trade_based,medium,suspicious:trade_based,1579513663,0.0,2026-07-15T16:53:22.679130+00:00,783c097c07b02968,e3b0c44298fc1c149afbf4c8996fb92427ae41e4649b934ca495991b7852b855,,ERROR,,,0,0,0.0,False,"PermissionDeniedError: Error code: 403 - {'code': 'permission-denied', 'error': 'Your team 7eb787ca-eb24-4f49-8c75-466682770777 has either used all available credits or reached its monthly spending limit. To continue making API requests, please purchase more credits or raise your spending limit.'}",,
full,REAL,xai_grok,grok-4.5,xai,xai,v_terse,0,S-trade_based-m-008,suspicious,trade_based,medium,suspicious:trade_based,510878673,0.0,2026-07-15T16:53:23.692753+00:00,bbd265192985d47a,e3b0c44298fc1c149afbf4c8996fb92427ae41e4649b934ca495991b7852b855,,ERROR,,,0,0,0.0,False,"PermissionDeniedError: Error code: 403 - {'code': 'permission-denied', 'error': 'Your team 7eb787ca-eb24-4f49-8c75-466682770777 has either used all available credits or reached its monthly spending limit. To continue making API requests, please purchase more credits or raise your spending limit.'}",,
full,REAL,xai_grok,grok-4.5,xai,xai,v_terse,0,S-trade_based-m-009,suspicious,trade_based,medium,suspicious:trade_based,817450659,0.0,2026-07-15T16:53:24.686679+00:00,ab5ae0bc1b69043d,e3b0c44298fc1c149afbf4c8996fb92427ae41e4649b934ca495991b7852b855,,ERROR,,,0,0,0.0,False,"PermissionDeniedError: Error code: 403 - {'code': 'permission-denied', 'error': 'Your team 7eb787ca-eb24-4f49-8c75-466682770777 has either used all available credits or reached its monthly spending limit. To continue making API requests, please purchase more credits or raise your spending limit.'}",,
full,REAL,xai_grok,grok-4.5,xai,xai,v_terse,0,S-trade_based-m-010,suspicious,trade_based,medium,suspicious:trade_based,1056766293,0.0,2026-07-15T16:53:25.679878+00:00,4bf53254b2324879,e3b0c44298fc1c149afbf4c8996fb92427ae41e4649b934ca495991b7852b855,,ERROR,,,0,0,0.0,False,"PermissionDeniedError: Error code: 403 - {'code': 'permission-denied', 'error': 'Your team 7eb787ca-eb24-4f49-8c75-466682770777 has either used all available credits or reached its monthly spending limit. To continue making API requests, please purchase more credits or raise your spending limit.'}",,
full,REAL,xai_grok,grok-4.5,xai,xai,v_terse,0,S-trade_based-m-011,suspicious,trade_based,medium,suspicious:trade_based,1025509457,0.0,2026-07-15T16:53:26.682609+00:00,18241dbc613bc48e,e3b0c44298fc1c149afbf4c8996fb92427ae41e4649b934ca495991b7852b855,,ERROR,,,0,0,0.0,False,"PermissionDeniedError: Error code: 403 - {'code': 'permission-denied', 'error': 'Your team 7eb787ca-eb24-4f49-8c75-466682770777 has either used all available credits or reached its monthly spending limit. To continue making API requests, please purchase more credits or raise your spending limit.'}",,
full,REAL,xai_grok,grok-4.5,xai,xai,v_terse,0,S-trade_based-m-012,suspicious,trade_based,medium,suspicious:trade_based,242556485,0.0,2026-07-15T16:53:27.703865+00:00,f422c6c354322eaa,e3b0c44298fc1c149afbf4c8996fb92427ae41e4649b934ca495991b7852b855,,ERROR,,,0,0,0.0,False,"PermissionDeniedError: Error code: 403 - {'code': 'permission-denied', 'error': 'Your team 7eb787ca-eb24-4f49-8c75-466682770777 has either used all available credits or reached its monthly spending limit. To continue making API requests, please purchase more credits or raise your spending limit.'}",,
full,REAL,xai_grok,grok-4.5,xai,xai,v_terse,0,S-trade_based-m-013,suspicious,trade_based,medium,suspicious:trade_based,491021532,0.0,2026-07-15T16:53:28.695088+00:00,23266c24f6db9523,e3b0c44298fc1c149afbf4c8996fb92427ae41e4649b934ca495991b7852b855,,ERROR,,,0,0,0.0,False,"PermissionDeniedError: Error code: 403 - {'code': 'permission-denied', 'error': 'Your team 7eb787ca-eb24-4f49-8c75-466682770777 has either used all available credits or reached its monthly spending limit. To continue making API requests, please purchase more credits or raise your spending limit.'}",,
full,REAL,xai_grok,grok-4.5,xai,xai,v_terse,0,S-trade_based-m-014,suspicious,trade_based,medium,suspicious:trade_based,721571792,0.0,2026-07-15T16:53:29.681665+00:00,1c40e586da2150df,e3b0c44298fc1c149afbf4c8996fb92427ae41e4649b934ca495991b7852b855,,ERROR,,,0,0,0.0,False,"PermissionDeniedError: Error code: 403 - {'code': 'permission-denied', 'error': 'Your team 7eb787ca-eb24-4f49-8c75-466682770777 has either used all available credits or reached its monthly spending limit. To continue making API requests, please purchase more credits or raise your spending limit.'}",,
full,REAL,xai_grok,grok-4.5,xai,xai,v_terse,1,B-genuine_trade_finance-e-000,benign,,easy,benign:genuine_trade_finance,1207794696,0.0,2026-07-15T16:53:30.769454+00:00,17f1cf72fae2b15e,e3b0c44298fc1c149afbf4c8996fb92427ae41e4649b934ca495991b7852b855,,ERROR,,,0,0,0.0,False,"PermissionDeniedError: Error code: 403 - {'code': 'permission-denied', 'error': 'Your team 7eb787ca-eb24-4f49-8c75-466682770777 has either used all available credits or reached its monthly spending limit. To continue making API requests, please purchase more credits or raise your spending limit.'}",,
full,REAL,xai_grok,grok-4.5,xai,xai,v_terse,1,B-genuine_trade_finance-e-001,benign,,easy,benign:genuine_trade_finance,955348765,0.0,2026-07-15T16:53:31.683832+00:00,801d0234a707a90c,e3b0c44298fc1c149afbf4c8996fb92427ae41e4649b934ca495991b7852b855,,ERROR,,,0,0,0.0,False,"PermissionDeniedError: Error code: 403 - {'code': 'permission-denied', 'error': 'Your team 7eb787ca-eb24-4f49-8c75-466682770777 has either used all available credits or reached its monthly spending limit. To continue making API requests, please purchase more credits or raise your spending limit.'}",,
full,REAL,xai_grok,grok-4.5,xai,xai,v_terse,1,B-genuine_trade_finance-e-002,benign,,easy,benign:genuine_trade_finance,1599062170,0.0,2026-07-15T16:53:32.678842+00:00,8c3bff8632f7a248,e3b0c44298fc1c149afbf4c8996fb92427ae41e4649b934ca495991b7852b855,,ERROR,,,0,0,0.0,False,"PermissionDeniedError: Error code: 403 - {'code': 'permission-denied', 'error': 'Your team 7eb787ca-eb24-4f49-8c75-466682770777 has either used all available credits or reached its monthly spending limit. To continue making API requests, please purchase more credits or raise your spending limit.'}",,
full,REAL,xai_grok,grok-4.5,xai,xai,v_terse,1,B-genuine_trade_finance-e-003,benign,,easy,benign:genuine_trade_finance,151880779,0.0,2026-07-15T16:53:33.695661+00:00,5973d00dda1ebc47,e3b0c44298fc1c149afbf4c8996fb92427ae41e4649b934ca495991b7852b855,,ERROR,,,0,0,0.0,False,"PermissionDeniedError: Error code: 403 - {'code': 'permission-denied', 'error': 'Your team 7eb787ca-eb24-4f49-8c75-466682770777 has either used all available credits or reached its monthly spending limit. To continue making API requests, please purchase more credits or raise your spending limit.'}",,
full,REAL,xai_grok,grok-4.5,xai,xai,v_terse,1,B-genuine_trade_finance-e-004,benign,,easy,benign:genuine_trade_finance,126668107,0.0,2026-07-15T16:53:34.679161+00:00,594516da298852de,e3b0c44298fc1c149afbf4c8996fb92427ae41e4649b934ca495991b7852b855,,ERROR,,,0,0,0.0,False,"PermissionDeniedError: Error code: 403 - {'code': 'permission-denied', 'error': 'Your team 7eb787ca-eb24-4f49-8c75-466682770777 has either used all available credits or reached its monthly spending limit. To continue making API requests, please purchase more credits or raise your spending limit.'}",,
full,REAL,xai_grok,grok-4.5,xai,xai,v_terse,1,B-genuine_trade_finance-e-005,benign,,easy,benign:genuine_trade_finance,898841965,0.0,2026-07-15T16:53:35.694767+00:00,521b82f4c8cdd7bf,e3b0c44298fc1c149afbf4c8996fb92427ae41e4649b934ca495991b7852b855,,ERROR,,,0,0,0.0,False,"PermissionDeniedError: Error code: 403 - {'code': 'permission-denied', 'error': 'Your team 7eb787ca-eb24-4f49-8c75-466682770777 has either used all available credits or reached its monthly spending limit. To continue making API requests, please purchase more credits or raise your spending limit.'}",,
full,REAL,xai_grok,grok-4.5,xai,xai,v_terse,1,B-genuine_trade_finance-e-006,benign,,easy,benign:genuine_trade_finance,2010165312,0.0,2026-07-15T16:53:36.681188+00:00,b0d249da8fcbaa8d,e3b0c44298fc1c149afbf4c8996fb92427ae41e4649b934ca495991b7852b855,,ERROR,,,0,0,0.0,False,"PermissionDeniedError: Error code: 403 - {'code': 'permission-denied', 'error': 'Your team 7eb787ca-eb24-4f49-8c75-466682770777 has either used all available credits or reached its monthly spending limit. To continue making API requests, please purchase more credits or raise your spending limit.'}",,
full,REAL,xai_grok,grok-4.5,xai,xai,v_terse,1,B-genuine_trade_finance-e-007,benign,,easy,benign:genuine_trade_finance,1394009550,0.0,2026-07-15T16:53:37.681224+00:00,b3ef79d6ec4d3395,e3b0c44298fc1c149afbf4c8996fb92427ae41e4649b934ca495991b7852b855,,ERROR,,,0,0,0.0,False,"PermissionDeniedError: Error code: 403 - {'code': 'permission-denied', 'error': 'Your team 7eb787ca-eb24-4f49-8c75-466682770777 has either used all available credits or reached its monthly spending limit. To continue making API requests, please purchase more credits or raise your spending limit.'}",,
full,REAL,xai_grok,grok-4.5,xai,xai,v_terse,1,B-genuine_trade_finance-e-008,benign,,easy,benign:genuine_trade_finance,803245989,0.0,2026-07-15T16:53:38.689953+00:00,bcf4b1b8e43832b0,e3b0c44298fc1c149afbf4c8996fb92427ae41e4649b934ca495991b7852b855,,ERROR,,,0,0,0.0,False,"PermissionDeniedError: Error code: 403 - {'code': 'permission-denied', 'error': 'Your team 7eb787ca-eb24-4f49-8c75-466682770777 has either used all available credits or reached its monthly spending limit. To continue making API requests, please purchase more credits or raise your spending limit.'}",,
full,REAL,xai_grok,grok-4.5,xai,xai,v_terse,1,B-genuine_trade_finance-e-009,benign,,easy,benign:genuine_trade_finance,839545271,0.0,2026-07-15T16:53:39.688071+00:00,98f0c7fc0afa1d72,e3b0c44298fc1c149afbf4c8996fb92427ae41e4649b934ca495991b7852b855,,ERROR,,,0,0,0.0,False,"PermissionDeniedError: Error code: 403 - {'code': 'permission-denied', 'error': 'Your team 7eb787ca-eb24-4f49-8c75-466682770777 has either used all available credits or reached its monthly spending limit. To continue making API requests, please purchase more credits or raise your spending limit.'}",,
full,REAL,xai_grok,grok-4.5,xai,xai,v_terse,1,B-genuine_trade_finance-e-010,benign,,easy,benign:genuine_trade_finance,474303762,0.0,2026-07-15T16:53:40.681245+00:00,0944835f68bf2cf8,e3b0c44298fc1c149afbf4c8996fb92427ae41e4649b934ca495991b7852b855,,ERROR,,,0,0,0.0,False,"PermissionDeniedError: Error code: 403 - {'code': 'permission-denied', 'error': 'Your team 7eb787ca-eb24-4f49-8c75-466682770777 has either used all available credits or reached its monthly spending limit. To continue making API requests, please purchase more credits or raise your spending limit.'}",,
full,REAL,xai_grok,grok-4.5,xai,xai,v_terse,1,B-genuine_trade_finance-e-011,benign,,easy,benign:genuine_trade_finance,859705254,0.0,2026-07-15T16:53:41.808947+00:00,19104682e6a3843b,e3b0c44298fc1c149afbf4c8996fb92427ae41e4649b934ca495991b7852b855,,ERROR,,,0,0,0.0,False,"PermissionDeniedError: Error code: 403 - {'code': 'permission-denied', 'error': 'Your team 7eb787ca-eb24-4f49-8c75-466682770777 has either used all available credits or reached its monthly spending limit. To continue making API requests, please purchase more credits or raise your spending limit.'}",,
full,REAL,xai_grok,grok-4.5,xai,xai,v_terse,1,B-genuine_trade_finance-h-000,benign,,hard,benign:genuine_trade_finance,1529107956,0.0,2026-07-15T16:53:42.696492+00:00,fe3820ea5a8d2166,e3b0c44298fc1c149afbf4c8996fb92427ae41e4649b934ca495991b7852b855,,ERROR,,,0,0,0.0,False,"PermissionDeniedError: Error code: 403 - {'code': 'permission-denied', 'error': 'Your team 7eb787ca-eb24-4f49-8c75-466682770777 has either used all available credits or reached its monthly spending limit. To continue making API requests, please purchase more credits or raise your spending limit.'}",,
full,REAL,xai_grok,grok-4.5,xai,xai,v_terse,1,B-genuine_trade_finance-h-001,benign,,hard,benign:genuine_trade_finance,1137999431,0.0,2026-07-15T16:53:43.685286+00:00,83848f9c3390c583,e3b0c44298fc1c149afbf4c8996fb92427ae41e4649b934ca495991b7852b855,,ERROR,,,0,0,0.0,False,"PermissionDeniedError: Error code: 403 - {'code': 'permission-denied', 'error': 'Your team 7eb787ca-eb24-4f49-8c75-466682770777 has either used all available credits or reached its monthly spending limit. To continue making API requests, please purchase more credits or raise your spending limit.'}",,
full,REAL,xai_grok,grok-4.5,xai,xai,v_terse,1,B-genuine_trade_finance-h-002,benign,,hard,benign:genuine_trade_finance,247913736,0.0,2026-07-15T16:53:44.684818+00:00,e7e55c83c9d93b5c,e3b0c44298fc1c149afbf4c8996fb92427ae41e4649b934ca495991b7852b855,,ERROR,,,0,0,0.0,False,"PermissionDeniedError: Error code: 403 - {'code': 'permission-denied', 'error': 'Your team 7eb787ca-eb24-4f49-8c75-466682770777 has either used all available credits or reached its monthly spending limit. To continue making API requests, please purchase more credits or raise your spending limit.'}",,
full,REAL,xai_grok,grok-4.5,xai,xai,v_terse,1,B-genuine_trade_finance-h-003,benign,,hard,benign:genuine_trade_finance,1483882228,0.0,2026-07-15T16:53:45.688285+00:00,838ff08d01fe3a2b,e3b0c44298fc1c149afbf4c8996fb92427ae41e4649b934ca495991b7852b855,,ERROR,,,0,0,0.0,False,"PermissionDeniedError: Error code: 403 - {'code': 'permission-denied', 'error': 'Your team 7eb787ca-eb24-4f49-8c75-466682770777 has either used all available credits or reached its monthly spending limit. To continue making API requests, please purchase more credits or raise your spending limit.'}",,
full,REAL,xai_grok,grok-4.5,xai,xai,v_terse,1,B-genuine_trade_finance-h-004,benign,,hard,benign:genuine_trade_finance,494662923,0.0,2026-07-15T16:53:46.697415+00:00,a54926d6b9319820,e3b0c44298fc1c149afbf4c8996fb92427ae41e4649b934ca495991b7852b855,,ERROR,,,0,0,0.0,False,"PermissionDeniedError: Error code: 403 - {'code': 'permission-denied', 'error': 'Your team 7eb787ca-eb24-4f49-8c75-466682770777 has either used all available credits or reached its monthly spending limit. To continue making API requests, please purchase more credits or raise your spending limit.'}",,
full,REAL,xai_grok,grok-4.5,xai,xai,v_terse,1,B-genuine_trade_finance-h-005,benign,,hard,benign:genuine_trade_finance,878046616,0.0,2026-07-15T16:53:47.697590+00:00,418713c98fb989b6,e3b0c44298fc1c149afbf4c8996fb92427ae41e4649b934ca495991b7852b855,,ERROR,,,0,0,0.0,False,"PermissionDeniedError: Error code: 403 - {'code': 'permission-denied', 'error': 'Your team 7eb787ca-eb24-4f49-8c75-466682770777 has either used all available credits or reached its monthly spending limit. To continue making API requests, please purchase more credits or raise your spending limit.'}",,
full,REAL,xai_grok,grok-4.5,xai,xai,v_terse,1,B-genuine_trade_finance-h-006,benign,,hard,benign:genuine_trade_finance,1041342469,0.0,2026-07-15T16:53:48.689906+00:00,23c5925682903f6e,e3b0c44298fc1c149afbf4c8996fb92427ae41e4649b934ca495991b7852b855,,ERROR,,,0,0,0.0,False,"PermissionDeniedError: Error code: 403 - {'code': 'permission-denied', 'error': 'Your team 7eb787ca-eb24-4f49-8c75-466682770777 has either used all available credits or reached its monthly spending limit. To continue making API requests, please purchase more credits or raise your spending limit.'}",,
full,REAL,xai_grok,grok-4.5,xai,xai,v_terse,1,B-genuine_trade_finance-h-007,benign,,hard,benign:genuine_trade_finance,2115004693,0.0,2026-07-15T16:53:49.731130+00:00,8487e173b1b041a2,e3b0c44298fc1c149afbf4c8996fb92427ae41e4649b934ca495991b7852b855,,ERROR,,,0,0,0.0,False,"PermissionDeniedError: Error code: 403 - {'code': 'permission-denied', 'error': 'Your team 7eb787ca-eb24-4f49-8c75-466682770777 has either used all available credits or reached its monthly spending limit. To continue making API requests, please purchase more credits or raise your spending limit.'}",,
full,REAL,xai_grok,grok-4.5,xai,xai,v_terse,1,B-genuine_trade_finance-h-008,benign,,hard,benign:genuine_trade_finance,1168183918,0.0,2026-07-15T16:53:50.699425+00:00,bcec221e653d231e,e3b0c44298fc1c149afbf4c8996fb92427ae41e4649b934ca495991b7852b855,,ERROR,,,0,0,0.0,False,"PermissionDeniedError: Error code: 403 - {'code': 'permission-denied', 'error': 'Your team 7eb787ca-eb24-4f49-8c75-466682770777 has either used all available credits or reached its monthly spending limit. To continue making API requests, please purchase more credits or raise your spending limit.'}",,
full,REAL,xai_grok,grok-4.5,xai,xai,v_terse,1,B-genuine_trade_finance-h-009,benign,,hard,benign:genuine_trade_finance,1025713742,0.0,2026-07-15T16:53:51.693115+00:00,4e850f54bfc38b30,e3b0c44298fc1c149afbf4c8996fb92427ae41e4649b934ca495991b7852b855,,ERROR,,,0,0,0.0,False,"PermissionDeniedError: Error code: 403 - {'code': 'permission-denied', 'error': 'Your team 7eb787ca-eb24-4f49-8c75-466682770777 has either used all available credits or reached its monthly spending limit. To continue making API requests, please purchase more credits or raise your spending limit.'}",,
full,REAL,xai_grok,grok-4.5,xai,xai,v_terse,1,B-genuine_trade_finance-h-010,benign,,hard,benign:genuine_trade_finance,803232545,0.0,2026-07-15T16:53:52.691942+00:00,19c6641fc74fa453,e3b0c44298fc1c149afbf4c8996fb92427ae41e4649b934ca495991b7852b855,,ERROR,,,0,0,0.0,False,"PermissionDeniedError: Error code: 403 - {'code': 'permission-denied', 'error': 'Your team 7eb787ca-eb24-4f49-8c75-466682770777 has either used all available credits or reached its monthly spending limit. To continue making API requests, please purchase more credits or raise your spending limit.'}",,
full,REAL,xai_grok,grok-4.5,xai,xai,v_terse,1,B-genuine_trade_finance-m-000,benign,,medium,benign:genuine_trade_finance,243464157,0.0,2026-07-15T16:53:53.680648+00:00,42ff77692671648b,e3b0c44298fc1c149afbf4c8996fb92427ae41e4649b934ca495991b7852b855,,ERROR,,,0,0,0.0,False,"PermissionDeniedError: Error code: 403 - {'code': 'permission-denied', 'error': 'Your team 7eb787ca-eb24-4f49-8c75-466682770777 has either used all available credits or reached its monthly spending limit. To continue making API requests, please purchase more credits or raise your spending limit.'}",,
full,REAL,xai_grok,grok-4.5,xai,xai,v_terse,1,B-genuine_trade_finance-m-001,benign,,medium,benign:genuine_trade_finance,553218165,0.0,2026-07-15T16:53:54.683675+00:00,4b73b187d3dfd129,e3b0c44298fc1c149afbf4c8996fb92427ae41e4649b934ca495991b7852b855,,ERROR,,,0,0,0.0,False,"PermissionDeniedError: Error code: 403 - {'code': 'permission-denied', 'error': 'Your team 7eb787ca-eb24-4f49-8c75-466682770777 has either used all available credits or reached its monthly spending limit. To continue making API requests, please purchase more credits or raise your spending limit.'}",,
full,REAL,xai_grok,grok-4.5,xai,xai,v_terse,1,B-genuine_trade_finance-m-002,benign,,medium,benign:genuine_trade_finance,1581085388,0.0,2026-07-15T16:53:55.688730+00:00,b4f3cdd4397c2eda,e3b0c44298fc1c149afbf4c8996fb92427ae41e4649b934ca495991b7852b855,,ERROR,,,0,0,0.0,False,"PermissionDeniedError: Error code: 403 - {'code': 'permission-denied', 'error': 'Your team 7eb787ca-eb24-4f49-8c75-466682770777 has either used all available credits or reached its monthly spending limit. To continue making API requests, please purchase more credits or raise your spending limit.'}",,
full,REAL,xai_grok,grok-4.5,xai,xai,v_terse,1,B-genuine_trade_finance-m-003,benign,,medium,benign:genuine_trade_finance,277029685,0.0,2026-07-15T16:53:56.689847+00:00,c636d6de946d2a42,e3b0c44298fc1c149afbf4c8996fb92427ae41e4649b934ca495991b7852b855,,ERROR,,,0,0,0.0,False,"PermissionDeniedError: Error code: 403 - {'code': 'permission-denied', 'error': 'Your team 7eb787ca-eb24-4f49-8c75-466682770777 has either used all available credits or reached its monthly spending limit. To continue making API requests, please purchase more credits or raise your spending limit.'}",,
full,REAL,xai_grok,grok-4.5,xai,xai,v_terse,1,B-genuine_trade_finance-m-004,benign,,medium,benign:genuine_trade_finance,2040787728,0.0,2026-07-15T16:53:57.699546+00:00,093fe0e1abf4a860,e3b0c44298fc1c149afbf4c8996fb92427ae41e4649b934ca495991b7852b855,,ERROR,,,0,0,0.0,False,"PermissionDeniedError: Error code: 403 - {'code': 'permission-denied', 'error': 'Your team 7eb787ca-eb24-4f49-8c75-466682770777 has either used all available credits or reached its monthly spending limit. To continue making API requests, please purchase more credits or raise your spending limit.'}",,
full,REAL,xai_grok,grok-4.5,xai,xai,v_terse,1,B-genuine_trade_finance-m-005,benign,,medium,benign:genuine_trade_finance,1481970687,0.0,2026-07-15T16:53:58.690731+00:00,4f618538e7613352,e3b0c44298fc1c149afbf4c8996fb92427ae41e4649b934ca495991b7852b855,,ERROR,,,0,0,0.0,False,"PermissionDeniedError: Error code: 403 - {'code': 'permission-denied', 'error': 'Your team 7eb787ca-eb24-4f49-8c75-466682770777 has either used all available credits or reached its monthly spending limit. To continue making API requests, please purchase more credits or raise your spending limit.'}",,
full,REAL,xai_grok,grok-4.5,xai,xai,v_terse,1,B-genuine_trade_finance-m-006,benign,,medium,benign:genuine_trade_finance,633858906,0.0,2026-07-15T16:53:59.748914+00:00,7b82bee30002205d,e3b0c44298fc1c149afbf4c8996fb92427ae41e4649b934ca495991b7852b855,,ERROR,,,0,0,0.0,False,"PermissionDeniedError: Error code: 403 - {'code': 'permission-denied', 'error': 'Your team 7eb787ca-eb24-4f49-8c75-466682770777 has either used all available credits or reached its monthly spending limit. To continue making API requests, please purchase more credits or raise your spending limit.'}",,
full,REAL,xai_grok,grok-4.5,xai,xai,v_terse,1,B-genuine_trade_finance-m-007,benign,,medium,benign:genuine_trade_finance,414998885,0.0,2026-07-15T16:54:00.690133+00:00,74f77bf4dc8a2ddb,e3b0c44298fc1c149afbf4c8996fb92427ae41e4649b934ca495991b7852b855,,ERROR,,,0,0,0.0,False,"PermissionDeniedError: Error code: 403 - {'code': 'permission-denied', 'error': 'Your team 7eb787ca-eb24-4f49-8c75-466682770777 has either used all available credits or reached its monthly spending limit. To continue making API requests, please purchase more credits or raise your spending limit.'}",,
full,REAL,xai_grok,grok-4.5,xai,xai,v_terse,1,B-genuine_trade_finance-m-008,benign,,medium,benign:genuine_trade_finance,1081989372,0.0,2026-07-15T16:54:01.700220+00:00,bb3a8de233cfdca8,e3b0c44298fc1c149afbf4c8996fb92427ae41e4649b934ca495991b7852b855,,ERROR,,,0,0,0.0,False,"PermissionDeniedError: Error code: 403 - {'code': 'permission-denied', 'error': 'Your team 7eb787ca-eb24-4f49-8c75-466682770777 has either used all available credits or reached its monthly spending limit. To continue making API requests, please purchase more credits or raise your spending limit.'}",,
full,REAL,xai_grok,grok-4.5,xai,xai,v_terse,1,B-genuine_trade_finance-m-009,benign,,medium,benign:genuine_trade_finance,947208799,0.0,2026-07-15T16:54:02.687457+00:00,5c94a375eb4e3857,e3b0c44298fc1c149afbf4c8996fb92427ae41e4649b934ca495991b7852b855,,ERROR,,,0,0,0.0,False,"PermissionDeniedError: Error code: 403 - {'code': 'permission-denied', 'error': 'Your team 7eb787ca-eb24-4f49-8c75-466682770777 has either used all available credits or reached its monthly spending limit. To continue making API requests, please purchase more credits or raise your spending limit.'}",,
full,REAL,xai_grok,grok-4.5,xai,xai,v_terse,1,B-genuine_trade_finance-m-010,benign,,medium,benign:genuine_trade_finance,1142233303,0.0,2026-07-15T16:54:03.690005+00:00,53eb62863cb0c42d,e3b0c44298fc1c149afbf4c8996fb92427ae41e4649b934ca495991b7852b855,,ERROR,,,0,0,0.0,False,"PermissionDeniedError: Error code: 403 - {'code': 'permission-denied', 'error': 'Your team 7eb787ca-eb24-4f49-8c75-466682770777 has either used all available credits or reached its monthly spending limit. To continue making API requests, please purchase more credits or raise your spending limit.'}",,
full,REAL,xai_grok,grok-4.5,xai,xai,v_terse,1,B-genuine_trade_finance-m-011,benign,,medium,benign:genuine_trade_finance,616628984,0.0,2026-07-15T16:54:04.695533+00:00,a2b7118b09e9e058,e3b0c44298fc1c149afbf4c8996fb92427ae41e4649b934ca495991b7852b855,,ERROR,,,0,0,0.0,False,"PermissionDeniedError: Error code: 403 - {'code': 'permission-denied', 'error': 'Your team 7eb787ca-eb24-4f49-8c75-466682770777 has either used all available credits or reached its monthly spending limit. To continue making API requests, please purchase more credits or raise your spending limit.'}",,
full,REAL,xai_grok,grok-4.5,xai,xai,v_terse,1,B-genuine_trade_finance-m-012,benign,,medium,benign:genuine_trade_finance,1996234885,0.0,2026-07-15T16:54:05.748527+00:00,ff991afa2b4d8f10,e3b0c44298fc1c149afbf4c8996fb92427ae41e4649b934ca495991b7852b855,,ERROR,,,0,0,0.0,False,"PermissionDeniedError: Error code: 403 - {'code': 'permission-denied', 'error': 'Your team 7eb787ca-eb24-4f49-8c75-466682770777 has either used all available credits or reached its monthly spending limit. To continue making API requests, please purchase more credits or raise your spending limit.'}",,
full,REAL,xai_grok,grok-4.5,xai,xai,v_terse,1,B-genuine_trade_finance-m-013,benign,,medium,benign:genuine_trade_finance,1507388154,0.0,2026-07-15T16:54:06.688494+00:00,1ee3b42733901302,e3b0c44298fc1c149afbf4c8996fb92427ae41e4649b934ca495991b7852b855,,ERROR,,,0,0,0.0,False,"PermissionDeniedError: Error code: 403 - {'code': 'permission-denied', 'error': 'Your team 7eb787ca-eb24-4f49-8c75-466682770777 has either used all available credits or reached its monthly spending limit. To continue making API requests, please purchase more credits or raise your spending limit.'}",,
full,REAL,xai_grok,grok-4.5,xai,xai,v_terse,1,B-genuine_trade_finance-m-014,benign,,medium,benign:genuine_trade_finance,1123468323,0.0,2026-07-15T16:54:07.694513+00:00,c6dab8e3d40de1fb,e3b0c44298fc1c149afbf4c8996fb92427ae41e4649b934ca495991b7852b855,,ERROR,,,0,0,0.0,False,"PermissionDeniedError: Error code: 403 - {'code': 'permission-denied', 'error': 'Your team 7eb787ca-eb24-4f49-8c75-466682770777 has either used all available credits or reached its monthly spending limit. To continue making API requests, please purchase more credits or raise your spending limit.'}",,
full,REAL,xai_grok,grok-4.5,xai,xai,v_terse,1,B-loan_disbursement-e-000,benign,,easy,benign:loan_disbursement,441045420,0.0,2026-07-15T16:54:08.693102+00:00,26de4417a520d4e6,e3b0c44298fc1c149afbf4c8996fb92427ae41e4649b934ca495991b7852b855,,ERROR,,,0,0,0.0,False,"PermissionDeniedError: Error code: 403 - {'code': 'permission-denied', 'error': 'Your team 7eb787ca-eb24-4f49-8c75-466682770777 has either used all available credits or reached its monthly spending limit. To continue making API requests, please purchase more credits or raise your spending limit.'}",,
full,REAL,xai_grok,grok-4.5,xai,xai,v_terse,1,B-loan_disbursement-e-001,benign,,easy,benign:loan_disbursement,1292892467,0.0,2026-07-15T16:54:09.678556+00:00,e5c314de955b00cc,e3b0c44298fc1c149afbf4c8996fb92427ae41e4649b934ca495991b7852b855,,ERROR,,,0,0,0.0,False,"PermissionDeniedError: Error code: 403 - {'code': 'permission-denied', 'error': 'Your team 7eb787ca-eb24-4f49-8c75-466682770777 has either used all available credits or reached its monthly spending limit. To continue making API requests, please purchase more credits or raise your spending limit.'}",,
full,REAL,xai_grok,grok-4.5,xai,xai,v_terse,1,B-loan_disbursement-e-002,benign,,easy,benign:loan_disbursement,208345944,0.0,2026-07-15T16:54:10.689681+00:00,ae3153ec180f3463,e3b0c44298fc1c149afbf4c8996fb92427ae41e4649b934ca495991b7852b855,,ERROR,,,0,0,0.0,False,"PermissionDeniedError: Error code: 403 - {'code': 'permission-denied', 'error': 'Your team 7eb787ca-eb24-4f49-8c75-466682770777 has either used all available credits or reached its monthly spending limit. To continue making API requests, please purchase more credits or raise your spending limit.'}",,
full,REAL,xai_grok,grok-4.5,xai,xai,v_terse,1,B-loan_disbursement-e-003,benign,,easy,benign:loan_disbursement,1242941301,0.0,2026-07-15T16:54:11.741767+00:00,695aea4e23c08855,e3b0c44298fc1c149afbf4c8996fb92427ae41e4649b934ca495991b7852b855,,ERROR,,,0,0,0.0,False,"PermissionDeniedError: Error code: 403 - {'code': 'permission-denied', 'error': 'Your team 7eb787ca-eb24-4f49-8c75-466682770777 has either used all available credits or reached its monthly spending limit. To continue making API requests, please purchase more credits or raise your spending limit.'}",,
full,REAL,xai_grok,grok-4.5,xai,xai,v_terse,1,B-loan_disbursement-e-004,benign,,easy,benign:loan_disbursement,500822864,0.0,2026-07-15T16:54:12.690463+00:00,ec7a7fffd74a97d5,e3b0c44298fc1c149afbf4c8996fb92427ae41e4649b934ca495991b7852b855,,ERROR,,,0,0,0.0,False,"PermissionDeniedError: Error code: 403 - {'code': 'permission-denied', 'error': 'Your team 7eb787ca-eb24-4f49-8c75-466682770777 has either used all available credits or reached its monthly spending limit. To continue making API requests, please purchase more credits or raise your spending limit.'}",,
full,REAL,xai_grok,grok-4.5,xai,xai,v_terse,1,B-loan_disbursement-e-005,benign,,easy,benign:loan_disbursement,957081231,0.0,2026-07-15T16:54:13.685060+00:00,5e7d2229c98bd65f,e3b0c44298fc1c149afbf4c8996fb92427ae41e4649b934ca495991b7852b855,,ERROR,,,0,0,0.0,False,"PermissionDeniedError: Error code: 403 - {'code': 'permission-denied', 'error': 'Your team 7eb787ca-eb24-4f49-8c75-466682770777 has either used all available credits or reached its monthly spending limit. To continue making API requests, please purchase more credits or raise your spending limit.'}",,
full,REAL,xai_grok,grok-4.5,xai,xai,v_terse,1,B-loan_disbursement-e-006,benign,,easy,benign:loan_disbursement,102677300,0.0,2026-07-15T16:54:14.699732+00:00,e70b4de0ccf118b9,e3b0c44298fc1c149afbf4c8996fb92427ae41e4649b934ca495991b7852b855,,ERROR,,,0,0,0.0,False,"PermissionDeniedError: Error code: 403 - {'code': 'permission-denied', 'error': 'Your team 7eb787ca-eb24-4f49-8c75-466682770777 has either used all available credits or reached its monthly spending limit. To continue making API requests, please purchase more credits or raise your spending limit.'}",,
full,REAL,xai_grok,grok-4.5,xai,xai,v_terse,1,B-loan_disbursement-e-007,benign,,easy,benign:loan_disbursement,1955805589,0.0,2026-07-15T16:54:15.695063+00:00,738bc84241234d40,e3b0c44298fc1c149afbf4c8996fb92427ae41e4649b934ca495991b7852b855,,ERROR,,,0,0,0.0,False,"PermissionDeniedError: Error code: 403 - {'code': 'permission-denied', 'error': 'Your team 7eb787ca-eb24-4f49-8c75-466682770777 has either used all available credits or reached its monthly spending limit. To continue making API requests, please purchase more credits or raise your spending limit.'}",,
full,REAL,xai_grok,grok-4.5,xai,xai,v_terse,1,B-loan_disbursement-e-008,benign,,easy,benign:loan_disbursement,1546222019,0.0,2026-07-15T16:54:16.700052+00:00,73971d1e6e4cdf0f,e3b0c44298fc1c149afbf4c8996fb92427ae41e4649b934ca495991b7852b855,,ERROR,,,0,0,0.0,False,"PermissionDeniedError: Error code: 403 - {'code': 'permission-denied', 'error': 'Your team 7eb787ca-eb24-4f49-8c75-466682770777 has either used all available credits or reached its monthly spending limit. To continue making API requests, please purchase more credits or raise your spending limit.'}",,
full,REAL,xai_grok,grok-4.5,xai,xai,v_terse,1,B-loan_disbursement-e-009,benign,,easy,benign:loan_disbursement,189224676,0.0,2026-07-15T16:54:17.729156+00:00,3a75bafa50b01205,e3b0c44298fc1c149afbf4c8996fb92427ae41e4649b934ca495991b7852b855,,ERROR,,,0,0,0.0,False,"PermissionDeniedError: Error code: 403 - {'code': 'permission-denied', 'error': 'Your team 7eb787ca-eb24-4f49-8c75-466682770777 has either used all available credits or reached its monthly spending limit. To continue making API requests, please purchase more credits or raise your spending limit.'}",,
full,REAL,xai_grok,grok-4.5,xai,xai,v_terse,1,B-loan_disbursement-e-010,benign,,easy,benign:loan_disbursement,446210382,0.0,2026-07-15T16:54:18.686095+00:00,18a46d5ea721473c,e3b0c44298fc1c149afbf4c8996fb92427ae41e4649b934ca495991b7852b855,,ERROR,,,0,0,0.0,False,"PermissionDeniedError: Error code: 403 - {'code': 'permission-denied', 'error': 'Your team 7eb787ca-eb24-4f49-8c75-466682770777 has either used all available credits or reached its monthly spending limit. To continue making API requests, please purchase more credits or raise your spending limit.'}",,
full,REAL,xai_grok,grok-4.5,xai,xai,v_terse,1,B-loan_disbursement-e-011,benign,,easy,benign:loan_disbursement,900722972,0.0,2026-07-15T16:54:19.688520+00:00,bc927d6b27106b68,e3b0c44298fc1c149afbf4c8996fb92427ae41e4649b934ca495991b7852b855,,ERROR,,,0,0,0.0,False,"PermissionDeniedError: Error code: 403 - {'code': 'permission-denied', 'error': 'Your team 7eb787ca-eb24-4f49-8c75-466682770777 has either used all available credits or reached its monthly spending limit. To continue making API requests, please purchase more credits or raise your spending limit.'}",,
full,REAL,xai_grok,grok-4.5,xai,xai,v_terse,1,B-loan_disbursement-h-000,benign,,hard,benign:loan_disbursement,669307066,0.0,2026-07-15T16:54:20.715089+00:00,1e2e6dd26514fcdf,e3b0c44298fc1c149afbf4c8996fb92427ae41e4649b934ca495991b7852b855,,ERROR,,,0,0,0.0,False,"PermissionDeniedError: Error code: 403 - {'code': 'permission-denied', 'error': 'Your team 7eb787ca-eb24-4f49-8c75-466682770777 has either used all available credits or reached its monthly spending limit. To continue making API requests, please purchase more credits or raise your spending limit.'}",,
full,REAL,xai_grok,grok-4.5,xai,xai,v_terse,1,B-loan_disbursement-h-001,benign,,hard,benign:loan_disbursement,1936123160,0.0,2026-07-15T16:54:21.695146+00:00,d42840c1c576bd89,e3b0c44298fc1c149afbf4c8996fb92427ae41e4649b934ca495991b7852b855,,ERROR,,,0,0,0.0,False,"PermissionDeniedError: Error code: 403 - {'code': 'permission-denied', 'error': 'Your team 7eb787ca-eb24-4f49-8c75-466682770777 has either used all available credits or reached its monthly spending limit. To continue making API requests, please purchase more credits or raise your spending limit.'}",,
full,REAL,xai_grok,grok-4.5,xai,xai,v_terse,1,B-loan_disbursement-h-002,benign,,hard,benign:loan_disbursement,196158153,0.0,2026-07-15T16:54:22.691886+00:00,b8c1a4ba827ace65,e3b0c44298fc1c149afbf4c8996fb92427ae41e4649b934ca495991b7852b855,,ERROR,,,0,0,0.0,False,"PermissionDeniedError: Error code: 403 - {'code': 'permission-denied', 'error': 'Your team 7eb787ca-eb24-4f49-8c75-466682770777 has either used all available credits or reached its monthly spending limit. To continue making API requests, please purchase more credits or raise your spending limit.'}",,
full,REAL,xai_grok,grok-4.5,xai,xai,v_terse,1,B-loan_disbursement-h-003,benign,,hard,benign:loan_disbursement,28461547,0.0,2026-07-15T16:54:23.683604+00:00,c8c63eee579119e7,e3b0c44298fc1c149afbf4c8996fb92427ae41e4649b934ca495991b7852b855,,ERROR,,,0,0,0.0,False,"PermissionDeniedError: Error code: 403 - {'code': 'permission-denied', 'error': 'Your team 7eb787ca-eb24-4f49-8c75-466682770777 has either used all available credits or reached its monthly spending limit. To continue making API requests, please purchase more credits or raise your spending limit.'}",,
full,REAL,xai_grok,grok-4.5,xai,xai,v_terse,1,B-loan_disbursement-h-004,benign,,hard,benign:loan_disbursement,1008683671,0.0,2026-07-15T16:54:24.682419+00:00,9ac3676e6083c607,e3b0c44298fc1c149afbf4c8996fb92427ae41e4649b934ca495991b7852b855,,ERROR,,,0,0,0.0,False,"PermissionDeniedError: Error code: 403 - {'code': 'permission-denied', 'error': 'Your team 7eb787ca-eb24-4f49-8c75-466682770777 has either used all available credits or reached its monthly spending limit. To continue making API requests, please purchase more credits or raise your spending limit.'}",,
full,REAL,xai_grok,grok-4.5,xai,xai,v_terse,1,B-loan_disbursement-h-005,benign,,hard,benign:loan_disbursement,299704656,0.0,2026-07-15T16:54:25.687413+00:00,5489850c6521b842,e3b0c44298fc1c149afbf4c8996fb92427ae41e4649b934ca495991b7852b855,,ERROR,,,0,0,0.0,False,"PermissionDeniedError: Error code: 403 - {'code': 'permission-denied', 'error': 'Your team 7eb787ca-eb24-4f49-8c75-466682770777 has either used all available credits or reached its monthly spending limit. To continue making API requests, please purchase more credits or raise your spending limit.'}",,
full,REAL,xai_grok,grok-4.5,xai,xai,v_terse,1,B-loan_disbursement-h-006,benign,,hard,benign:loan_disbursement,1554906375,0.0,2026-07-15T16:54:26.686082+00:00,93c33beaac34995e,e3b0c44298fc1c149afbf4c8996fb92427ae41e4649b934ca495991b7852b855,,ERROR,,,0,0,0.0,False,"PermissionDeniedError: Error code: 403 - {'code': 'permission-denied', 'error': 'Your team 7eb787ca-eb24-4f49-8c75-466682770777 has either used all available credits or reached its monthly spending limit. To continue making API requests, please purchase more credits or raise your spending limit.'}",,
full,REAL,xai_grok,grok-4.5,xai,xai,v_terse,1,B-loan_disbursement-h-007,benign,,hard,benign:loan_disbursement,1816713429,0.0,2026-07-15T16:54:27.690157+00:00,58926bd4b6f8259b,e3b0c44298fc1c149afbf4c8996fb92427ae41e4649b934ca495991b7852b855,,ERROR,,,0,0,0.0,False,"PermissionDeniedError: Error code: 403 - {'code': 'permission-denied', 'error': 'Your team 7eb787ca-eb24-4f49-8c75-466682770777 has either used all available credits or reached its monthly spending limit. To continue making API requests, please purchase more credits or raise your spending limit.'}",,
full,REAL,xai_grok,grok-4.5,xai,xai,v_terse,1,B-loan_disbursement-h-008,benign,,hard,benign:loan_disbursement,599098508,0.0,2026-07-15T16:54:28.685465+00:00,59dd2cb97024def5,e3b0c44298fc1c149afbf4c8996fb92427ae41e4649b934ca495991b7852b855,,ERROR,,,0,0,0.0,False,"PermissionDeniedError: Error code: 403 - {'code': 'permission-denied', 'error': 'Your team 7eb787ca-eb24-4f49-8c75-466682770777 has either used all available credits or reached its monthly spending limit. To continue making API requests, please purchase more credits or raise your spending limit.'}",,
full,REAL,xai_grok,grok-4.5,xai,xai,v_terse,1,B-loan_disbursement-h-009,benign,,hard,benign:loan_disbursement,524149290,0.0,2026-07-15T16:54:29.682684+00:00,674224ce9933cff7,e3b0c44298fc1c149afbf4c8996fb92427ae41e4649b934ca495991b7852b855,,ERROR,,,0,0,0.0,False,"PermissionDeniedError: Error code: 403 - {'code': 'permission-denied', 'error': 'Your team 7eb787ca-eb24-4f49-8c75-466682770777 has either used all available credits or reached its monthly spending limit. To continue making API requests, please purchase more credits or raise your spending limit.'}",,
full,REAL,xai_grok,grok-4.5,xai,xai,v_terse,1,B-loan_disbursement-h-010,benign,,hard,benign:loan_disbursement,661599281,0.0,2026-07-15T16:54:30.745821+00:00,b05d21665b9faa7a,e3b0c44298fc1c149afbf4c8996fb92427ae41e4649b934ca495991b7852b855,,ERROR,,,0,0,0.0,False,"PermissionDeniedError: Error code: 403 - {'code': 'permission-denied', 'error': 'Your team 7eb787ca-eb24-4f49-8c75-466682770777 has either used all available credits or reached its monthly spending limit. To continue making API requests, please purchase more credits or raise your spending limit.'}",,
full,REAL,xai_grok,grok-4.5,xai,xai,v_terse,1,B-loan_disbursement-m-000,benign,,medium,benign:loan_disbursement,93019779,0.0,2026-07-15T16:54:31.689662+00:00,3fa5065cecd0dc20,e3b0c44298fc1c149afbf4c8996fb92427ae41e4649b934ca495991b7852b855,,ERROR,,,0,0,0.0,False,"PermissionDeniedError: Error code: 403 - {'code': 'permission-denied', 'error': 'Your team 7eb787ca-eb24-4f49-8c75-466682770777 has either used all available credits or reached its monthly spending limit. To continue making API requests, please purchase more credits or raise your spending limit.'}",,
full,REAL,xai_grok,grok-4.5,xai,xai,v_terse,1,B-loan_disbursement-m-001,benign,,medium,benign:loan_disbursement,364081242,0.0,2026-07-15T16:54:32.689526+00:00,6ca35b565801ee3c,e3b0c44298fc1c149afbf4c8996fb92427ae41e4649b934ca495991b7852b855,,ERROR,,,0,0,0.0,False,"PermissionDeniedError: Error code: 403 - {'code': 'permission-denied', 'error': 'Your team 7eb787ca-eb24-4f49-8c75-466682770777 has either used all available credits or reached its monthly spending limit. To continue making API requests, please purchase more credits or raise your spending limit.'}",,
full,REAL,xai_grok,grok-4.5,xai,xai,v_terse,1,B-loan_disbursement-m-002,benign,,medium,benign:loan_disbursement,10283401,0.0,2026-07-15T16:54:33.689328+00:00,833f8b862ee6ff9a,e3b0c44298fc1c149afbf4c8996fb92427ae41e4649b934ca495991b7852b855,,ERROR,,,0,0,0.0,False,"PermissionDeniedError: Error code: 403 - {'code': 'permission-denied', 'error': 'Your team 7eb787ca-eb24-4f49-8c75-466682770777 has either used all available credits or reached its monthly spending limit. To continue making API requests, please purchase more credits or raise your spending limit.'}",,
full,REAL,xai_grok,grok-4.5,xai,xai,v_terse,1,B-loan_disbursement-m-003,benign,,medium,benign:loan_disbursement,1480707682,0.0,2026-07-15T16:54:34.697360+00:00,08ce69d53efa02a7,e3b0c44298fc1c149afbf4c8996fb92427ae41e4649b934ca495991b7852b855,,ERROR,,,0,0,0.0,False,"PermissionDeniedError: Error code: 403 - {'code': 'permission-denied', 'error': 'Your team 7eb787ca-eb24-4f49-8c75-466682770777 has either used all available credits or reached its monthly spending limit. To continue making API requests, please purchase more credits or raise your spending limit.'}",,
full,REAL,xai_grok,grok-4.5,xai,xai,v_terse,1,B-loan_disbursement-m-004,benign,,medium,benign:loan_disbursement,1829714302,0.0,2026-07-15T16:54:35.686119+00:00,0b50634792c8dbcb,e3b0c44298fc1c149afbf4c8996fb92427ae41e4649b934ca495991b7852b855,,ERROR,,,0,0,0.0,False,"PermissionDeniedError: Error code: 403 - {'code': 'permission-denied', 'error': 'Your team 7eb787ca-eb24-4f49-8c75-466682770777 has either used all available credits or reached its monthly spending limit. To continue making API requests, please purchase more credits or raise your spending limit.'}",,
full,REAL,xai_grok,grok-4.5,xai,xai,v_terse,1,B-loan_disbursement-m-005,benign,,medium,benign:loan_disbursement,797774936,0.0,2026-07-15T16:54:36.746190+00:00,d9ef92df8deb57da,e3b0c44298fc1c149afbf4c8996fb92427ae41e4649b934ca495991b7852b855,,ERROR,,,0,0,0.0,False,"PermissionDeniedError: Error code: 403 - {'code': 'permission-denied', 'error': 'Your team 7eb787ca-eb24-4f49-8c75-466682770777 has either used all available credits or reached its monthly spending limit. To continue making API requests, please purchase more credits or raise your spending limit.'}",,
full,REAL,xai_grok,grok-4.5,xai,xai,v_terse,1,B-loan_disbursement-m-006,benign,,medium,benign:loan_disbursement,54846223,0.0,2026-07-15T16:54:37.689367+00:00,eadfde46d7b39229,e3b0c44298fc1c149afbf4c8996fb92427ae41e4649b934ca495991b7852b855,,ERROR,,,0,0,0.0,False,"PermissionDeniedError: Error code: 403 - {'code': 'permission-denied', 'error': 'Your team 7eb787ca-eb24-4f49-8c75-466682770777 has either used all available credits or reached its monthly spending limit. To continue making API requests, please purchase more credits or raise your spending limit.'}",,
full,REAL,xai_grok,grok-4.5,xai,xai,v_terse,1,B-loan_disbursement-m-007,benign,,medium,benign:loan_disbursement,1143370781,0.0,2026-07-15T16:54:38.692195+00:00,bde8cc53d222082e,e3b0c44298fc1c149afbf4c8996fb92427ae41e4649b934ca495991b7852b855,,ERROR,,,0,0,0.0,False,"PermissionDeniedError: Error code: 403 - {'code': 'permission-denied', 'error': 'Your team 7eb787ca-eb24-4f49-8c75-466682770777 has either used all available credits or reached its monthly spending limit. To continue making API requests, please purchase more credits or raise your spending limit.'}",,
full,REAL,xai_grok,grok-4.5,xai,xai,v_terse,1,B-loan_disbursement-m-008,benign,,medium,benign:loan_disbursement,340708266,0.0,2026-07-15T16:54:39.686642+00:00,9c03070fd162b3ce,e3b0c44298fc1c149afbf4c8996fb92427ae41e4649b934ca495991b7852b855,,ERROR,,,0,0,0.0,False,"PermissionDeniedError: Error code: 403 - {'code': 'permission-denied', 'error': 'Your team 7eb787ca-eb24-4f49-8c75-466682770777 has either used all available credits or reached its monthly spending limit. To continue making API requests, please purchase more credits or raise your spending limit.'}",,
full,REAL,xai_grok,grok-4.5,xai,xai,v_terse,1,B-loan_disbursement-m-009,benign,,medium,benign:loan_disbursement,1766389582,0.0,2026-07-15T16:54:40.691953+00:00,b7266c0c407b03b3,e3b0c44298fc1c149afbf4c8996fb92427ae41e4649b934ca495991b7852b855,,ERROR,,,0,0,0.0,False,"PermissionDeniedError: Error code: 403 - {'code': 'permission-denied', 'error': 'Your team 7eb787ca-eb24-4f49-8c75-466682770777 has either used all available credits or reached its monthly spending limit. To continue making API requests, please purchase more credits or raise your spending limit.'}",,
full,REAL,xai_grok,grok-4.5,xai,xai,v_terse,1,B-loan_disbursement-m-010,benign,,medium,benign:loan_disbursement,36132376,0.0,2026-07-15T16:54:41.687686+00:00,1def76ea442782c9,e3b0c44298fc1c149afbf4c8996fb92427ae41e4649b934ca495991b7852b855,,ERROR,,,0,0,0.0,False,"PermissionDeniedError: Error code: 403 - {'code': 'permission-denied', 'error': 'Your team 7eb787ca-eb24-4f49-8c75-466682770777 has either used all available credits or reached its monthly spending limit. To continue making API requests, please purchase more credits or raise your spending limit.'}",,
full,REAL,xai_grok,grok-4.5,xai,xai,v_terse,1,B-loan_disbursement-m-011,benign,,medium,benign:loan_disbursement,667105383,0.0,2026-07-15T16:54:42.677312+00:00,586b54cbd3558430,e3b0c44298fc1c149afbf4c8996fb92427ae41e4649b934ca495991b7852b855,,ERROR,,,0,0,0.0,False,"PermissionDeniedError: Error code: 403 - {'code': 'permission-denied', 'error': 'Your team 7eb787ca-eb24-4f49-8c75-466682770777 has either used all available credits or reached its monthly spending limit. To continue making API requests, please purchase more credits or raise your spending limit.'}",,
full,REAL,xai_grok,grok-4.5,xai,xai,v_terse,1,B-loan_disbursement-m-012,benign,,medium,benign:loan_disbursement,2059274968,0.0,2026-07-15T16:54:43.700591+00:00,6fc3cf4dc501e8e2,e3b0c44298fc1c149afbf4c8996fb92427ae41e4649b934ca495991b7852b855,,ERROR,,,0,0,0.0,False,"PermissionDeniedError: Error code: 403 - {'code': 'permission-denied', 'error': 'Your team 7eb787ca-eb24-4f49-8c75-466682770777 has either used all available credits or reached its monthly spending limit. To continue making API requests, please purchase more credits or raise your spending limit.'}",,
full,REAL,xai_grok,grok-4.5,xai,xai,v_terse,1,B-loan_disbursement-m-013,benign,,medium,benign:loan_disbursement,644671696,0.0,2026-07-15T16:54:44.694038+00:00,843a3445e9e1e22b,e3b0c44298fc1c149afbf4c8996fb92427ae41e4649b934ca495991b7852b855,,ERROR,,,0,0,0.0,False,"PermissionDeniedError: Error code: 403 - {'code': 'permission-denied', 'error': 'Your team 7eb787ca-eb24-4f49-8c75-466682770777 has either used all available credits or reached its monthly spending limit. To continue making API requests, please purchase more credits or raise your spending limit.'}",,
full,REAL,xai_grok,grok-4.5,xai,xai,v_terse,1,B-marketplace_payouts-e-000,benign,,easy,benign:marketplace_payouts,213200971,0.0,2026-07-15T16:54:45.691481+00:00,28d22655d830e372,e3b0c44298fc1c149afbf4c8996fb92427ae41e4649b934ca495991b7852b855,,ERROR,,,0,0,0.0,False,"PermissionDeniedError: Error code: 403 - {'code': 'permission-denied', 'error': 'Your team 7eb787ca-eb24-4f49-8c75-466682770777 has either used all available credits or reached its monthly spending limit. To continue making API requests, please purchase more credits or raise your spending limit.'}",,
full,REAL,xai_grok,grok-4.5,xai,xai,v_terse,1,B-marketplace_payouts-e-001,benign,,easy,benign:marketplace_payouts,1027920735,0.0,2026-07-15T16:54:46.679060+00:00,b726bc5830c273ff,e3b0c44298fc1c149afbf4c8996fb92427ae41e4649b934ca495991b7852b855,,ERROR,,,0,0,0.0,False,"PermissionDeniedError: Error code: 403 - {'code': 'permission-denied', 'error': 'Your team 7eb787ca-eb24-4f49-8c75-466682770777 has either used all available credits or reached its monthly spending limit. To continue making API requests, please purchase more credits or raise your spending limit.'}",,
full,REAL,xai_grok,grok-4.5,xai,xai,v_terse,1,B-marketplace_payouts-e-002,benign,,easy,benign:marketplace_payouts,1451425463,0.0,2026-07-15T16:54:47.678555+00:00,ab3b0e81fda6f39e,e3b0c44298fc1c149afbf4c8996fb92427ae41e4649b934ca495991b7852b855,,ERROR,,,0,0,0.0,False,"PermissionDeniedError: Error code: 403 - {'code': 'permission-denied', 'error': 'Your team 7eb787ca-eb24-4f49-8c75-466682770777 has either used all available credits or reached its monthly spending limit. To continue making API requests, please purchase more credits or raise your spending limit.'}",,
full,REAL,xai_grok,grok-4.5,xai,xai,v_terse,1,B-marketplace_payouts-e-003,benign,,easy,benign:marketplace_payouts,2040680691,0.0,2026-07-15T16:54:48.704079+00:00,9296dd35f607e76b,e3b0c44298fc1c149afbf4c8996fb92427ae41e4649b934ca495991b7852b855,,ERROR,,,0,0,0.0,False,"PermissionDeniedError: Error code: 403 - {'code': 'permission-denied', 'error': 'Your team 7eb787ca-eb24-4f49-8c75-466682770777 has either used all available credits or reached its monthly spending limit. To continue making API requests, please purchase more credits or raise your spending limit.'}",,
full,REAL,xai_grok,grok-4.5,xai,xai,v_terse,1,B-marketplace_payouts-e-004,benign,,easy,benign:marketplace_payouts,280628916,0.0,2026-07-15T16:54:49.685439+00:00,dbbf5acd80108daf,e3b0c44298fc1c149afbf4c8996fb92427ae41e4649b934ca495991b7852b855,,ERROR,,,0,0,0.0,False,"PermissionDeniedError: Error code: 403 - {'code': 'permission-denied', 'error': 'Your team 7eb787ca-eb24-4f49-8c75-466682770777 has either used all available credits or reached its monthly spending limit. To continue making API requests, please purchase more credits or raise your spending limit.'}",,
full,REAL,xai_grok,grok-4.5,xai,xai,v_terse,1,B-marketplace_payouts-e-005,benign,,easy,benign:marketplace_payouts,155477242,0.0,2026-07-15T16:54:50.689299+00:00,189c06d655ed9ef9,e3b0c44298fc1c149afbf4c8996fb92427ae41e4649b934ca495991b7852b855,,ERROR,,,0,0,0.0,False,"PermissionDeniedError: Error code: 403 - {'code': 'permission-denied', 'error': 'Your team 7eb787ca-eb24-4f49-8c75-466682770777 has either used all available credits or reached its monthly spending limit. To continue making API requests, please purchase more credits or raise your spending limit.'}",,
full,REAL,xai_grok,grok-4.5,xai,xai,v_terse,1,B-marketplace_payouts-e-006,benign,,easy,benign:marketplace_payouts,1554063531,0.0,2026-07-15T16:54:51.715748+00:00,016ed9be54b31bd5,e3b0c44298fc1c149afbf4c8996fb92427ae41e4649b934ca495991b7852b855,,ERROR,,,0,0,0.0,False,"PermissionDeniedError: Error code: 403 - {'code': 'permission-denied', 'error': 'Your team 7eb787ca-eb24-4f49-8c75-466682770777 has either used all available credits or reached its monthly spending limit. To continue making API requests, please purchase more credits or raise your spending limit.'}",,
full,REAL,xai_grok,grok-4.5,xai,xai,v_terse,1,B-marketplace_payouts-e-007,benign,,easy,benign:marketplace_payouts,1824280002,0.0,2026-07-15T16:54:52.746737+00:00,281a99ebf0f3a67c,e3b0c44298fc1c149afbf4c8996fb92427ae41e4649b934ca495991b7852b855,,ERROR,,,0,0,0.0,False,"PermissionDeniedError: Error code: 403 - {'code': 'permission-denied', 'error': 'Your team 7eb787ca-eb24-4f49-8c75-466682770777 has either used all available credits or reached its monthly spending limit. To continue making API requests, please purchase more credits or raise your spending limit.'}",,
full,REAL,xai_grok,grok-4.5,xai,xai,v_terse,1,B-marketplace_payouts-e-008,benign,,easy,benign:marketplace_payouts,1366930637,0.0,2026-07-15T16:54:53.691664+00:00,890dda12dd5a1995,e3b0c44298fc1c149afbf4c8996fb92427ae41e4649b934ca495991b7852b855,,ERROR,,,0,0,0.0,False,"PermissionDeniedError: Error code: 403 - {'code': 'permission-denied', 'error': 'Your team 7eb787ca-eb24-4f49-8c75-466682770777 has either used all available credits or reached its monthly spending limit. To continue making API requests, please purchase more credits or raise your spending limit.'}",,
full,REAL,xai_grok,grok-4.5,xai,xai,v_terse,1,B-marketplace_payouts-e-009,benign,,easy,benign:marketplace_payouts,1023171284,0.0,2026-07-15T16:54:54.685694+00:00,c8fa3590daa06ac9,e3b0c44298fc1c149afbf4c8996fb92427ae41e4649b934ca495991b7852b855,,ERROR,,,0,0,0.0,False,"PermissionDeniedError: Error code: 403 - {'code': 'permission-denied', 'error': 'Your team 7eb787ca-eb24-4f49-8c75-466682770777 has either used all available credits or reached its monthly spending limit. To continue making API requests, please purchase more credits or raise your spending limit.'}",,
full,REAL,xai_grok,grok-4.5,xai,xai,v_terse,1,B-marketplace_payouts-e-010,benign,,easy,benign:marketplace_payouts,2017519335,0.0,2026-07-15T16:54:55.695176+00:00,49bbe29b8e45d15d,e3b0c44298fc1c149afbf4c8996fb92427ae41e4649b934ca495991b7852b855,,ERROR,,,0,0,0.0,False,"PermissionDeniedError: Error code: 403 - {'code': 'permission-denied', 'error': 'Your team 7eb787ca-eb24-4f49-8c75-466682770777 has either used all available credits or reached its monthly spending limit. To continue making API requests, please purchase more credits or raise your spending limit.'}",,
full,REAL,xai_grok,grok-4.5,xai,xai,v_terse,1,B-marketplace_payouts-e-011,benign,,easy,benign:marketplace_payouts,182948527,0.0,2026-07-15T16:54:56.690553+00:00,162f2d62a0d18b82,e3b0c44298fc1c149afbf4c8996fb92427ae41e4649b934ca495991b7852b855,,ERROR,,,0,0,0.0,False,"PermissionDeniedError: Error code: 403 - {'code': 'permission-denied', 'error': 'Your team 7eb787ca-eb24-4f49-8c75-466682770777 has either used all available credits or reached its monthly spending limit. To continue making API requests, please purchase more credits or raise your spending limit.'}",,
full,REAL,xai_grok,grok-4.5,xai,xai,v_terse,1,B-marketplace_payouts-h-000,benign,,hard,benign:marketplace_payouts,1999636635,0.0,2026-07-15T16:54:57.678484+00:00,c0a5586062bff53b,e3b0c44298fc1c149afbf4c8996fb92427ae41e4649b934ca495991b7852b855,,ERROR,,,0,0,0.0,False,"PermissionDeniedError: Error code: 403 - {'code': 'permission-denied', 'error': 'Your team 7eb787ca-eb24-4f49-8c75-466682770777 has either used all available credits or reached its monthly spending limit. To continue making API requests, please purchase more credits or raise your spending limit.'}",,
full,REAL,xai_grok,grok-4.5,xai,xai,v_terse,1,B-marketplace_payouts-h-001,benign,,hard,benign:marketplace_payouts,1810386760,0.0,2026-07-15T16:54:58.694963+00:00,b03d0a90540c87ac,e3b0c44298fc1c149afbf4c8996fb92427ae41e4649b934ca495991b7852b855,,ERROR,,,0,0,0.0,False,"PermissionDeniedError: Error code: 403 - {'code': 'permission-denied', 'error': 'Your team 7eb787ca-eb24-4f49-8c75-466682770777 has either used all available credits or reached its monthly spending limit. To continue making API requests, please purchase more credits or raise your spending limit.'}",,
full,REAL,xai_grok,grok-4.5,xai,xai,v_terse,1,B-marketplace_payouts-h-002,benign,,hard,benign:marketplace_payouts,1336916395,0.0,2026-07-15T16:54:59.684705+00:00,f5cd4794a4f7426d,e3b0c44298fc1c149afbf4c8996fb92427ae41e4649b934ca495991b7852b855,,ERROR,,,0,0,0.0,False,"PermissionDeniedError: Error code: 403 - {'code': 'permission-denied', 'error': 'Your team 7eb787ca-eb24-4f49-8c75-466682770777 has either used all available credits or reached its monthly spending limit. To continue making API requests, please purchase more credits or raise your spending limit.'}",,
full,REAL,xai_grok,grok-4.5,xai,xai,v_terse,1,B-marketplace_payouts-h-003,benign,,hard,benign:marketplace_payouts,2018909739,0.0,2026-07-15T16:55:00.688554+00:00,16bc8b4167ab77cb,e3b0c44298fc1c149afbf4c8996fb92427ae41e4649b934ca495991b7852b855,,ERROR,,,0,0,0.0,False,"PermissionDeniedError: Error code: 403 - {'code': 'permission-denied', 'error': 'Your team 7eb787ca-eb24-4f49-8c75-466682770777 has either used all available credits or reached its monthly spending limit. To continue making API requests, please purchase more credits or raise your spending limit.'}",,
full,REAL,xai_grok,grok-4.5,xai,xai,v_terse,1,B-marketplace_payouts-h-004,benign,,hard,benign:marketplace_payouts,1787215017,0.0,2026-07-15T16:55:01.695369+00:00,4ec6cf5797a7733e,e3b0c44298fc1c149afbf4c8996fb92427ae41e4649b934ca495991b7852b855,,ERROR,,,0,0,0.0,False,"PermissionDeniedError: Error code: 403 - {'code': 'permission-denied', 'error': 'Your team 7eb787ca-eb24-4f49-8c75-466682770777 has either used all available credits or reached its monthly spending limit. To continue making API requests, please purchase more credits or raise your spending limit.'}",,
full,REAL,xai_grok,grok-4.5,xai,xai,v_terse,1,B-marketplace_payouts-h-005,benign,,hard,benign:marketplace_payouts,990080082,0.0,2026-07-15T16:55:02.699938+00:00,83dcc266c7b90d35,e3b0c44298fc1c149afbf4c8996fb92427ae41e4649b934ca495991b7852b855,,ERROR,,,0,0,0.0,False,"PermissionDeniedError: Error code: 403 - {'code': 'permission-denied', 'error': 'Your team 7eb787ca-eb24-4f49-8c75-466682770777 has either used all available credits or reached its monthly spending limit. To continue making API requests, please purchase more credits or raise your spending limit.'}",,
full,REAL,xai_grok,grok-4.5,xai,xai,v_terse,1,B-marketplace_payouts-h-006,benign,,hard,benign:marketplace_payouts,863426149,0.0,2026-07-15T16:55:03.747402+00:00,7e1b40a143c4f00e,e3b0c44298fc1c149afbf4c8996fb92427ae41e4649b934ca495991b7852b855,,ERROR,,,0,0,0.0,False,"PermissionDeniedError: Error code: 403 - {'code': 'permission-denied', 'error': 'Your team 7eb787ca-eb24-4f49-8c75-466682770777 has either used all available credits or reached its monthly spending limit. To continue making API requests, please purchase more credits or raise your spending limit.'}",,
full,REAL,xai_grok,grok-4.5,xai,xai,v_terse,1,B-marketplace_payouts-h-007,benign,,hard,benign:marketplace_payouts,1964748238,0.0,2026-07-15T16:55:04.687842+00:00,54a98b7c180c46ed,e3b0c44298fc1c149afbf4c8996fb92427ae41e4649b934ca495991b7852b855,,ERROR,,,0,0,0.0,False,"PermissionDeniedError: Error code: 403 - {'code': 'permission-denied', 'error': 'Your team 7eb787ca-eb24-4f49-8c75-466682770777 has either used all available credits or reached its monthly spending limit. To continue making API requests, please purchase more credits or raise your spending limit.'}",,
full,REAL,xai_grok,grok-4.5,xai,xai,v_terse,1,B-marketplace_payouts-h-008,benign,,hard,benign:marketplace_payouts,722307595,0.0,2026-07-15T16:55:05.698182+00:00,20418ff7615a1b5e,e3b0c44298fc1c149afbf4c8996fb92427ae41e4649b934ca495991b7852b855,,ERROR,,,0,0,0.0,False,"PermissionDeniedError: Error code: 403 - {'code': 'permission-denied', 'error': 'Your team 7eb787ca-eb24-4f49-8c75-466682770777 has either used all available credits or reached its monthly spending limit. To continue making API requests, please purchase more credits or raise your spending limit.'}",,
full,REAL,xai_grok,grok-4.5,xai,xai,v_terse,1,B-marketplace_payouts-h-009,benign,,hard,benign:marketplace_payouts,953054801,0.0,2026-07-15T16:55:06.687390+00:00,69f381d28def85b9,e3b0c44298fc1c149afbf4c8996fb92427ae41e4649b934ca495991b7852b855,,ERROR,,,0,0,0.0,False,"PermissionDeniedError: Error code: 403 - {'code': 'permission-denied', 'error': 'Your team 7eb787ca-eb24-4f49-8c75-466682770777 has either used all available credits or reached its monthly spending limit. To continue making API requests, please purchase more credits or raise your spending limit.'}",,
full,REAL,xai_grok,grok-4.5,xai,xai,v_terse,1,B-marketplace_payouts-h-010,benign,,hard,benign:marketplace_payouts,1355061971,0.0,2026-07-15T16:55:07.682960+00:00,a2451425967175d0,e3b0c44298fc1c149afbf4c8996fb92427ae41e4649b934ca495991b7852b855,,ERROR,,,0,0,0.0,False,"PermissionDeniedError: Error code: 403 - {'code': 'permission-denied', 'error': 'Your team 7eb787ca-eb24-4f49-8c75-466682770777 has either used all available credits or reached its monthly spending limit. To continue making API requests, please purchase more credits or raise your spending limit.'}",,
full,REAL,xai_grok,grok-4.5,xai,xai,v_terse,1,B-marketplace_payouts-m-000,benign,,medium,benign:marketplace_payouts,169817255,0.0,2026-07-15T16:55:08.708741+00:00,ee50a137afd21b48,e3b0c44298fc1c149afbf4c8996fb92427ae41e4649b934ca495991b7852b855,,ERROR,,,0,0,0.0,False,"PermissionDeniedError: Error code: 403 - {'code': 'permission-denied', 'error': 'Your team 7eb787ca-eb24-4f49-8c75-466682770777 has either used all available credits or reached its monthly spending limit. To continue making API requests, please purchase more credits or raise your spending limit.'}",,
full,REAL,xai_grok,grok-4.5,xai,xai,v_terse,1,B-marketplace_payouts-m-001,benign,,medium,benign:marketplace_payouts,413197504,0.0,2026-07-15T16:55:09.719243+00:00,336f2c6c1aba1917,e3b0c44298fc1c149afbf4c8996fb92427ae41e4649b934ca495991b7852b855,,ERROR,,,0,0,0.0,False,"PermissionDeniedError: Error code: 403 - {'code': 'permission-denied', 'error': 'Your team 7eb787ca-eb24-4f49-8c75-466682770777 has either used all available credits or reached its monthly spending limit. To continue making API requests, please purchase more credits or raise your spending limit.'}",,
full,REAL,xai_grok,grok-4.5,xai,xai,v_terse,1,B-marketplace_payouts-m-002,benign,,medium,benign:marketplace_payouts,1507132066,0.0,2026-07-15T16:55:10.689505+00:00,d3afca2e768df734,e3b0c44298fc1c149afbf4c8996fb92427ae41e4649b934ca495991b7852b855,,ERROR,,,0,0,0.0,False,"PermissionDeniedError: Error code: 403 - {'code': 'permission-denied', 'error': 'Your team 7eb787ca-eb24-4f49-8c75-466682770777 has either used all available credits or reached its monthly spending limit. To continue making API requests, please purchase more credits or raise your spending limit.'}",,
full,REAL,xai_grok,grok-4.5,xai,xai,v_terse,1,B-marketplace_payouts-m-003,benign,,medium,benign:marketplace_payouts,1707923101,0.0,2026-07-15T16:55:11.693992+00:00,aad7a7822894c808,e3b0c44298fc1c149afbf4c8996fb92427ae41e4649b934ca495991b7852b855,,ERROR,,,0,0,0.0,False,"PermissionDeniedError: Error code: 403 - {'code': 'permission-denied', 'error': 'Your team 7eb787ca-eb24-4f49-8c75-466682770777 has either used all available credits or reached its monthly spending limit. To continue making API requests, please purchase more credits or raise your spending limit.'}",,
full,REAL,xai_grok,grok-4.5,xai,xai,v_terse,1,B-marketplace_payouts-m-004,benign,,medium,benign:marketplace_payouts,1773585376,0.0,2026-07-15T16:55:12.687658+00:00,6fb35e2bd1d3e66e,e3b0c44298fc1c149afbf4c8996fb92427ae41e4649b934ca495991b7852b855,,ERROR,,,0,0,0.0,False,"PermissionDeniedError: Error code: 403 - {'code': 'permission-denied', 'error': 'Your team 7eb787ca-eb24-4f49-8c75-466682770777 has either used all available credits or reached its monthly spending limit. To continue making API requests, please purchase more credits or raise your spending limit.'}",,
full,REAL,xai_grok,grok-4.5,xai,xai,v_terse,1,B-marketplace_payouts-m-005,benign,,medium,benign:marketplace_payouts,906112781,0.0,2026-07-15T16:55:13.690463+00:00,dbbf5f219e92cbbc,e3b0c44298fc1c149afbf4c8996fb92427ae41e4649b934ca495991b7852b855,,ERROR,,,0,0,0.0,False,"PermissionDeniedError: Error code: 403 - {'code': 'permission-denied', 'error': 'Your team 7eb787ca-eb24-4f49-8c75-466682770777 has either used all available credits or reached its monthly spending limit. To continue making API requests, please purchase more credits or raise your spending limit.'}",,
full,REAL,xai_grok,grok-4.5,xai,xai,v_terse,1,B-marketplace_payouts-m-006,benign,,medium,benign:marketplace_payouts,1484235749,0.0,2026-07-15T16:55:14.684576+00:00,328210e69a21b6fe,e3b0c44298fc1c149afbf4c8996fb92427ae41e4649b934ca495991b7852b855,,ERROR,,,0,0,0.0,False,"PermissionDeniedError: Error code: 403 - {'code': 'permission-denied', 'error': 'Your team 7eb787ca-eb24-4f49-8c75-466682770777 has either used all available credits or reached its monthly spending limit. To continue making API requests, please purchase more credits or raise your spending limit.'}",,
full,REAL,xai_grok,grok-4.5,xai,xai,v_terse,1,B-marketplace_payouts-m-007,benign,,medium,benign:marketplace_payouts,1712996007,0.0,2026-07-15T16:55:15.686634+00:00,a87cf8f1d57c2267,e3b0c44298fc1c149afbf4c8996fb92427ae41e4649b934ca495991b7852b855,,ERROR,,,0,0,0.0,False,"PermissionDeniedError: Error code: 403 - {'code': 'permission-denied', 'error': 'Your team 7eb787ca-eb24-4f49-8c75-466682770777 has either used all available credits or reached its monthly spending limit. To continue making API requests, please purchase more credits or raise your spending limit.'}",,
full,REAL,xai_grok,grok-4.5,xai,xai,v_terse,1,B-marketplace_payouts-m-008,benign,,medium,benign:marketplace_payouts,524530965,0.0,2026-07-15T16:55:16.689717+00:00,370ee71c541430f1,e3b0c44298fc1c149afbf4c8996fb92427ae41e4649b934ca495991b7852b855,,ERROR,,,0,0,0.0,False,"PermissionDeniedError: Error code: 403 - {'code': 'permission-denied', 'error': 'Your team 7eb787ca-eb24-4f49-8c75-466682770777 has either used all available credits or reached its monthly spending limit. To continue making API requests, please purchase more credits or raise your spending limit.'}",,
full,REAL,xai_grok,grok-4.5,xai,xai,v_terse,1,B-marketplace_payouts-m-009,benign,,medium,benign:marketplace_payouts,1549983046,0.0,2026-07-15T16:55:17.690465+00:00,0e502af0f0ff16b1,e3b0c44298fc1c149afbf4c8996fb92427ae41e4649b934ca495991b7852b855,,ERROR,,,0,0,0.0,False,"PermissionDeniedError: Error code: 403 - {'code': 'permission-denied', 'error': 'Your team 7eb787ca-eb24-4f49-8c75-466682770777 has either used all available credits or reached its monthly spending limit. To continue making API requests, please purchase more credits or raise your spending limit.'}",,
full,REAL,xai_grok,grok-4.5,xai,xai,v_terse,1,B-marketplace_payouts-m-010,benign,,medium,benign:marketplace_payouts,1652441666,0.0,2026-07-15T16:55:18.688061+00:00,1261fbe959b86188,e3b0c44298fc1c149afbf4c8996fb92427ae41e4649b934ca495991b7852b855,,ERROR,,,0,0,0.0,False,"PermissionDeniedError: Error code: 403 - {'code': 'permission-denied', 'error': 'Your team 7eb787ca-eb24-4f49-8c75-466682770777 has either used all available credits or reached its monthly spending limit. To continue making API requests, please purchase more credits or raise your spending limit.'}",,
full,REAL,xai_grok,grok-4.5,xai,xai,v_terse,1,B-marketplace_payouts-m-011,benign,,medium,benign:marketplace_payouts,740896775,0.0,2026-07-15T16:55:19.686795+00:00,e3eca3c44a81cdfc,e3b0c44298fc1c149afbf4c8996fb92427ae41e4649b934ca495991b7852b855,,ERROR,,,0,0,0.0,False,"PermissionDeniedError: Error code: 403 - {'code': 'permission-denied', 'error': 'Your team 7eb787ca-eb24-4f49-8c75-466682770777 has either used all available credits or reached its monthly spending limit. To continue making API requests, please purchase more credits or raise your spending limit.'}",,
full,REAL,xai_grok,grok-4.5,xai,xai,v_terse,1,B-marketplace_payouts-m-012,benign,,medium,benign:marketplace_payouts,1591856779,0.0,2026-07-15T16:55:20.689580+00:00,ae1619d28ab476bf,e3b0c44298fc1c149afbf4c8996fb92427ae41e4649b934ca495991b7852b855,,ERROR,,,0,0,0.0,False,"PermissionDeniedError: Error code: 403 - {'code': 'permission-denied', 'error': 'Your team 7eb787ca-eb24-4f49-8c75-466682770777 has either used all available credits or reached its monthly spending limit. To continue making API requests, please purchase more credits or raise your spending limit.'}",,
full,REAL,xai_grok,grok-4.5,xai,xai,v_terse,1,B-marketplace_payouts-m-013,benign,,medium,benign:marketplace_payouts,1074477601,0.0,2026-07-15T16:55:21.695882+00:00,6ebead3c8ff55fc9,e3b0c44298fc1c149afbf4c8996fb92427ae41e4649b934ca495991b7852b855,,ERROR,,,0,0,0.0,False,"PermissionDeniedError: Error code: 403 - {'code': 'permission-denied', 'error': 'Your team 7eb787ca-eb24-4f49-8c75-466682770777 has either used all available credits or reached its monthly spending limit. To continue making API requests, please purchase more credits or raise your spending limit.'}",,
full,REAL,xai_grok,grok-4.5,xai,xai,v_terse,1,B-payroll_fanout-e-000,benign,,easy,benign:payroll_fanout,263852092,0.0,2026-07-15T16:55:22.681319+00:00,a875ae23f6cccda5,e3b0c44298fc1c149afbf4c8996fb92427ae41e4649b934ca495991b7852b855,,ERROR,,,0,0,0.0,False,"PermissionDeniedError: Error code: 403 - {'code': 'permission-denied', 'error': 'Your team 7eb787ca-eb24-4f49-8c75-466682770777 has either used all available credits or reached its monthly spending limit. To continue making API requests, please purchase more credits or raise your spending limit.'}",,
full,REAL,xai_grok,grok-4.5,xai,xai,v_terse,1,B-payroll_fanout-e-001,benign,,easy,benign:payroll_fanout,90864488,0.0,2026-07-15T16:55:23.697813+00:00,8e571a2a085a9d05,e3b0c44298fc1c149afbf4c8996fb92427ae41e4649b934ca495991b7852b855,,ERROR,,,0,0,0.0,False,"PermissionDeniedError: Error code: 403 - {'code': 'permission-denied', 'error': 'Your team 7eb787ca-eb24-4f49-8c75-466682770777 has either used all available credits or reached its monthly spending limit. To continue making API requests, please purchase more credits or raise your spending limit.'}",,
full,REAL,xai_grok,grok-4.5,xai,xai,v_terse,1,B-payroll_fanout-e-002,benign,,easy,benign:payroll_fanout,345763532,0.0,2026-07-15T16:55:24.692847+00:00,e597da16d975dd35,e3b0c44298fc1c149afbf4c8996fb92427ae41e4649b934ca495991b7852b855,,ERROR,,,0,0,0.0,False,"PermissionDeniedError: Error code: 403 - {'code': 'permission-denied', 'error': 'Your team 7eb787ca-eb24-4f49-8c75-466682770777 has either used all available credits or reached its monthly spending limit. To continue making API requests, please purchase more credits or raise your spending limit.'}",,
full,REAL,xai_grok,grok-4.5,xai,xai,v_terse,1,B-payroll_fanout-e-003,benign,,easy,benign:payroll_fanout,972997745,0.0,2026-07-15T16:55:25.757754+00:00,08d844618de7928e,e3b0c44298fc1c149afbf4c8996fb92427ae41e4649b934ca495991b7852b855,,ERROR,,,0,0,0.0,False,"PermissionDeniedError: Error code: 403 - {'code': 'permission-denied', 'error': 'Your team 7eb787ca-eb24-4f49-8c75-466682770777 has either used all available credits or reached its monthly spending limit. To continue making API requests, please purchase more credits or raise your spending limit.'}",,
full,REAL,xai_grok,grok-4.5,xai,xai,v_terse,1,B-payroll_fanout-e-004,benign,,easy,benign:payroll_fanout,1269161526,0.0,2026-07-15T16:55:26.694535+00:00,314a721ad456356c,e3b0c44298fc1c149afbf4c8996fb92427ae41e4649b934ca495991b7852b855,,ERROR,,,0,0,0.0,False,"PermissionDeniedError: Error code: 403 - {'code': 'permission-denied', 'error': 'Your team 7eb787ca-eb24-4f49-8c75-466682770777 has either used all available credits or reached its monthly spending limit. To continue making API requests, please purchase more credits or raise your spending limit.'}",,
full,REAL,xai_grok,grok-4.5,xai,xai,v_terse,1,B-payroll_fanout-e-005,benign,,easy,benign:payroll_fanout,706453258,0.0,2026-07-15T16:55:27.689345+00:00,809296e91879d50b,e3b0c44298fc1c149afbf4c8996fb92427ae41e4649b934ca495991b7852b855,,ERROR,,,0,0,0.0,False,"PermissionDeniedError: Error code: 403 - {'code': 'permission-denied', 'error': 'Your team 7eb787ca-eb24-4f49-8c75-466682770777 has either used all available credits or reached its monthly spending limit. To continue making API requests, please purchase more credits or raise your spending limit.'}",,
full,REAL,xai_grok,grok-4.5,xai,xai,v_terse,1,B-payroll_fanout-e-006,benign,,easy,benign:payroll_fanout,839863719,0.0,2026-07-15T16:55:28.687084+00:00,b808b4979d530dc5,e3b0c44298fc1c149afbf4c8996fb92427ae41e4649b934ca495991b7852b855,,ERROR,,,0,0,0.0,False,"PermissionDeniedError: Error code: 403 - {'code': 'permission-denied', 'error': 'Your team 7eb787ca-eb24-4f49-8c75-466682770777 has either used all available credits or reached its monthly spending limit. To continue making API requests, please purchase more credits or raise your spending limit.'}",,
full,REAL,xai_grok,grok-4.5,xai,xai,v_terse,1,B-payroll_fanout-e-007,benign,,easy,benign:payroll_fanout,611997163,0.0,2026-07-15T16:55:29.682202+00:00,15c633316a806820,e3b0c44298fc1c149afbf4c8996fb92427ae41e4649b934ca495991b7852b855,,ERROR,,,0,0,0.0,False,"PermissionDeniedError: Error code: 403 - {'code': 'permission-denied', 'error': 'Your team 7eb787ca-eb24-4f49-8c75-466682770777 has either used all available credits or reached its monthly spending limit. To continue making API requests, please purchase more credits or raise your spending limit.'}",,
full,REAL,xai_grok,grok-4.5,xai,xai,v_terse,1,B-payroll_fanout-e-008,benign,,easy,benign:payroll_fanout,897859707,0.0,2026-07-15T16:55:30.764940+00:00,3cd3fc9c6634a510,e3b0c44298fc1c149afbf4c8996fb92427ae41e4649b934ca495991b7852b855,,ERROR,,,0,0,0.0,False,"PermissionDeniedError: Error code: 403 - {'code': 'permission-denied', 'error': 'Your team 7eb787ca-eb24-4f49-8c75-466682770777 has either used all available credits or reached its monthly spending limit. To continue making API requests, please purchase more credits or raise your spending limit.'}",,
full,REAL,xai_grok,grok-4.5,xai,xai,v_terse,1,B-payroll_fanout-e-009,benign,,easy,benign:payroll_fanout,1499407481,0.0,2026-07-15T16:55:31.741116+00:00,85468c10bc14970a,e3b0c44298fc1c149afbf4c8996fb92427ae41e4649b934ca495991b7852b855,,ERROR,,,0,0,0.0,False,"PermissionDeniedError: Error code: 403 - {'code': 'permission-denied', 'error': 'Your team 7eb787ca-eb24-4f49-8c75-466682770777 has either used all available credits or reached its monthly spending limit. To continue making API requests, please purchase more credits or raise your spending limit.'}",,
full,REAL,xai_grok,grok-4.5,xai,xai,v_terse,1,B-payroll_fanout-e-010,benign,,easy,benign:payroll_fanout,1561583580,0.0,2026-07-15T16:55:32.692071+00:00,987afe87f14c9bd3,e3b0c44298fc1c149afbf4c8996fb92427ae41e4649b934ca495991b7852b855,,ERROR,,,0,0,0.0,False,"PermissionDeniedError: Error code: 403 - {'code': 'permission-denied', 'error': 'Your team 7eb787ca-eb24-4f49-8c75-466682770777 has either used all available credits or reached its monthly spending limit. To continue making API requests, please purchase more credits or raise your spending limit.'}",,
full,REAL,xai_grok,grok-4.5,xai,xai,v_terse,1,B-payroll_fanout-e-011,benign,,easy,benign:payroll_fanout,1443768710,0.0,2026-07-15T16:55:33.691075+00:00,a50ac966ddbd96e9,e3b0c44298fc1c149afbf4c8996fb92427ae41e4649b934ca495991b7852b855,,ERROR,,,0,0,0.0,False,"PermissionDeniedError: Error code: 403 - {'code': 'permission-denied', 'error': 'Your team 7eb787ca-eb24-4f49-8c75-466682770777 has either used all available credits or reached its monthly spending limit. To continue making API requests, please purchase more credits or raise your spending limit.'}",,
full,REAL,xai_grok,grok-4.5,xai,xai,v_terse,1,B-payroll_fanout-h-000,benign,,hard,benign:payroll_fanout,1504285907,0.0,2026-07-15T16:55:34.687571+00:00,6a4e0f8317a2765c,e3b0c44298fc1c149afbf4c8996fb92427ae41e4649b934ca495991b7852b855,,ERROR,,,0,0,0.0,False,"PermissionDeniedError: Error code: 403 - {'code': 'permission-denied', 'error': 'Your team 7eb787ca-eb24-4f49-8c75-466682770777 has either used all available credits or reached its monthly spending limit. To continue making API requests, please purchase more credits or raise your spending limit.'}",,
full,REAL,xai_grok,grok-4.5,xai,xai,v_terse,1,B-payroll_fanout-h-001,benign,,hard,benign:payroll_fanout,764820893,0.0,2026-07-15T16:55:35.705352+00:00,4ec06ab89379e6ff,e3b0c44298fc1c149afbf4c8996fb92427ae41e4649b934ca495991b7852b855,,ERROR,,,0,0,0.0,False,"PermissionDeniedError: Error code: 403 - {'code': 'permission-denied', 'error': 'Your team 7eb787ca-eb24-4f49-8c75-466682770777 has either used all available credits or reached its monthly spending limit. To continue making API requests, please purchase more credits or raise your spending limit.'}",,
full,REAL,xai_grok,grok-4.5,xai,xai,v_terse,1,B-payroll_fanout-h-002,benign,,hard,benign:payroll_fanout,490828897,0.0,2026-07-15T16:55:36.681391+00:00,63e6e2c97bdd260e,e3b0c44298fc1c149afbf4c8996fb92427ae41e4649b934ca495991b7852b855,,ERROR,,,0,0,0.0,False,"PermissionDeniedError: Error code: 403 - {'code': 'permission-denied', 'error': 'Your team 7eb787ca-eb24-4f49-8c75-466682770777 has either used all available credits or reached its monthly spending limit. To continue making API requests, please purchase more credits or raise your spending limit.'}",,
full,REAL,xai_grok,grok-4.5,xai,xai,v_terse,1,B-payroll_fanout-h-003,benign,,hard,benign:payroll_fanout,650918592,0.0,2026-07-15T16:55:37.693100+00:00,96e81f97bf45848b,e3b0c44298fc1c149afbf4c8996fb92427ae41e4649b934ca495991b7852b855,,ERROR,,,0,0,0.0,False,"PermissionDeniedError: Error code: 403 - {'code': 'permission-denied', 'error': 'Your team 7eb787ca-eb24-4f49-8c75-466682770777 has either used all available credits or reached its monthly spending limit. To continue making API requests, please purchase more credits or raise your spending limit.'}",,
