subgrid,mode,model_key,api_model,provider,family,prompt_variant,seed_index,case_id,label,typology,difficulty,stratum,seed,temperature,timestamp_utc,prompt_hash,content_sha256,suspicious,decision,out_typology,rationale,input_tokens,output_tokens,cost_usd,ok,error,key_id,raw_response
pilot,MOCK,xai_grok,grok-4.5,xai,xai,v_fatf,0,B-genuine_trade_finance-e-001,benign,,easy,benign:genuine_trade_finance,1739650218,0.0,2026-07-15T14:04:19.810129+00:00,7c18698319985f3d,99e631c8805e48aa3203d2eaa4c3cdad8883e2772b2e70dc243354a10ccac037,False,no_flag,,mock: benign,60,16,0.0,True,,,"{""suspicious"": false, ""typology"": null, ""rationale"": ""mock: benign""}"
pilot,MOCK,xai_grok,grok-4.5,xai,xai,v_fatf,0,B-genuine_trade_finance-e-002,benign,,easy,benign:genuine_trade_finance,2031700739,0.0,2026-07-15T14:04:19.810271+00:00,52002aaf54501728,99e631c8805e48aa3203d2eaa4c3cdad8883e2772b2e70dc243354a10ccac037,False,no_flag,,mock: benign,60,16,0.0,True,,,"{""suspicious"": false, ""typology"": null, ""rationale"": ""mock: benign""}"
pilot,MOCK,xai_grok,grok-4.5,xai,xai,v_fatf,0,B-genuine_trade_finance-e-004,benign,,easy,benign:genuine_trade_finance,1526361317,0.0,2026-07-15T14:04:19.810309+00:00,00d36687a5fd56ea,99e631c8805e48aa3203d2eaa4c3cdad8883e2772b2e70dc243354a10ccac037,False,no_flag,,mock: benign,60,16,0.0,True,,,"{""suspicious"": false, ""typology"": null, ""rationale"": ""mock: benign""}"
pilot,MOCK,xai_grok,grok-4.5,xai,xai,v_fatf,0,B-genuine_trade_finance-e-006,benign,,easy,benign:genuine_trade_finance,1796793457,0.0,2026-07-15T14:04:19.810451+00:00,4edfc75f37246529,99e631c8805e48aa3203d2eaa4c3cdad8883e2772b2e70dc243354a10ccac037,False,no_flag,,mock: benign,60,16,0.0,True,,,"{""suspicious"": false, ""typology"": null, ""rationale"": ""mock: benign""}"
pilot,MOCK,xai_grok,grok-4.5,xai,xai,v_fatf,0,B-genuine_trade_finance-e-008,benign,,easy,benign:genuine_trade_finance,824330956,0.0,2026-07-15T14:04:19.812772+00:00,f06a90e6bedb9674,99e631c8805e48aa3203d2eaa4c3cdad8883e2772b2e70dc243354a10ccac037,False,no_flag,,mock: benign,60,16,0.0,True,,,"{""suspicious"": false, ""typology"": null, ""rationale"": ""mock: benign""}"
pilot,MOCK,xai_grok,grok-4.5,xai,xai,v_fatf,0,B-genuine_trade_finance-h-001,benign,,hard,benign:genuine_trade_finance,1249754794,0.0,2026-07-15T14:04:19.813002+00:00,3988b324625bd217,7039235a86e0ed6569a588368ac0e6a2b0d43f7b94a6e5387f588533e311a5da,True,flag,structuring,mock: flag(benign),60,16,0.0,True,,,"{""suspicious"": true, ""typology"": ""structuring"", ""rationale"": ""mock: flag(benign)""}"
pilot,MOCK,xai_grok,grok-4.5,xai,xai,v_fatf,0,B-genuine_trade_finance-h-006,benign,,hard,benign:genuine_trade_finance,529554070,0.0,2026-07-15T14:04:19.813043+00:00,77f3bbd16cae7050,99e631c8805e48aa3203d2eaa4c3cdad8883e2772b2e70dc243354a10ccac037,False,no_flag,,mock: benign,60,16,0.0,True,,,"{""suspicious"": false, ""typology"": null, ""rationale"": ""mock: benign""}"
pilot,MOCK,xai_grok,grok-4.5,xai,xai,v_fatf,0,B-genuine_trade_finance-h-008,benign,,hard,benign:genuine_trade_finance,583590072,0.0,2026-07-15T14:04:19.813086+00:00,6476176192bb0e11,99e631c8805e48aa3203d2eaa4c3cdad8883e2772b2e70dc243354a10ccac037,False,no_flag,,mock: benign,60,16,0.0,True,,,"{""suspicious"": false, ""typology"": null, ""rationale"": ""mock: benign""}"
pilot,MOCK,xai_grok,grok-4.5,xai,xai,v_fatf,0,B-genuine_trade_finance-h-010,benign,,hard,benign:genuine_trade_finance,903174585,0.0,2026-07-15T14:04:19.813274+00:00,40fd55d4f5fc113c,99e631c8805e48aa3203d2eaa4c3cdad8883e2772b2e70dc243354a10ccac037,False,no_flag,,mock: benign,60,16,0.0,True,,,"{""suspicious"": false, ""typology"": null, ""rationale"": ""mock: benign""}"
pilot,MOCK,xai_grok,grok-4.5,xai,xai,v_fatf,0,B-genuine_trade_finance-m-000,benign,,medium,benign:genuine_trade_finance,1661732728,0.0,2026-07-15T14:04:19.814587+00:00,086711e7ef88e68b,99e631c8805e48aa3203d2eaa4c3cdad8883e2772b2e70dc243354a10ccac037,False,no_flag,,mock: benign,60,16,0.0,True,,,"{""suspicious"": false, ""typology"": null, ""rationale"": ""mock: benign""}"
pilot,MOCK,xai_grok,grok-4.5,xai,xai,v_fatf,0,B-genuine_trade_finance-m-002,benign,,medium,benign:genuine_trade_finance,396810015,0.0,2026-07-15T14:04:19.814625+00:00,c31fe0dbdf98271e,99e631c8805e48aa3203d2eaa4c3cdad8883e2772b2e70dc243354a10ccac037,False,no_flag,,mock: benign,60,16,0.0,True,,,"{""suspicious"": false, ""typology"": null, ""rationale"": ""mock: benign""}"
pilot,MOCK,xai_grok,grok-4.5,xai,xai,v_fatf,0,B-genuine_trade_finance-m-003,benign,,medium,benign:genuine_trade_finance,275787065,0.0,2026-07-15T14:04:19.814662+00:00,90cdf883cd20b429,99e631c8805e48aa3203d2eaa4c3cdad8883e2772b2e70dc243354a10ccac037,False,no_flag,,mock: benign,60,16,0.0,True,,,"{""suspicious"": false, ""typology"": null, ""rationale"": ""mock: benign""}"
pilot,MOCK,xai_grok,grok-4.5,xai,xai,v_fatf,0,B-genuine_trade_finance-m-013,benign,,medium,benign:genuine_trade_finance,2103318664,0.0,2026-07-15T14:04:19.814897+00:00,6ba05ee3fec8549a,99e631c8805e48aa3203d2eaa4c3cdad8883e2772b2e70dc243354a10ccac037,False,no_flag,,mock: benign,60,16,0.0,True,,,"{""suspicious"": false, ""typology"": null, ""rationale"": ""mock: benign""}"
pilot,MOCK,xai_grok,grok-4.5,xai,xai,v_fatf,0,B-genuine_trade_finance-m-011,benign,,medium,benign:genuine_trade_finance,1758447072,0.0,2026-07-15T14:04:19.814937+00:00,1be3e8dffbf55330,99e631c8805e48aa3203d2eaa4c3cdad8883e2772b2e70dc243354a10ccac037,False,no_flag,,mock: benign,60,16,0.0,True,,,"{""suspicious"": false, ""typology"": null, ""rationale"": ""mock: benign""}"
pilot,MOCK,xai_grok,grok-4.5,xai,xai,v_fatf,0,B-genuine_trade_finance-m-012,benign,,medium,benign:genuine_trade_finance,956623152,0.0,2026-07-15T14:04:19.815884+00:00,cbfd1be8d7783220,99e631c8805e48aa3203d2eaa4c3cdad8883e2772b2e70dc243354a10ccac037,False,no_flag,,mock: benign,60,16,0.0,True,,,"{""suspicious"": false, ""typology"": null, ""rationale"": ""mock: benign""}"
pilot,MOCK,xai_grok,grok-4.5,xai,xai,v_fatf,0,B-loan_disbursement-e-000,benign,,easy,benign:loan_disbursement,771326158,0.0,2026-07-15T14:04:19.815970+00:00,21734fad644a1e43,99e631c8805e48aa3203d2eaa4c3cdad8883e2772b2e70dc243354a10ccac037,False,no_flag,,mock: benign,60,16,0.0,True,,,"{""suspicious"": false, ""typology"": null, ""rationale"": ""mock: benign""}"
pilot,MOCK,xai_grok,grok-4.5,xai,xai,v_fatf,0,B-loan_disbursement-e-002,benign,,easy,benign:loan_disbursement,1697661715,0.0,2026-07-15T14:04:19.816149+00:00,3d7c84c5ad76718b,99e631c8805e48aa3203d2eaa4c3cdad8883e2772b2e70dc243354a10ccac037,False,no_flag,,mock: benign,60,16,0.0,True,,,"{""suspicious"": false, ""typology"": null, ""rationale"": ""mock: benign""}"
pilot,MOCK,xai_grok,grok-4.5,xai,xai,v_fatf,0,B-loan_disbursement-e-006,benign,,easy,benign:loan_disbursement,1868069804,0.0,2026-07-15T14:04:19.816173+00:00,baf9e5832b96e981,99e631c8805e48aa3203d2eaa4c3cdad8883e2772b2e70dc243354a10ccac037,False,no_flag,,mock: benign,60,16,0.0,True,,,"{""suspicious"": false, ""typology"": null, ""rationale"": ""mock: benign""}"
pilot,MOCK,xai_grok,grok-4.5,xai,xai,v_fatf,0,B-loan_disbursement-e-008,benign,,easy,benign:loan_disbursement,1409372505,0.0,2026-07-15T14:04:19.816227+00:00,df41455f022c724b,99e631c8805e48aa3203d2eaa4c3cdad8883e2772b2e70dc243354a10ccac037,False,no_flag,,mock: benign,60,16,0.0,True,,,"{""suspicious"": false, ""typology"": null, ""rationale"": ""mock: benign""}"
pilot,MOCK,xai_grok,grok-4.5,xai,xai,v_fatf,0,B-loan_disbursement-e-011,benign,,easy,benign:loan_disbursement,1107894842,0.0,2026-07-15T14:04:19.817049+00:00,4843322add9b4f3d,99e631c8805e48aa3203d2eaa4c3cdad8883e2772b2e70dc243354a10ccac037,False,no_flag,,mock: benign,60,16,0.0,True,,,"{""suspicious"": false, ""typology"": null, ""rationale"": ""mock: benign""}"
pilot,MOCK,xai_grok,grok-4.5,xai,xai,v_fatf,0,B-loan_disbursement-h-004,benign,,hard,benign:loan_disbursement,675396609,0.0,2026-07-15T14:04:19.817347+00:00,4c8009bc7e15efe5,99e631c8805e48aa3203d2eaa4c3cdad8883e2772b2e70dc243354a10ccac037,False,no_flag,,mock: benign,60,16,0.0,True,,,"{""suspicious"": false, ""typology"": null, ""rationale"": ""mock: benign""}"
pilot,MOCK,xai_grok,grok-4.5,xai,xai,v_fatf,0,B-loan_disbursement-h-000,benign,,hard,benign:loan_disbursement,1330550275,0.0,2026-07-15T14:04:19.817410+00:00,8a3ebf5d60a57e92,99e631c8805e48aa3203d2eaa4c3cdad8883e2772b2e70dc243354a10ccac037,False,no_flag,,mock: benign,60,16,0.0,True,,,"{""suspicious"": false, ""typology"": null, ""rationale"": ""mock: benign""}"
pilot,MOCK,xai_grok,grok-4.5,xai,xai,v_fatf,0,B-loan_disbursement-h-005,benign,,hard,benign:loan_disbursement,692673109,0.0,2026-07-15T14:04:19.817437+00:00,b0a7e1265422344d,99e631c8805e48aa3203d2eaa4c3cdad8883e2772b2e70dc243354a10ccac037,False,no_flag,,mock: benign,60,16,0.0,True,,,"{""suspicious"": false, ""typology"": null, ""rationale"": ""mock: benign""}"
pilot,MOCK,xai_grok,grok-4.5,xai,xai,v_fatf,0,B-loan_disbursement-h-009,benign,,hard,benign:loan_disbursement,469291915,0.0,2026-07-15T14:04:19.817460+00:00,9f2e50412b13b061,99e631c8805e48aa3203d2eaa4c3cdad8883e2772b2e70dc243354a10ccac037,False,no_flag,,mock: benign,60,16,0.0,True,,,"{""suspicious"": false, ""typology"": null, ""rationale"": ""mock: benign""}"
pilot,MOCK,xai_grok,grok-4.5,xai,xai,v_fatf,0,B-loan_disbursement-m-005,benign,,medium,benign:loan_disbursement,1715535027,0.0,2026-07-15T14:04:19.818135+00:00,5403941aeecc9850,99e631c8805e48aa3203d2eaa4c3cdad8883e2772b2e70dc243354a10ccac037,False,no_flag,,mock: benign,60,16,0.0,True,,,"{""suspicious"": false, ""typology"": null, ""rationale"": ""mock: benign""}"
pilot,MOCK,xai_grok,grok-4.5,xai,xai,v_fatf,0,B-loan_disbursement-m-008,benign,,medium,benign:loan_disbursement,1289971357,0.0,2026-07-15T14:04:19.818279+00:00,56b3e59f94daa19d,99e631c8805e48aa3203d2eaa4c3cdad8883e2772b2e70dc243354a10ccac037,False,no_flag,,mock: benign,60,16,0.0,True,,,"{""suspicious"": false, ""typology"": null, ""rationale"": ""mock: benign""}"
pilot,MOCK,xai_grok,grok-4.5,xai,xai,v_fatf,0,B-loan_disbursement-m-006,benign,,medium,benign:loan_disbursement,222530265,0.0,2026-07-15T14:04:19.818490+00:00,98ec5440a773eefd,99e631c8805e48aa3203d2eaa4c3cdad8883e2772b2e70dc243354a10ccac037,False,no_flag,,mock: benign,60,16,0.0,True,,,"{""suspicious"": false, ""typology"": null, ""rationale"": ""mock: benign""}"
pilot,MOCK,xai_grok,grok-4.5,xai,xai,v_fatf,0,B-loan_disbursement-m-010,benign,,medium,benign:loan_disbursement,716349936,0.0,2026-07-15T14:04:19.818603+00:00,a4bd89ef2d79bef4,99e631c8805e48aa3203d2eaa4c3cdad8883e2772b2e70dc243354a10ccac037,False,no_flag,,mock: benign,60,16,0.0,True,,,"{""suspicious"": false, ""typology"": null, ""rationale"": ""mock: benign""}"
pilot,MOCK,xai_grok,grok-4.5,xai,xai,v_fatf,0,B-marketplace_payouts-e-000,benign,,easy,benign:marketplace_payouts,2066462191,0.0,2026-07-15T14:04:19.818718+00:00,5663e33f12720973,99e631c8805e48aa3203d2eaa4c3cdad8883e2772b2e70dc243354a10ccac037,False,no_flag,,mock: benign,60,16,0.0,True,,,"{""suspicious"": false, ""typology"": null, ""rationale"": ""mock: benign""}"
pilot,MOCK,xai_grok,grok-4.5,xai,xai,v_fatf,0,B-loan_disbursement-m-012,benign,,medium,benign:loan_disbursement,1320653165,0.0,2026-07-15T14:04:19.819619+00:00,767bd6e6902ce320,99e631c8805e48aa3203d2eaa4c3cdad8883e2772b2e70dc243354a10ccac037,False,no_flag,,mock: benign,60,16,0.0,True,,,"{""suspicious"": false, ""typology"": null, ""rationale"": ""mock: benign""}"
pilot,MOCK,xai_grok,grok-4.5,xai,xai,v_fatf,0,B-loan_disbursement-m-007,benign,,medium,benign:loan_disbursement,69321426,0.0,2026-07-15T14:04:19.819656+00:00,e35f7cd6092e0912,99e631c8805e48aa3203d2eaa4c3cdad8883e2772b2e70dc243354a10ccac037,False,no_flag,,mock: benign,60,16,0.0,True,,,"{""suspicious"": false, ""typology"": null, ""rationale"": ""mock: benign""}"
pilot,MOCK,xai_grok,grok-4.5,xai,xai,v_fatf,0,B-marketplace_payouts-e-003,benign,,easy,benign:marketplace_payouts,1929340821,0.0,2026-07-15T14:04:19.819788+00:00,3b3ce83a51bb7026,99e631c8805e48aa3203d2eaa4c3cdad8883e2772b2e70dc243354a10ccac037,False,no_flag,,mock: benign,60,16,0.0,True,,,"{""suspicious"": false, ""typology"": null, ""rationale"": ""mock: benign""}"
pilot,MOCK,xai_grok,grok-4.5,xai,xai,v_fatf,0,B-marketplace_payouts-e-004,benign,,easy,benign:marketplace_payouts,1160661034,0.0,2026-07-15T14:04:19.819929+00:00,b040bc916749a437,99e631c8805e48aa3203d2eaa4c3cdad8883e2772b2e70dc243354a10ccac037,False,no_flag,,mock: benign,60,16,0.0,True,,,"{""suspicious"": false, ""typology"": null, ""rationale"": ""mock: benign""}"
pilot,MOCK,xai_grok,grok-4.5,xai,xai,v_fatf,0,B-marketplace_payouts-e-008,benign,,easy,benign:marketplace_payouts,939458067,0.0,2026-07-15T14:04:19.819964+00:00,6e4ec420086f7004,99e631c8805e48aa3203d2eaa4c3cdad8883e2772b2e70dc243354a10ccac037,False,no_flag,,mock: benign,60,16,0.0,True,,,"{""suspicious"": false, ""typology"": null, ""rationale"": ""mock: benign""}"
pilot,MOCK,xai_grok,grok-4.5,xai,xai,v_fatf,0,B-marketplace_payouts-e-011,benign,,easy,benign:marketplace_payouts,534013484,0.0,2026-07-15T14:04:19.820700+00:00,25f45e8ff9ebcbc6,99e631c8805e48aa3203d2eaa4c3cdad8883e2772b2e70dc243354a10ccac037,False,no_flag,,mock: benign,60,16,0.0,True,,,"{""suspicious"": false, ""typology"": null, ""rationale"": ""mock: benign""}"
pilot,MOCK,xai_grok,grok-4.5,xai,xai,v_fatf,0,B-marketplace_payouts-h-004,benign,,hard,benign:marketplace_payouts,1352961968,0.0,2026-07-15T14:04:19.820855+00:00,c47677419a08d569,7039235a86e0ed6569a588368ac0e6a2b0d43f7b94a6e5387f588533e311a5da,True,flag,structuring,mock: flag(benign),60,16,0.0,True,,,"{""suspicious"": true, ""typology"": ""structuring"", ""rationale"": ""mock: flag(benign)""}"
pilot,MOCK,xai_grok,grok-4.5,xai,xai,v_fatf,0,B-marketplace_payouts-h-008,benign,,hard,benign:marketplace_payouts,1172001937,0.0,2026-07-15T14:04:19.821002+00:00,3d9a6392c787832f,7039235a86e0ed6569a588368ac0e6a2b0d43f7b94a6e5387f588533e311a5da,True,flag,structuring,mock: flag(benign),60,16,0.0,True,,,"{""suspicious"": true, ""typology"": ""structuring"", ""rationale"": ""mock: flag(benign)""}"
pilot,MOCK,xai_grok,grok-4.5,xai,xai,v_fatf,0,B-marketplace_payouts-h-009,benign,,hard,benign:marketplace_payouts,1521723653,0.0,2026-07-15T14:04:19.821038+00:00,10ecd3b90a91a571,7039235a86e0ed6569a588368ac0e6a2b0d43f7b94a6e5387f588533e311a5da,True,flag,structuring,mock: flag(benign),60,16,0.0,True,,,"{""suspicious"": true, ""typology"": ""structuring"", ""rationale"": ""mock: flag(benign)""}"
pilot,MOCK,xai_grok,grok-4.5,xai,xai,v_fatf,0,B-marketplace_payouts-h-010,benign,,hard,benign:marketplace_payouts,1234844134,0.0,2026-07-15T14:04:19.821061+00:00,17c691d3440fce5b,99e631c8805e48aa3203d2eaa4c3cdad8883e2772b2e70dc243354a10ccac037,False,no_flag,,mock: benign,60,16,0.0,True,,,"{""suspicious"": false, ""typology"": null, ""rationale"": ""mock: benign""}"
pilot,MOCK,xai_grok,grok-4.5,xai,xai,v_fatf,0,B-marketplace_payouts-m-000,benign,,medium,benign:marketplace_payouts,1044916758,0.0,2026-07-15T14:04:19.821971+00:00,c7e638b1ea3184ce,99e631c8805e48aa3203d2eaa4c3cdad8883e2772b2e70dc243354a10ccac037,False,no_flag,,mock: benign,60,16,0.0,True,,,"{""suspicious"": false, ""typology"": null, ""rationale"": ""mock: benign""}"
pilot,MOCK,xai_grok,grok-4.5,xai,xai,v_fatf,0,B-marketplace_payouts-m-002,benign,,medium,benign:marketplace_payouts,210064580,0.0,2026-07-15T14:04:19.822329+00:00,4cc739ec1b8324b5,99e631c8805e48aa3203d2eaa4c3cdad8883e2772b2e70dc243354a10ccac037,False,no_flag,,mock: benign,60,16,0.0,True,,,"{""suspicious"": false, ""typology"": null, ""rationale"": ""mock: benign""}"
pilot,MOCK,xai_grok,grok-4.5,xai,xai,v_fatf,0,B-marketplace_payouts-m-003,benign,,medium,benign:marketplace_payouts,1924714495,0.0,2026-07-15T14:04:19.822391+00:00,5b6486bb59dc0be6,99e631c8805e48aa3203d2eaa4c3cdad8883e2772b2e70dc243354a10ccac037,False,no_flag,,mock: benign,60,16,0.0,True,,,"{""suspicious"": false, ""typology"": null, ""rationale"": ""mock: benign""}"
pilot,MOCK,xai_grok,grok-4.5,xai,xai,v_fatf,0,B-marketplace_payouts-m-005,benign,,medium,benign:marketplace_payouts,1590855266,0.0,2026-07-15T14:04:19.822409+00:00,0f3a1a2df1d5eed5,99e631c8805e48aa3203d2eaa4c3cdad8883e2772b2e70dc243354a10ccac037,False,no_flag,,mock: benign,60,16,0.0,True,,,"{""suspicious"": false, ""typology"": null, ""rationale"": ""mock: benign""}"
pilot,MOCK,xai_grok,grok-4.5,xai,xai,v_fatf,0,B-marketplace_payouts-m-007,benign,,medium,benign:marketplace_payouts,922126366,0.0,2026-07-15T14:04:19.822431+00:00,76b2873e1fbdb9c3,99e631c8805e48aa3203d2eaa4c3cdad8883e2772b2e70dc243354a10ccac037,False,no_flag,,mock: benign,60,16,0.0,True,,,"{""suspicious"": false, ""typology"": null, ""rationale"": ""mock: benign""}"
pilot,MOCK,xai_grok,grok-4.5,xai,xai,v_fatf,0,B-marketplace_payouts-m-010,benign,,medium,benign:marketplace_payouts,736687451,0.0,2026-07-15T14:04:19.823065+00:00,9479ca118b3a4571,99e631c8805e48aa3203d2eaa4c3cdad8883e2772b2e70dc243354a10ccac037,False,no_flag,,mock: benign,60,16,0.0,True,,,"{""suspicious"": false, ""typology"": null, ""rationale"": ""mock: benign""}"
pilot,MOCK,xai_grok,grok-4.5,xai,xai,v_fatf,0,B-payroll_fanout-e-001,benign,,easy,benign:payroll_fanout,734131083,0.0,2026-07-15T14:04:19.823330+00:00,7fb2fa1a55977874,99e631c8805e48aa3203d2eaa4c3cdad8883e2772b2e70dc243354a10ccac037,False,no_flag,,mock: benign,60,16,0.0,True,,,"{""suspicious"": false, ""typology"": null, ""rationale"": ""mock: benign""}"
pilot,MOCK,xai_grok,grok-4.5,xai,xai,v_fatf,0,B-payroll_fanout-e-003,benign,,easy,benign:payroll_fanout,1861653032,0.0,2026-07-15T14:04:19.823352+00:00,deeeccd9cb0145cd,99e631c8805e48aa3203d2eaa4c3cdad8883e2772b2e70dc243354a10ccac037,False,no_flag,,mock: benign,60,16,0.0,True,,,"{""suspicious"": false, ""typology"": null, ""rationale"": ""mock: benign""}"
pilot,MOCK,xai_grok,grok-4.5,xai,xai,v_fatf,0,B-payroll_fanout-e-006,benign,,easy,benign:payroll_fanout,277832043,0.0,2026-07-15T14:04:19.823376+00:00,99260457155dc130,99e631c8805e48aa3203d2eaa4c3cdad8883e2772b2e70dc243354a10ccac037,False,no_flag,,mock: benign,60,16,0.0,True,,,"{""suspicious"": false, ""typology"": null, ""rationale"": ""mock: benign""}"
pilot,MOCK,xai_grok,grok-4.5,xai,xai,v_fatf,0,B-payroll_fanout-e-008,benign,,easy,benign:payroll_fanout,28153108,0.0,2026-07-15T14:04:19.823398+00:00,b963a9da7e25a487,99e631c8805e48aa3203d2eaa4c3cdad8883e2772b2e70dc243354a10ccac037,False,no_flag,,mock: benign,60,16,0.0,True,,,"{""suspicious"": false, ""typology"": null, ""rationale"": ""mock: benign""}"
pilot,MOCK,xai_grok,grok-4.5,xai,xai,v_fatf,0,B-payroll_fanout-h-000,benign,,hard,benign:payroll_fanout,580867604,0.0,2026-07-15T14:04:19.824169+00:00,320912916c3a0416,99e631c8805e48aa3203d2eaa4c3cdad8883e2772b2e70dc243354a10ccac037,False,no_flag,,mock: benign,60,16,0.0,True,,,"{""suspicious"": false, ""typology"": null, ""rationale"": ""mock: benign""}"
pilot,MOCK,xai_grok,grok-4.5,xai,xai,v_fatf,0,B-payroll_fanout-e-009,benign,,easy,benign:payroll_fanout,201872332,0.0,2026-07-15T14:04:19.824231+00:00,f08ca73f945d8835,99e631c8805e48aa3203d2eaa4c3cdad8883e2772b2e70dc243354a10ccac037,False,no_flag,,mock: benign,60,16,0.0,True,,,"{""suspicious"": false, ""typology"": null, ""rationale"": ""mock: benign""}"
pilot,MOCK,xai_grok,grok-4.5,xai,xai,v_fatf,0,B-payroll_fanout-h-002,benign,,hard,benign:payroll_fanout,1591467808,0.0,2026-07-15T14:04:19.824286+00:00,4e26f7634de83b74,99e631c8805e48aa3203d2eaa4c3cdad8883e2772b2e70dc243354a10ccac037,False,no_flag,,mock: benign,60,16,0.0,True,,,"{""suspicious"": false, ""typology"": null, ""rationale"": ""mock: benign""}"
pilot,MOCK,xai_grok,grok-4.5,xai,xai,v_fatf,0,B-payroll_fanout-h-003,benign,,hard,benign:payroll_fanout,2085437246,0.0,2026-07-15T14:04:19.824428+00:00,db5ebfaf8c3026c3,99e631c8805e48aa3203d2eaa4c3cdad8883e2772b2e70dc243354a10ccac037,False,no_flag,,mock: benign,60,16,0.0,True,,,"{""suspicious"": false, ""typology"": null, ""rationale"": ""mock: benign""}"
pilot,MOCK,xai_grok,grok-4.5,xai,xai,v_fatf,0,B-payroll_fanout-h-010,benign,,hard,benign:payroll_fanout,700508607,0.0,2026-07-15T14:04:19.824494+00:00,105c92709544526f,99e631c8805e48aa3203d2eaa4c3cdad8883e2772b2e70dc243354a10ccac037,False,no_flag,,mock: benign,60,16,0.0,True,,,"{""suspicious"": false, ""typology"": null, ""rationale"": ""mock: benign""}"
pilot,MOCK,xai_grok,grok-4.5,xai,xai,v_fatf,0,B-payroll_fanout-m-000,benign,,medium,benign:payroll_fanout,1659189778,0.0,2026-07-15T14:04:19.825166+00:00,e06f6fad72e820a6,99e631c8805e48aa3203d2eaa4c3cdad8883e2772b2e70dc243354a10ccac037,False,no_flag,,mock: benign,60,16,0.0,True,,,"{""suspicious"": false, ""typology"": null, ""rationale"": ""mock: benign""}"
pilot,MOCK,xai_grok,grok-4.5,xai,xai,v_fatf,0,B-payroll_fanout-m-005,benign,,medium,benign:payroll_fanout,1654048490,0.0,2026-07-15T14:04:19.825210+00:00,061f9b8b394a0228,99e631c8805e48aa3203d2eaa4c3cdad8883e2772b2e70dc243354a10ccac037,False,no_flag,,mock: benign,60,16,0.0,True,,,"{""suspicious"": false, ""typology"": null, ""rationale"": ""mock: benign""}"
pilot,MOCK,xai_grok,grok-4.5,xai,xai,v_fatf,0,B-payroll_fanout-m-006,benign,,medium,benign:payroll_fanout,833412293,0.0,2026-07-15T14:04:19.825352+00:00,e41e0e1c999a15ef,99e631c8805e48aa3203d2eaa4c3cdad8883e2772b2e70dc243354a10ccac037,False,no_flag,,mock: benign,60,16,0.0,True,,,"{""suspicious"": false, ""typology"": null, ""rationale"": ""mock: benign""}"
pilot,MOCK,xai_grok,grok-4.5,xai,xai,v_fatf,0,B-payroll_fanout-m-008,benign,,medium,benign:payroll_fanout,592681844,0.0,2026-07-15T14:04:19.825419+00:00,bc2604ec29481164,99e631c8805e48aa3203d2eaa4c3cdad8883e2772b2e70dc243354a10ccac037,False,no_flag,,mock: benign,60,16,0.0,True,,,"{""suspicious"": false, ""typology"": null, ""rationale"": ""mock: benign""}"
pilot,MOCK,xai_grok,grok-4.5,xai,xai,v_fatf,0,B-payroll_fanout-m-011,benign,,medium,benign:payroll_fanout,256893479,0.0,2026-07-15T14:04:19.825484+00:00,a2afb68bd5cf0616,99e631c8805e48aa3203d2eaa4c3cdad8883e2772b2e70dc243354a10ccac037,False,no_flag,,mock: benign,60,16,0.0,True,,,"{""suspicious"": false, ""typology"": null, ""rationale"": ""mock: benign""}"
pilot,MOCK,xai_grok,grok-4.5,xai,xai,v_fatf,0,B-payroll_fanout-m-012,benign,,medium,benign:payroll_fanout,1941928271,0.0,2026-07-15T14:04:19.826284+00:00,b7fbc27df8066945,99e631c8805e48aa3203d2eaa4c3cdad8883e2772b2e70dc243354a10ccac037,False,no_flag,,mock: benign,60,16,0.0,True,,,"{""suspicious"": false, ""typology"": null, ""rationale"": ""mock: benign""}"
pilot,MOCK,xai_grok,grok-4.5,xai,xai,v_fatf,0,B-remittance_corridor-e-000,benign,,easy,benign:remittance_corridor,1228310763,0.0,2026-07-15T14:04:19.826668+00:00,c595ea37777799e0,99e631c8805e48aa3203d2eaa4c3cdad8883e2772b2e70dc243354a10ccac037,False,no_flag,,mock: benign,60,16,0.0,True,,,"{""suspicious"": false, ""typology"": null, ""rationale"": ""mock: benign""}"
pilot,MOCK,xai_grok,grok-4.5,xai,xai,v_fatf,0,B-remittance_corridor-e-007,benign,,easy,benign:remittance_corridor,1321863017,0.0,2026-07-15T14:04:19.826729+00:00,16ae8129228ce16a,99e631c8805e48aa3203d2eaa4c3cdad8883e2772b2e70dc243354a10ccac037,False,no_flag,,mock: benign,60,16,0.0,True,,,"{""suspicious"": false, ""typology"": null, ""rationale"": ""mock: benign""}"
pilot,MOCK,xai_grok,grok-4.5,xai,xai,v_fatf,0,B-remittance_corridor-e-009,benign,,easy,benign:remittance_corridor,1727700541,0.0,2026-07-15T14:04:19.826794+00:00,6152352a3ee4f59d,99e631c8805e48aa3203d2eaa4c3cdad8883e2772b2e70dc243354a10ccac037,False,no_flag,,mock: benign,60,16,0.0,True,,,"{""suspicious"": false, ""typology"": null, ""rationale"": ""mock: benign""}"
pilot,MOCK,xai_grok,grok-4.5,xai,xai,v_fatf,0,B-remittance_corridor-e-010,benign,,easy,benign:remittance_corridor,774349486,0.0,2026-07-15T14:04:19.826832+00:00,96e40843b0261d46,99e631c8805e48aa3203d2eaa4c3cdad8883e2772b2e70dc243354a10ccac037,False,no_flag,,mock: benign,60,16,0.0,True,,,"{""suspicious"": false, ""typology"": null, ""rationale"": ""mock: benign""}"
pilot,MOCK,xai_grok,grok-4.5,xai,xai,v_fatf,0,B-remittance_corridor-e-011,benign,,easy,benign:remittance_corridor,838791850,0.0,2026-07-15T14:04:19.827742+00:00,d225096579459d49,99e631c8805e48aa3203d2eaa4c3cdad8883e2772b2e70dc243354a10ccac037,False,no_flag,,mock: benign,60,16,0.0,True,,,"{""suspicious"": false, ""typology"": null, ""rationale"": ""mock: benign""}"
pilot,MOCK,xai_grok,grok-4.5,xai,xai,v_fatf,0,B-remittance_corridor-h-001,benign,,hard,benign:remittance_corridor,1370207283,0.0,2026-07-15T14:04:19.828001+00:00,b4fdddd7093cba1d,7039235a86e0ed6569a588368ac0e6a2b0d43f7b94a6e5387f588533e311a5da,True,flag,structuring,mock: flag(benign),60,16,0.0,True,,,"{""suspicious"": true, ""typology"": ""structuring"", ""rationale"": ""mock: flag(benign)""}"
pilot,MOCK,xai_grok,grok-4.5,xai,xai,v_fatf,0,B-remittance_corridor-h-002,benign,,hard,benign:remittance_corridor,337453260,0.0,2026-07-15T14:04:19.828025+00:00,aaad02749155f101,99e631c8805e48aa3203d2eaa4c3cdad8883e2772b2e70dc243354a10ccac037,False,no_flag,,mock: benign,60,16,0.0,True,,,"{""suspicious"": false, ""typology"": null, ""rationale"": ""mock: benign""}"
pilot,MOCK,xai_grok,grok-4.5,xai,xai,v_fatf,0,B-remittance_corridor-h-009,benign,,hard,benign:remittance_corridor,527442746,0.0,2026-07-15T14:04:19.828049+00:00,fd1898dc1914d147,99e631c8805e48aa3203d2eaa4c3cdad8883e2772b2e70dc243354a10ccac037,False,no_flag,,mock: benign,60,16,0.0,True,,,"{""suspicious"": false, ""typology"": null, ""rationale"": ""mock: benign""}"
pilot,MOCK,xai_grok,grok-4.5,xai,xai,v_fatf,0,B-remittance_corridor-h-010,benign,,hard,benign:remittance_corridor,1571006466,0.0,2026-07-15T14:04:19.828071+00:00,7cd764a2f64d0121,7039235a86e0ed6569a588368ac0e6a2b0d43f7b94a6e5387f588533e311a5da,True,flag,structuring,mock: flag(benign),60,16,0.0,True,,,"{""suspicious"": true, ""typology"": ""structuring"", ""rationale"": ""mock: flag(benign)""}"
pilot,MOCK,xai_grok,grok-4.5,xai,xai,v_fatf,0,B-remittance_corridor-m-007,benign,,medium,benign:remittance_corridor,372933656,0.0,2026-07-15T14:04:19.829097+00:00,4d5e8c1d39d9da71,99e631c8805e48aa3203d2eaa4c3cdad8883e2772b2e70dc243354a10ccac037,False,no_flag,,mock: benign,60,16,0.0,True,,,"{""suspicious"": false, ""typology"": null, ""rationale"": ""mock: benign""}"
pilot,MOCK,xai_grok,grok-4.5,xai,xai,v_fatf,0,B-remittance_corridor-m-003,benign,,medium,benign:remittance_corridor,1866697139,0.0,2026-07-15T14:04:19.829124+00:00,e658b357690c48e6,99e631c8805e48aa3203d2eaa4c3cdad8883e2772b2e70dc243354a10ccac037,False,no_flag,,mock: benign,60,16,0.0,True,,,"{""suspicious"": false, ""typology"": null, ""rationale"": ""mock: benign""}"
pilot,MOCK,xai_grok,grok-4.5,xai,xai,v_fatf,0,B-remittance_corridor-m-004,benign,,medium,benign:remittance_corridor,951114418,0.0,2026-07-15T14:04:19.829149+00:00,d38e19c5f1358fab,99e631c8805e48aa3203d2eaa4c3cdad8883e2772b2e70dc243354a10ccac037,False,no_flag,,mock: benign,60,16,0.0,True,,,"{""suspicious"": false, ""typology"": null, ""rationale"": ""mock: benign""}"
pilot,MOCK,xai_grok,grok-4.5,xai,xai,v_fatf,0,B-remittance_corridor-m-002,benign,,medium,benign:remittance_corridor,1979741718,0.0,2026-07-15T14:04:19.829173+00:00,0d0eef3668a2a0a8,99e631c8805e48aa3203d2eaa4c3cdad8883e2772b2e70dc243354a10ccac037,False,no_flag,,mock: benign,60,16,0.0,True,,,"{""suspicious"": false, ""typology"": null, ""rationale"": ""mock: benign""}"
pilot,MOCK,xai_grok,grok-4.5,xai,xai,v_fatf,0,B-retail_settlement-e-004,benign,,easy,benign:retail_settlement,466138769,0.0,2026-07-15T14:04:19.829347+00:00,6afd943b2f0de134,99e631c8805e48aa3203d2eaa4c3cdad8883e2772b2e70dc243354a10ccac037,False,no_flag,,mock: benign,60,16,0.0,True,,,"{""suspicious"": false, ""typology"": null, ""rationale"": ""mock: benign""}"
pilot,MOCK,xai_grok,grok-4.5,xai,xai,v_fatf,0,B-remittance_corridor-m-011,benign,,medium,benign:remittance_corridor,1526616848,0.0,2026-07-15T14:04:19.830127+00:00,7d1e08cdb85f24e4,99e631c8805e48aa3203d2eaa4c3cdad8883e2772b2e70dc243354a10ccac037,False,no_flag,,mock: benign,60,16,0.0,True,,,"{""suspicious"": false, ""typology"": null, ""rationale"": ""mock: benign""}"
pilot,MOCK,xai_grok,grok-4.5,xai,xai,v_fatf,0,B-remittance_corridor-m-012,benign,,medium,benign:remittance_corridor,1600422008,0.0,2026-07-15T14:04:19.830152+00:00,3931531383f35b67,99e631c8805e48aa3203d2eaa4c3cdad8883e2772b2e70dc243354a10ccac037,False,no_flag,,mock: benign,60,16,0.0,True,,,"{""suspicious"": false, ""typology"": null, ""rationale"": ""mock: benign""}"
pilot,MOCK,xai_grok,grok-4.5,xai,xai,v_fatf,0,B-retail_settlement-e-005,benign,,easy,benign:retail_settlement,1660169942,0.0,2026-07-15T14:04:19.830280+00:00,ecf9e11020a9fcfc,99e631c8805e48aa3203d2eaa4c3cdad8883e2772b2e70dc243354a10ccac037,False,no_flag,,mock: benign,60,16,0.0,True,,,"{""suspicious"": false, ""typology"": null, ""rationale"": ""mock: benign""}"
pilot,MOCK,xai_grok,grok-4.5,xai,xai,v_fatf,0,B-retail_settlement-e-006,benign,,easy,benign:retail_settlement,1630066957,0.0,2026-07-15T14:04:19.830415+00:00,783aefbcbb8dae0a,99e631c8805e48aa3203d2eaa4c3cdad8883e2772b2e70dc243354a10ccac037,False,no_flag,,mock: benign,60,16,0.0,True,,,"{""suspicious"": false, ""typology"": null, ""rationale"": ""mock: benign""}"
pilot,MOCK,xai_grok,grok-4.5,xai,xai,v_fatf,0,B-retail_settlement-e-007,benign,,easy,benign:retail_settlement,93761535,0.0,2026-07-15T14:04:19.830436+00:00,afb94db28fa3f205,99e631c8805e48aa3203d2eaa4c3cdad8883e2772b2e70dc243354a10ccac037,False,no_flag,,mock: benign,60,16,0.0,True,,,"{""suspicious"": false, ""typology"": null, ""rationale"": ""mock: benign""}"
pilot,MOCK,xai_grok,grok-4.5,xai,xai,v_fatf,0,B-retail_settlement-e-009,benign,,easy,benign:retail_settlement,1618555120,0.0,2026-07-15T14:04:19.831218+00:00,eb6878c38e94f508,99e631c8805e48aa3203d2eaa4c3cdad8883e2772b2e70dc243354a10ccac037,False,no_flag,,mock: benign,60,16,0.0,True,,,"{""suspicious"": false, ""typology"": null, ""rationale"": ""mock: benign""}"
pilot,MOCK,xai_grok,grok-4.5,xai,xai,v_fatf,0,B-retail_settlement-h-000,benign,,hard,benign:retail_settlement,1513443039,0.0,2026-07-15T14:04:19.831589+00:00,6886876695c8fc19,7039235a86e0ed6569a588368ac0e6a2b0d43f7b94a6e5387f588533e311a5da,True,flag,structuring,mock: flag(benign),60,16,0.0,True,,,"{""suspicious"": true, ""typology"": ""structuring"", ""rationale"": ""mock: flag(benign)""}"
pilot,MOCK,xai_grok,grok-4.5,xai,xai,v_fatf,0,B-retail_settlement-h-001,benign,,hard,benign:retail_settlement,515534461,0.0,2026-07-15T14:04:19.831647+00:00,b0fa8f01b9120754,7039235a86e0ed6569a588368ac0e6a2b0d43f7b94a6e5387f588533e311a5da,True,flag,structuring,mock: flag(benign),60,16,0.0,True,,,"{""suspicious"": true, ""typology"": ""structuring"", ""rationale"": ""mock: flag(benign)""}"
pilot,MOCK,xai_grok,grok-4.5,xai,xai,v_fatf,0,B-retail_settlement-h-005,benign,,hard,benign:retail_settlement,1013181178,0.0,2026-07-15T14:04:19.831672+00:00,a1ba4df9c4168f2d,99e631c8805e48aa3203d2eaa4c3cdad8883e2772b2e70dc243354a10ccac037,False,no_flag,,mock: benign,60,16,0.0,True,,,"{""suspicious"": false, ""typology"": null, ""rationale"": ""mock: benign""}"
pilot,MOCK,xai_grok,grok-4.5,xai,xai,v_fatf,0,B-retail_settlement-h-006,benign,,hard,benign:retail_settlement,649324270,0.0,2026-07-15T14:04:19.831693+00:00,defe855050260ec6,99e631c8805e48aa3203d2eaa4c3cdad8883e2772b2e70dc243354a10ccac037,False,no_flag,,mock: benign,60,16,0.0,True,,,"{""suspicious"": false, ""typology"": null, ""rationale"": ""mock: benign""}"
pilot,MOCK,xai_grok,grok-4.5,xai,xai,v_fatf,0,B-retail_settlement-m-000,benign,,medium,benign:retail_settlement,1458209492,0.0,2026-07-15T14:04:19.832363+00:00,60c109ebc71bfd84,99e631c8805e48aa3203d2eaa4c3cdad8883e2772b2e70dc243354a10ccac037,False,no_flag,,mock: benign,60,16,0.0,True,,,"{""suspicious"": false, ""typology"": null, ""rationale"": ""mock: benign""}"
pilot,MOCK,xai_grok,grok-4.5,xai,xai,v_fatf,0,B-retail_settlement-m-002,benign,,medium,benign:retail_settlement,1157739863,0.0,2026-07-15T14:04:19.832616+00:00,9d6507f495d06ffd,99e631c8805e48aa3203d2eaa4c3cdad8883e2772b2e70dc243354a10ccac037,False,no_flag,,mock: benign,60,16,0.0,True,,,"{""suspicious"": false, ""typology"": null, ""rationale"": ""mock: benign""}"
pilot,MOCK,xai_grok,grok-4.5,xai,xai,v_fatf,0,B-retail_settlement-m-009,benign,,medium,benign:retail_settlement,372675530,0.0,2026-07-15T14:04:19.832639+00:00,5a44c94a5c17b8d0,99e631c8805e48aa3203d2eaa4c3cdad8883e2772b2e70dc243354a10ccac037,False,no_flag,,mock: benign,60,16,0.0,True,,,"{""suspicious"": false, ""typology"": null, ""rationale"": ""mock: benign""}"
pilot,MOCK,xai_grok,grok-4.5,xai,xai,v_fatf,0,B-retail_settlement-m-010,benign,,medium,benign:retail_settlement,695247902,0.0,2026-07-15T14:04:19.832660+00:00,e1ca8e7b569f3055,99e631c8805e48aa3203d2eaa4c3cdad8883e2772b2e70dc243354a10ccac037,False,no_flag,,mock: benign,60,16,0.0,True,,,"{""suspicious"": false, ""typology"": null, ""rationale"": ""mock: benign""}"
pilot,MOCK,xai_grok,grok-4.5,xai,xai,v_fatf,0,B-retail_settlement-m-011,benign,,medium,benign:retail_settlement,1956193536,0.0,2026-07-15T14:04:19.832682+00:00,febbf77d50383705,99e631c8805e48aa3203d2eaa4c3cdad8883e2772b2e70dc243354a10ccac037,False,no_flag,,mock: benign,60,16,0.0,True,,,"{""suspicious"": false, ""typology"": null, ""rationale"": ""mock: benign""}"
pilot,MOCK,xai_grok,grok-4.5,xai,xai,v_fatf,0,B-retail_settlement-m-014,benign,,medium,benign:retail_settlement,1410491961,0.0,2026-07-15T14:04:19.833631+00:00,7697b5f123deea60,99e631c8805e48aa3203d2eaa4c3cdad8883e2772b2e70dc243354a10ccac037,False,no_flag,,mock: benign,60,16,0.0,True,,,"{""suspicious"": false, ""typology"": null, ""rationale"": ""mock: benign""}"
pilot,MOCK,xai_grok,grok-4.5,xai,xai,v_fatf,0,B-subscription_billing-e-003,benign,,easy,benign:subscription_billing,1762384733,0.0,2026-07-15T14:04:19.833657+00:00,f1b87d08ae3dc9bb,99e631c8805e48aa3203d2eaa4c3cdad8883e2772b2e70dc243354a10ccac037,False,no_flag,,mock: benign,60,16,0.0,True,,,"{""suspicious"": false, ""typology"": null, ""rationale"": ""mock: benign""}"
pilot,MOCK,xai_grok,grok-4.5,xai,xai,v_fatf,0,B-subscription_billing-e-005,benign,,easy,benign:subscription_billing,369638334,0.0,2026-07-15T14:04:19.833680+00:00,e1145616da994730,99e631c8805e48aa3203d2eaa4c3cdad8883e2772b2e70dc243354a10ccac037,False,no_flag,,mock: benign,60,16,0.0,True,,,"{""suspicious"": false, ""typology"": null, ""rationale"": ""mock: benign""}"
pilot,MOCK,xai_grok,grok-4.5,xai,xai,v_fatf,0,B-subscription_billing-e-007,benign,,easy,benign:subscription_billing,1138869984,0.0,2026-07-15T14:04:19.833705+00:00,3d26afb45628e0a7,99e631c8805e48aa3203d2eaa4c3cdad8883e2772b2e70dc243354a10ccac037,False,no_flag,,mock: benign,60,16,0.0,True,,,"{""suspicious"": false, ""typology"": null, ""rationale"": ""mock: benign""}"
pilot,MOCK,xai_grok,grok-4.5,xai,xai,v_fatf,0,B-subscription_billing-e-008,benign,,easy,benign:subscription_billing,570915551,0.0,2026-07-15T14:04:19.833965+00:00,dff88b641e1b78fb,99e631c8805e48aa3203d2eaa4c3cdad8883e2772b2e70dc243354a10ccac037,False,no_flag,,mock: benign,60,16,0.0,True,,,"{""suspicious"": false, ""typology"": null, ""rationale"": ""mock: benign""}"
pilot,MOCK,xai_grok,grok-4.5,xai,xai,v_fatf,0,B-subscription_billing-e-009,benign,,easy,benign:subscription_billing,1749723673,0.0,2026-07-15T14:04:19.834779+00:00,a403bb7c72dc8862,99e631c8805e48aa3203d2eaa4c3cdad8883e2772b2e70dc243354a10ccac037,False,no_flag,,mock: benign,60,16,0.0,True,,,"{""suspicious"": false, ""typology"": null, ""rationale"": ""mock: benign""}"
pilot,MOCK,xai_grok,grok-4.5,xai,xai,v_fatf,0,B-subscription_billing-h-005,benign,,hard,benign:subscription_billing,1405900353,0.0,2026-07-15T14:04:19.834806+00:00,05afaae29d1628c2,7039235a86e0ed6569a588368ac0e6a2b0d43f7b94a6e5387f588533e311a5da,True,flag,structuring,mock: flag(benign),60,16,0.0,True,,,"{""suspicious"": true, ""typology"": ""structuring"", ""rationale"": ""mock: flag(benign)""}"
pilot,MOCK,xai_grok,grok-4.5,xai,xai,v_fatf,0,B-subscription_billing-h-004,benign,,hard,benign:subscription_billing,2127967710,0.0,2026-07-15T14:04:19.834879+00:00,8a6848236ab18df6,7039235a86e0ed6569a588368ac0e6a2b0d43f7b94a6e5387f588533e311a5da,True,flag,structuring,mock: flag(benign),60,16,0.0,True,,,"{""suspicious"": true, ""typology"": ""structuring"", ""rationale"": ""mock: flag(benign)""}"
pilot,MOCK,xai_grok,grok-4.5,xai,xai,v_fatf,0,B-subscription_billing-h-009,benign,,hard,benign:subscription_billing,1016366793,0.0,2026-07-15T14:04:19.834959+00:00,ec23f196abd7090e,7039235a86e0ed6569a588368ac0e6a2b0d43f7b94a6e5387f588533e311a5da,True,flag,structuring,mock: flag(benign),60,16,0.0,True,,,"{""suspicious"": true, ""typology"": ""structuring"", ""rationale"": ""mock: flag(benign)""}"
pilot,MOCK,xai_grok,grok-4.5,xai,xai,v_fatf,0,B-subscription_billing-m-002,benign,,medium,benign:subscription_billing,1850783678,0.0,2026-07-15T14:04:19.835134+00:00,ac660b822876061f,99e631c8805e48aa3203d2eaa4c3cdad8883e2772b2e70dc243354a10ccac037,False,no_flag,,mock: benign,60,16,0.0,True,,,"{""suspicious"": false, ""typology"": null, ""rationale"": ""mock: benign""}"
pilot,MOCK,xai_grok,grok-4.5,xai,xai,v_fatf,0,B-subscription_billing-h-010,benign,,hard,benign:subscription_billing,1313097671,0.0,2026-07-15T14:04:19.835803+00:00,e0708fb9cdbeba4b,99e631c8805e48aa3203d2eaa4c3cdad8883e2772b2e70dc243354a10ccac037,False,no_flag,,mock: benign,60,16,0.0,True,,,"{""suspicious"": false, ""typology"": null, ""rationale"": ""mock: benign""}"
pilot,MOCK,xai_grok,grok-4.5,xai,xai,v_fatf,0,B-subscription_billing-m-003,benign,,medium,benign:subscription_billing,615159155,0.0,2026-07-15T14:04:19.836180+00:00,d8f0e940be69d206,99e631c8805e48aa3203d2eaa4c3cdad8883e2772b2e70dc243354a10ccac037,False,no_flag,,mock: benign,60,16,0.0,True,,,"{""suspicious"": false, ""typology"": null, ""rationale"": ""mock: benign""}"
pilot,MOCK,xai_grok,grok-4.5,xai,xai,v_fatf,0,B-subscription_billing-m-006,benign,,medium,benign:subscription_billing,1891153933,0.0,2026-07-15T14:04:19.836251+00:00,ec8ae86ecf73a8f4,99e631c8805e48aa3203d2eaa4c3cdad8883e2772b2e70dc243354a10ccac037,False,no_flag,,mock: benign,60,16,0.0,True,,,"{""suspicious"": false, ""typology"": null, ""rationale"": ""mock: benign""}"
pilot,MOCK,xai_grok,grok-4.5,xai,xai,v_fatf,0,B-subscription_billing-m-007,benign,,medium,benign:subscription_billing,1194827784,0.0,2026-07-15T14:04:19.836271+00:00,0b3913a7f93bf668,99e631c8805e48aa3203d2eaa4c3cdad8883e2772b2e70dc243354a10ccac037,False,no_flag,,mock: benign,60,16,0.0,True,,,"{""suspicious"": false, ""typology"": null, ""rationale"": ""mock: benign""}"
pilot,MOCK,xai_grok,grok-4.5,xai,xai,v_fatf,0,B-subscription_billing-m-012,benign,,medium,benign:subscription_billing,1247647159,0.0,2026-07-15T14:04:19.836291+00:00,c87488deb1c1129f,99e631c8805e48aa3203d2eaa4c3cdad8883e2772b2e70dc243354a10ccac037,False,no_flag,,mock: benign,60,16,0.0,True,,,"{""suspicious"": false, ""typology"": null, ""rationale"": ""mock: benign""}"
pilot,MOCK,xai_grok,grok-4.5,xai,xai,v_fatf,0,B-subscription_billing-m-013,benign,,medium,benign:subscription_billing,1644245870,0.0,2026-07-15T14:04:19.837222+00:00,7f2e1f6c18d57bad,99e631c8805e48aa3203d2eaa4c3cdad8883e2772b2e70dc243354a10ccac037,False,no_flag,,mock: benign,60,16,0.0,True,,,"{""suspicious"": false, ""typology"": null, ""rationale"": ""mock: benign""}"
pilot,MOCK,xai_grok,grok-4.5,xai,xai,v_fatf,0,B-treasury_sweep-e-010,benign,,easy,benign:treasury_sweep,754661103,0.0,2026-07-15T14:04:19.837490+00:00,a5538bdef1b0a87b,99e631c8805e48aa3203d2eaa4c3cdad8883e2772b2e70dc243354a10ccac037,False,no_flag,,mock: benign,60,16,0.0,True,,,"{""suspicious"": false, ""typology"": null, ""rationale"": ""mock: benign""}"
pilot,MOCK,xai_grok,grok-4.5,xai,xai,v_fatf,0,B-treasury_sweep-e-000,benign,,easy,benign:treasury_sweep,1023582780,0.0,2026-07-15T14:04:19.837516+00:00,bd050d4a16b20e69,99e631c8805e48aa3203d2eaa4c3cdad8883e2772b2e70dc243354a10ccac037,False,no_flag,,mock: benign,60,16,0.0,True,,,"{""suspicious"": false, ""typology"": null, ""rationale"": ""mock: benign""}"
pilot,MOCK,xai_grok,grok-4.5,xai,xai,v_fatf,0,B-treasury_sweep-e-005,benign,,easy,benign:treasury_sweep,36325335,0.0,2026-07-15T14:04:19.837541+00:00,e555229cd11f955b,99e631c8805e48aa3203d2eaa4c3cdad8883e2772b2e70dc243354a10ccac037,False,no_flag,,mock: benign,60,16,0.0,True,,,"{""suspicious"": false, ""typology"": null, ""rationale"": ""mock: benign""}"
pilot,MOCK,xai_grok,grok-4.5,xai,xai,v_fatf,0,B-treasury_sweep-e-001,benign,,easy,benign:treasury_sweep,1541749576,0.0,2026-07-15T14:04:19.837566+00:00,cf60983429096900,99e631c8805e48aa3203d2eaa4c3cdad8883e2772b2e70dc243354a10ccac037,False,no_flag,,mock: benign,60,16,0.0,True,,,"{""suspicious"": false, ""typology"": null, ""rationale"": ""mock: benign""}"
pilot,MOCK,xai_grok,grok-4.5,xai,xai,v_fatf,0,B-treasury_sweep-e-011,benign,,easy,benign:treasury_sweep,1315274260,0.0,2026-07-15T14:04:19.839005+00:00,045ca43054c46e83,99e631c8805e48aa3203d2eaa4c3cdad8883e2772b2e70dc243354a10ccac037,False,no_flag,,mock: benign,60,16,0.0,True,,,"{""suspicious"": false, ""typology"": null, ""rationale"": ""mock: benign""}"
pilot,MOCK,xai_grok,grok-4.5,xai,xai,v_fatf,0,B-treasury_sweep-h-004,benign,,hard,benign:treasury_sweep,718552502,0.0,2026-07-15T14:04:19.839276+00:00,67a02fce0905daa0,7039235a86e0ed6569a588368ac0e6a2b0d43f7b94a6e5387f588533e311a5da,True,flag,structuring,mock: flag(benign),60,16,0.0,True,,,"{""suspicious"": true, ""typology"": ""structuring"", ""rationale"": ""mock: flag(benign)""}"
pilot,MOCK,xai_grok,grok-4.5,xai,xai,v_fatf,0,B-treasury_sweep-h-006,benign,,hard,benign:treasury_sweep,129094593,0.0,2026-07-15T14:04:19.839301+00:00,a4cbbbe085cd9477,7039235a86e0ed6569a588368ac0e6a2b0d43f7b94a6e5387f588533e311a5da,True,flag,structuring,mock: flag(benign),60,16,0.0,True,,,"{""suspicious"": true, ""typology"": ""structuring"", ""rationale"": ""mock: flag(benign)""}"
pilot,MOCK,xai_grok,grok-4.5,xai,xai,v_fatf,0,B-treasury_sweep-h-008,benign,,hard,benign:treasury_sweep,439866194,0.0,2026-07-15T14:04:19.839327+00:00,5d6116cd5203bd20,7039235a86e0ed6569a588368ac0e6a2b0d43f7b94a6e5387f588533e311a5da,True,flag,structuring,mock: flag(benign),60,16,0.0,True,,,"{""suspicious"": true, ""typology"": ""structuring"", ""rationale"": ""mock: flag(benign)""}"
pilot,MOCK,xai_grok,grok-4.5,xai,xai,v_fatf,0,B-treasury_sweep-h-009,benign,,hard,benign:treasury_sweep,1275343000,0.0,2026-07-15T14:04:19.839350+00:00,d1b04f3dcb6db723,7039235a86e0ed6569a588368ac0e6a2b0d43f7b94a6e5387f588533e311a5da,True,flag,structuring,mock: flag(benign),60,16,0.0,True,,,"{""suspicious"": true, ""typology"": ""structuring"", ""rationale"": ""mock: flag(benign)""}"
pilot,MOCK,xai_grok,grok-4.5,xai,xai,v_fatf,0,B-treasury_sweep-m-002,benign,,medium,benign:treasury_sweep,1446340222,0.0,2026-07-15T14:04:19.840243+00:00,e22e4b9d80f59939,99e631c8805e48aa3203d2eaa4c3cdad8883e2772b2e70dc243354a10ccac037,False,no_flag,,mock: benign,60,16,0.0,True,,,"{""suspicious"": false, ""typology"": null, ""rationale"": ""mock: benign""}"
pilot,MOCK,xai_grok,grok-4.5,xai,xai,v_fatf,0,B-treasury_sweep-m-000,benign,,medium,benign:treasury_sweep,754096666,0.0,2026-07-15T14:04:19.840298+00:00,72a00e33c478b21d,99e631c8805e48aa3203d2eaa4c3cdad8883e2772b2e70dc243354a10ccac037,False,no_flag,,mock: benign,60,16,0.0,True,,,"{""suspicious"": false, ""typology"": null, ""rationale"": ""mock: benign""}"
pilot,MOCK,xai_grok,grok-4.5,xai,xai,v_fatf,0,B-treasury_sweep-m-005,benign,,medium,benign:treasury_sweep,1481164936,0.0,2026-07-15T14:04:19.840362+00:00,4b592c42fc5c7116,99e631c8805e48aa3203d2eaa4c3cdad8883e2772b2e70dc243354a10ccac037,False,no_flag,,mock: benign,60,16,0.0,True,,,"{""suspicious"": false, ""typology"": null, ""rationale"": ""mock: benign""}"
pilot,MOCK,xai_grok,grok-4.5,xai,xai,v_fatf,0,B-treasury_sweep-m-008,benign,,medium,benign:treasury_sweep,952693055,0.0,2026-07-15T14:04:19.840404+00:00,dba7985a0f5ab417,99e631c8805e48aa3203d2eaa4c3cdad8883e2772b2e70dc243354a10ccac037,False,no_flag,,mock: benign,60,16,0.0,True,,,"{""suspicious"": false, ""typology"": null, ""rationale"": ""mock: benign""}"
pilot,MOCK,xai_grok,grok-4.5,xai,xai,v_fatf,0,B-treasury_sweep-m-012,benign,,medium,benign:treasury_sweep,789256065,0.0,2026-07-15T14:04:19.840551+00:00,5d2b5108b0cc6ad0,99e631c8805e48aa3203d2eaa4c3cdad8883e2772b2e70dc243354a10ccac037,False,no_flag,,mock: benign,60,16,0.0,True,,,"{""suspicious"": false, ""typology"": null, ""rationale"": ""mock: benign""}"
pilot,MOCK,xai_grok,grok-4.5,xai,xai,v_fatf,0,B-treasury_sweep-m-013,benign,,medium,benign:treasury_sweep,515844805,0.0,2026-07-15T14:04:19.841320+00:00,d6a0417dc0aef951,99e631c8805e48aa3203d2eaa4c3cdad8883e2772b2e70dc243354a10ccac037,False,no_flag,,mock: benign,60,16,0.0,True,,,"{""suspicious"": false, ""typology"": null, ""rationale"": ""mock: benign""}"
pilot,MOCK,xai_grok,grok-4.5,xai,xai,v_fatf,0,S-cash_intensive_front-e-000,suspicious,cash_intensive_front,easy,suspicious:cash_intensive_front,638801274,0.0,2026-07-15T14:04:19.841623+00:00,55f80358cff5068b,b23b6be7f12f6779d2bc557bf3fac8f39b1b72dc9baa138aada031806dc70945,True,flag,cash_intensive_front,mock: escalate,60,16,0.0,True,,,"{""suspicious"": true, ""typology"": ""cash_intensive_front"", ""rationale"": ""mock: escalate""}"
pilot,MOCK,xai_grok,grok-4.5,xai,xai,v_fatf,0,S-cash_intensive_front-e-001,suspicious,cash_intensive_front,easy,suspicious:cash_intensive_front,487471753,0.0,2026-07-15T14:04:19.841693+00:00,201e4ac84d0090c2,b23b6be7f12f6779d2bc557bf3fac8f39b1b72dc9baa138aada031806dc70945,True,flag,cash_intensive_front,mock: escalate,60,16,0.0,True,,,"{""suspicious"": true, ""typology"": ""cash_intensive_front"", ""rationale"": ""mock: escalate""}"
pilot,MOCK,xai_grok,grok-4.5,xai,xai,v_fatf,0,S-cash_intensive_front-e-003,suspicious,cash_intensive_front,easy,suspicious:cash_intensive_front,806225921,0.0,2026-07-15T14:04:19.841821+00:00,9d73c76636ae3bb7,b23b6be7f12f6779d2bc557bf3fac8f39b1b72dc9baa138aada031806dc70945,True,flag,cash_intensive_front,mock: escalate,60,16,0.0,True,,,"{""suspicious"": true, ""typology"": ""cash_intensive_front"", ""rationale"": ""mock: escalate""}"
pilot,MOCK,xai_grok,grok-4.5,xai,xai,v_fatf,0,S-cash_intensive_front-e-005,suspicious,cash_intensive_front,easy,suspicious:cash_intensive_front,1471327883,0.0,2026-07-15T14:04:19.841899+00:00,768227787480c0fe,b23b6be7f12f6779d2bc557bf3fac8f39b1b72dc9baa138aada031806dc70945,True,flag,cash_intensive_front,mock: escalate,60,16,0.0,True,,,"{""suspicious"": true, ""typology"": ""cash_intensive_front"", ""rationale"": ""mock: escalate""}"
pilot,MOCK,xai_grok,grok-4.5,xai,xai,v_fatf,0,S-cash_intensive_front-e-008,suspicious,cash_intensive_front,easy,suspicious:cash_intensive_front,715632950,0.0,2026-07-15T14:04:19.842700+00:00,ce5f2f71d520f2ed,b23b6be7f12f6779d2bc557bf3fac8f39b1b72dc9baa138aada031806dc70945,True,flag,cash_intensive_front,mock: escalate,60,16,0.0,True,,,"{""suspicious"": true, ""typology"": ""cash_intensive_front"", ""rationale"": ""mock: escalate""}"
pilot,MOCK,xai_grok,grok-4.5,xai,xai,v_fatf,0,S-cash_intensive_front-h-001,suspicious,cash_intensive_front,hard,suspicious:cash_intensive_front,719722684,0.0,2026-07-15T14:04:19.842947+00:00,ac20b93d29d9c656,b23b6be7f12f6779d2bc557bf3fac8f39b1b72dc9baa138aada031806dc70945,True,flag,cash_intensive_front,mock: escalate,60,16,0.0,True,,,"{""suspicious"": true, ""typology"": ""cash_intensive_front"", ""rationale"": ""mock: escalate""}"
pilot,MOCK,xai_grok,grok-4.5,xai,xai,v_fatf,0,S-cash_intensive_front-h-005,suspicious,cash_intensive_front,hard,suspicious:cash_intensive_front,602933046,0.0,2026-07-15T14:04:19.842971+00:00,848d9ba40f27a3e4,b23b6be7f12f6779d2bc557bf3fac8f39b1b72dc9baa138aada031806dc70945,True,flag,cash_intensive_front,mock: escalate,60,16,0.0,True,,,"{""suspicious"": true, ""typology"": ""cash_intensive_front"", ""rationale"": ""mock: escalate""}"
pilot,MOCK,xai_grok,grok-4.5,xai,xai,v_fatf,0,S-cash_intensive_front-h-006,suspicious,cash_intensive_front,hard,suspicious:cash_intensive_front,1345473056,0.0,2026-07-15T14:04:19.842993+00:00,1bf4286b3cc6258a,b23b6be7f12f6779d2bc557bf3fac8f39b1b72dc9baa138aada031806dc70945,True,flag,cash_intensive_front,mock: escalate,60,16,0.0,True,,,"{""suspicious"": true, ""typology"": ""cash_intensive_front"", ""rationale"": ""mock: escalate""}"
pilot,MOCK,xai_grok,grok-4.5,xai,xai,v_fatf,0,S-cash_intensive_front-h-009,suspicious,cash_intensive_front,hard,suspicious:cash_intensive_front,1432311573,0.0,2026-07-15T14:04:19.843014+00:00,745dece93f762be1,b23b6be7f12f6779d2bc557bf3fac8f39b1b72dc9baa138aada031806dc70945,True,flag,cash_intensive_front,mock: escalate,60,16,0.0,True,,,"{""suspicious"": true, ""typology"": ""cash_intensive_front"", ""rationale"": ""mock: escalate""}"
pilot,MOCK,xai_grok,grok-4.5,xai,xai,v_fatf,0,S-cash_intensive_front-m-005,suspicious,cash_intensive_front,medium,suspicious:cash_intensive_front,74183474,0.0,2026-07-15T14:04:19.843852+00:00,fbfb6ec6d13e464a,b23b6be7f12f6779d2bc557bf3fac8f39b1b72dc9baa138aada031806dc70945,True,flag,cash_intensive_front,mock: escalate,60,16,0.0,True,,,"{""suspicious"": true, ""typology"": ""cash_intensive_front"", ""rationale"": ""mock: escalate""}"
pilot,MOCK,xai_grok,grok-4.5,xai,xai,v_fatf,0,S-cash_intensive_front-m-007,suspicious,cash_intensive_front,medium,suspicious:cash_intensive_front,1699526322,0.0,2026-07-15T14:04:19.843880+00:00,a356dda3ef502d82,afcc962dfc92f4c2d391c6f5c9579da1391c3e8d45e02f41fd101c52c9337121,False,no_flag,,mock: no escalation,60,16,0.0,True,,,"{""suspicious"": false, ""typology"": null, ""rationale"": ""mock: no escalation""}"
pilot,MOCK,xai_grok,grok-4.5,xai,xai,v_fatf,0,S-cash_intensive_front-m-008,suspicious,cash_intensive_front,medium,suspicious:cash_intensive_front,151609243,0.0,2026-07-15T14:04:19.843903+00:00,084b7d0e83b900ed,afcc962dfc92f4c2d391c6f5c9579da1391c3e8d45e02f41fd101c52c9337121,False,no_flag,,mock: no escalation,60,16,0.0,True,,,"{""suspicious"": false, ""typology"": null, ""rationale"": ""mock: no escalation""}"
pilot,MOCK,xai_grok,grok-4.5,xai,xai,v_fatf,0,S-cash_intensive_front-m-010,suspicious,cash_intensive_front,medium,suspicious:cash_intensive_front,520766379,0.0,2026-07-15T14:04:19.843924+00:00,36c9939573ffe13c,b23b6be7f12f6779d2bc557bf3fac8f39b1b72dc9baa138aada031806dc70945,True,flag,cash_intensive_front,mock: escalate,60,16,0.0,True,,,"{""suspicious"": true, ""typology"": ""cash_intensive_front"", ""rationale"": ""mock: escalate""}"
pilot,MOCK,xai_grok,grok-4.5,xai,xai,v_fatf,0,S-cash_intensive_front-m-011,suspicious,cash_intensive_front,medium,suspicious:cash_intensive_front,1071363510,0.0,2026-07-15T14:04:19.844142+00:00,db478eec080892a9,b23b6be7f12f6779d2bc557bf3fac8f39b1b72dc9baa138aada031806dc70945,True,flag,cash_intensive_front,mock: escalate,60,16,0.0,True,,,"{""suspicious"": true, ""typology"": ""cash_intensive_front"", ""rationale"": ""mock: escalate""}"
pilot,MOCK,xai_grok,grok-4.5,xai,xai,v_fatf,0,S-cash_intensive_front-m-012,suspicious,cash_intensive_front,medium,suspicious:cash_intensive_front,1727832231,0.0,2026-07-15T14:04:19.844749+00:00,e11d2d23d94285eb,afcc962dfc92f4c2d391c6f5c9579da1391c3e8d45e02f41fd101c52c9337121,False,no_flag,,mock: no escalation,60,16,0.0,True,,,"{""suspicious"": false, ""typology"": null, ""rationale"": ""mock: no escalation""}"
pilot,MOCK,xai_grok,grok-4.5,xai,xai,v_fatf,0,S-funnel_account-e-000,suspicious,funnel_account,easy,suspicious:funnel_account,524351449,0.0,2026-07-15T14:04:19.844779+00:00,eab7142a81bbd7bd,edfbf31a6302c2f0207fa6c545d2baa3cc982db3684b7cefb114ea96b323d93c,True,flag,funnel_account,mock: escalate,60,16,0.0,True,,,"{""suspicious"": true, ""typology"": ""funnel_account"", ""rationale"": ""mock: escalate""}"
pilot,MOCK,xai_grok,grok-4.5,xai,xai,v_fatf,0,S-funnel_account-e-004,suspicious,funnel_account,easy,suspicious:funnel_account,1986069580,0.0,2026-07-15T14:04:19.844804+00:00,1a3568fe094db8b8,edfbf31a6302c2f0207fa6c545d2baa3cc982db3684b7cefb114ea96b323d93c,True,flag,funnel_account,mock: escalate,60,16,0.0,True,,,"{""suspicious"": true, ""typology"": ""funnel_account"", ""rationale"": ""mock: escalate""}"
pilot,MOCK,xai_grok,grok-4.5,xai,xai,v_fatf,0,S-funnel_account-e-006,suspicious,funnel_account,easy,suspicious:funnel_account,2056804209,0.0,2026-07-15T14:04:19.845040+00:00,811660c29551d225,edfbf31a6302c2f0207fa6c545d2baa3cc982db3684b7cefb114ea96b323d93c,True,flag,funnel_account,mock: escalate,60,16,0.0,True,,,"{""suspicious"": true, ""typology"": ""funnel_account"", ""rationale"": ""mock: escalate""}"
pilot,MOCK,xai_grok,grok-4.5,xai,xai,v_fatf,0,S-funnel_account-e-008,suspicious,funnel_account,easy,suspicious:funnel_account,291215357,0.0,2026-07-15T14:04:19.845063+00:00,69da33ae1aeefb42,edfbf31a6302c2f0207fa6c545d2baa3cc982db3684b7cefb114ea96b323d93c,True,flag,funnel_account,mock: escalate,60,16,0.0,True,,,"{""suspicious"": true, ""typology"": ""funnel_account"", ""rationale"": ""mock: escalate""}"
pilot,MOCK,xai_grok,grok-4.5,xai,xai,v_fatf,0,S-funnel_account-e-011,suspicious,funnel_account,easy,suspicious:funnel_account,1670284758,0.0,2026-07-15T14:04:19.845663+00:00,da90ca2abfa5eb6e,edfbf31a6302c2f0207fa6c545d2baa3cc982db3684b7cefb114ea96b323d93c,True,flag,funnel_account,mock: escalate,60,16,0.0,True,,,"{""suspicious"": true, ""typology"": ""funnel_account"", ""rationale"": ""mock: escalate""}"
pilot,MOCK,xai_grok,grok-4.5,xai,xai,v_fatf,0,S-funnel_account-h-001,suspicious,funnel_account,hard,suspicious:funnel_account,1770004175,0.0,2026-07-15T14:04:19.846065+00:00,bf684c67d501b0d1,edfbf31a6302c2f0207fa6c545d2baa3cc982db3684b7cefb114ea96b323d93c,True,flag,funnel_account,mock: escalate,60,16,0.0,True,,,"{""suspicious"": true, ""typology"": ""funnel_account"", ""rationale"": ""mock: escalate""}"
pilot,MOCK,xai_grok,grok-4.5,xai,xai,v_fatf,0,S-funnel_account-h-003,suspicious,funnel_account,hard,suspicious:funnel_account,397342685,0.0,2026-07-15T14:04:19.846129+00:00,07b07f56a8b82489,edfbf31a6302c2f0207fa6c545d2baa3cc982db3684b7cefb114ea96b323d93c,True,flag,funnel_account,mock: escalate,60,16,0.0,True,,,"{""suspicious"": true, ""typology"": ""funnel_account"", ""rationale"": ""mock: escalate""}"
pilot,MOCK,xai_grok,grok-4.5,xai,xai,v_fatf,0,S-funnel_account-h-006,suspicious,funnel_account,hard,suspicious:funnel_account,1500859037,0.0,2026-07-15T14:04:19.846185+00:00,a7663a7f6922457c,edfbf31a6302c2f0207fa6c545d2baa3cc982db3684b7cefb114ea96b323d93c,True,flag,funnel_account,mock: escalate,60,16,0.0,True,,,"{""suspicious"": true, ""typology"": ""funnel_account"", ""rationale"": ""mock: escalate""}"
pilot,MOCK,xai_grok,grok-4.5,xai,xai,v_fatf,0,S-funnel_account-h-009,suspicious,funnel_account,hard,suspicious:funnel_account,928744350,0.0,2026-07-15T14:04:19.846208+00:00,ca53b4376e52d00b,edfbf31a6302c2f0207fa6c545d2baa3cc982db3684b7cefb114ea96b323d93c,True,flag,funnel_account,mock: escalate,60,16,0.0,True,,,"{""suspicious"": true, ""typology"": ""funnel_account"", ""rationale"": ""mock: escalate""}"
pilot,MOCK,xai_grok,grok-4.5,xai,xai,v_fatf,0,S-funnel_account-m-001,suspicious,funnel_account,medium,suspicious:funnel_account,1495910564,0.0,2026-07-15T14:04:19.846813+00:00,237f4a558252e52d,edfbf31a6302c2f0207fa6c545d2baa3cc982db3684b7cefb114ea96b323d93c,True,flag,funnel_account,mock: escalate,60,16,0.0,True,,,"{""suspicious"": true, ""typology"": ""funnel_account"", ""rationale"": ""mock: escalate""}"
pilot,MOCK,xai_grok,grok-4.5,xai,xai,v_fatf,0,S-funnel_account-m-006,suspicious,funnel_account,medium,suspicious:funnel_account,660813070,0.0,2026-07-15T14:04:19.847061+00:00,42900e295b6578d0,edfbf31a6302c2f0207fa6c545d2baa3cc982db3684b7cefb114ea96b323d93c,True,flag,funnel_account,mock: escalate,60,16,0.0,True,,,"{""suspicious"": true, ""typology"": ""funnel_account"", ""rationale"": ""mock: escalate""}"
pilot,MOCK,xai_grok,grok-4.5,xai,xai,v_fatf,0,S-funnel_account-m-008,suspicious,funnel_account,medium,suspicious:funnel_account,1341677781,0.0,2026-07-15T14:04:19.847086+00:00,9e8243d0de8f163e,edfbf31a6302c2f0207fa6c545d2baa3cc982db3684b7cefb114ea96b323d93c,True,flag,funnel_account,mock: escalate,60,16,0.0,True,,,"{""suspicious"": true, ""typology"": ""funnel_account"", ""rationale"": ""mock: escalate""}"
pilot,MOCK,xai_grok,grok-4.5,xai,xai,v_fatf,0,S-funnel_account-m-010,suspicious,funnel_account,medium,suspicious:funnel_account,744690425,0.0,2026-07-15T14:04:19.847109+00:00,ff7b1713e1e39198,afcc962dfc92f4c2d391c6f5c9579da1391c3e8d45e02f41fd101c52c9337121,False,no_flag,,mock: no escalation,60,16,0.0,True,,,"{""suspicious"": false, ""typology"": null, ""rationale"": ""mock: no escalation""}"
pilot,MOCK,xai_grok,grok-4.5,xai,xai,v_fatf,0,S-funnel_account-m-011,suspicious,funnel_account,medium,suspicious:funnel_account,1835861773,0.0,2026-07-15T14:04:19.847133+00:00,9db21022ebd20c27,edfbf31a6302c2f0207fa6c545d2baa3cc982db3684b7cefb114ea96b323d93c,True,flag,funnel_account,mock: escalate,60,16,0.0,True,,,"{""suspicious"": true, ""typology"": ""funnel_account"", ""rationale"": ""mock: escalate""}"
pilot,MOCK,xai_grok,grok-4.5,xai,xai,v_fatf,0,S-funnel_account-m-013,suspicious,funnel_account,medium,suspicious:funnel_account,1265654568,0.0,2026-07-15T14:04:19.848075+00:00,f7f6170af0a75e06,edfbf31a6302c2f0207fa6c545d2baa3cc982db3684b7cefb114ea96b323d93c,True,flag,funnel_account,mock: escalate,60,16,0.0,True,,,"{""suspicious"": true, ""typology"": ""funnel_account"", ""rationale"": ""mock: escalate""}"
pilot,MOCK,xai_grok,grok-4.5,xai,xai,v_fatf,0,S-layering-e-004,suspicious,layering,easy,suspicious:layering,166779866,0.0,2026-07-15T14:04:19.848101+00:00,f2d754d3b747e40b,7257cee568be2839b7d613c92af3666f64673d42055345229d1a405b5ff1e3ee,True,flag,layering,mock: escalate,60,16,0.0,True,,,"{""suspicious"": true, ""typology"": ""layering"", ""rationale"": ""mock: escalate""}"
pilot,MOCK,xai_grok,grok-4.5,xai,xai,v_fatf,0,S-layering-e-005,suspicious,layering,easy,suspicious:layering,990243866,0.0,2026-07-15T14:04:19.848127+00:00,723320e8fd43a9a4,7257cee568be2839b7d613c92af3666f64673d42055345229d1a405b5ff1e3ee,True,flag,layering,mock: escalate,60,16,0.0,True,,,"{""suspicious"": true, ""typology"": ""layering"", ""rationale"": ""mock: escalate""}"
pilot,MOCK,xai_grok,grok-4.5,xai,xai,v_fatf,0,S-layering-e-006,suspicious,layering,easy,suspicious:layering,1882685738,0.0,2026-07-15T14:04:19.848150+00:00,e6ef78bf3d34ae33,7257cee568be2839b7d613c92af3666f64673d42055345229d1a405b5ff1e3ee,True,flag,layering,mock: escalate,60,16,0.0,True,,,"{""suspicious"": true, ""typology"": ""layering"", ""rationale"": ""mock: escalate""}"
pilot,MOCK,xai_grok,grok-4.5,xai,xai,v_fatf,0,S-layering-e-007,suspicious,layering,easy,suspicious:layering,1702475665,0.0,2026-07-15T14:04:19.848377+00:00,7888443107152637,7257cee568be2839b7d613c92af3666f64673d42055345229d1a405b5ff1e3ee,True,flag,layering,mock: escalate,60,16,0.0,True,,,"{""suspicious"": true, ""typology"": ""layering"", ""rationale"": ""mock: escalate""}"
pilot,MOCK,xai_grok,grok-4.5,xai,xai,v_fatf,0,S-layering-e-008,suspicious,layering,easy,suspicious:layering,92077676,0.0,2026-07-15T14:04:19.849075+00:00,611297c2997dce3c,7257cee568be2839b7d613c92af3666f64673d42055345229d1a405b5ff1e3ee,True,flag,layering,mock: escalate,60,16,0.0,True,,,"{""suspicious"": true, ""typology"": ""layering"", ""rationale"": ""mock: escalate""}"
pilot,MOCK,xai_grok,grok-4.5,xai,xai,v_fatf,0,S-layering-h-000,suspicious,layering,hard,suspicious:layering,984337308,0.0,2026-07-15T14:04:19.849100+00:00,a4fef9d5558a5a10,afcc962dfc92f4c2d391c6f5c9579da1391c3e8d45e02f41fd101c52c9337121,False,no_flag,,mock: no escalation,60,16,0.0,True,,,"{""suspicious"": false, ""typology"": null, ""rationale"": ""mock: no escalation""}"
pilot,MOCK,xai_grok,grok-4.5,xai,xai,v_fatf,0,S-layering-h-005,suspicious,layering,hard,suspicious:layering,588071954,0.0,2026-07-15T14:04:19.849122+00:00,3f842fac58aeb23c,7257cee568be2839b7d613c92af3666f64673d42055345229d1a405b5ff1e3ee,True,flag,layering,mock: escalate,60,16,0.0,True,,,"{""suspicious"": true, ""typology"": ""layering"", ""rationale"": ""mock: escalate""}"
pilot,MOCK,xai_grok,grok-4.5,xai,xai,v_fatf,0,S-layering-h-008,suspicious,layering,hard,suspicious:layering,1642591238,0.0,2026-07-15T14:04:19.849300+00:00,848a9a7c896e404e,7257cee568be2839b7d613c92af3666f64673d42055345229d1a405b5ff1e3ee,True,flag,layering,mock: escalate,60,16,0.0,True,,,"{""suspicious"": true, ""typology"": ""layering"", ""rationale"": ""mock: escalate""}"
pilot,MOCK,xai_grok,grok-4.5,xai,xai,v_fatf,0,S-layering-h-006,suspicious,layering,hard,suspicious:layering,1496010510,0.0,2026-07-15T14:04:19.849362+00:00,34034ddb32433378,7257cee568be2839b7d613c92af3666f64673d42055345229d1a405b5ff1e3ee,True,flag,layering,mock: escalate,60,16,0.0,True,,,"{""suspicious"": true, ""typology"": ""layering"", ""rationale"": ""mock: escalate""}"
pilot,MOCK,xai_grok,grok-4.5,xai,xai,v_fatf,0,S-layering-m-001,suspicious,layering,medium,suspicious:layering,421125660,0.0,2026-07-15T14:04:19.849979+00:00,3bcf827a4421935d,afcc962dfc92f4c2d391c6f5c9579da1391c3e8d45e02f41fd101c52c9337121,False,no_flag,,mock: no escalation,60,16,0.0,True,,,"{""suspicious"": false, ""typology"": null, ""rationale"": ""mock: no escalation""}"
pilot,MOCK,xai_grok,grok-4.5,xai,xai,v_fatf,0,S-layering-m-004,suspicious,layering,medium,suspicious:layering,1629878923,0.0,2026-07-15T14:04:19.850319+00:00,9d2e2c5f84d53d3f,7257cee568be2839b7d613c92af3666f64673d42055345229d1a405b5ff1e3ee,True,flag,layering,mock: escalate,60,16,0.0,True,,,"{""suspicious"": true, ""typology"": ""layering"", ""rationale"": ""mock: escalate""}"
pilot,MOCK,xai_grok,grok-4.5,xai,xai,v_fatf,0,S-layering-m-007,suspicious,layering,medium,suspicious:layering,1733742591,0.0,2026-07-15T14:04:19.850390+00:00,b0da24b187b3d081,7257cee568be2839b7d613c92af3666f64673d42055345229d1a405b5ff1e3ee,True,flag,layering,mock: escalate,60,16,0.0,True,,,"{""suspicious"": true, ""typology"": ""layering"", ""rationale"": ""mock: escalate""}"
pilot,MOCK,xai_grok,grok-4.5,xai,xai,v_fatf,0,S-layering-m-009,suspicious,layering,medium,suspicious:layering,1917257877,0.0,2026-07-15T14:04:19.850410+00:00,c22f61feb572035a,afcc962dfc92f4c2d391c6f5c9579da1391c3e8d45e02f41fd101c52c9337121,False,no_flag,,mock: no escalation,60,16,0.0,True,,,"{""suspicious"": false, ""typology"": null, ""rationale"": ""mock: no escalation""}"
pilot,MOCK,xai_grok,grok-4.5,xai,xai,v_fatf,0,S-layering-m-011,suspicious,layering,medium,suspicious:layering,516545059,0.0,2026-07-15T14:04:19.850430+00:00,fe0319507a8a2435,afcc962dfc92f4c2d391c6f5c9579da1391c3e8d45e02f41fd101c52c9337121,False,no_flag,,mock: no escalation,60,16,0.0,True,,,"{""suspicious"": false, ""typology"": null, ""rationale"": ""mock: no escalation""}"
pilot,MOCK,xai_grok,grok-4.5,xai,xai,v_fatf,0,S-layering-m-013,suspicious,layering,medium,suspicious:layering,1486187095,0.0,2026-07-15T14:04:19.851110+00:00,89aa05f4ab66f0ec,7257cee568be2839b7d613c92af3666f64673d42055345229d1a405b5ff1e3ee,True,flag,layering,mock: escalate,60,16,0.0,True,,,"{""suspicious"": true, ""typology"": ""layering"", ""rationale"": ""mock: escalate""}"
pilot,MOCK,xai_grok,grok-4.5,xai,xai,v_fatf,0,S-mule_network-e-001,suspicious,mule_network,easy,suspicious:mule_network,1812626240,0.0,2026-07-15T14:04:19.851357+00:00,a8c5b30dab43987d,ffe2d59eaa2c823edfc3b3d9ab34b098639ac84ef1232384bb6b687c35e7f7f2,True,flag,mule_network,mock: escalate,60,16,0.0,True,,,"{""suspicious"": true, ""typology"": ""mule_network"", ""rationale"": ""mock: escalate""}"
pilot,MOCK,xai_grok,grok-4.5,xai,xai,v_fatf,0,S-mule_network-e-007,suspicious,mule_network,easy,suspicious:mule_network,1124052907,0.0,2026-07-15T14:04:19.851408+00:00,5bd5a591b99a87c9,ffe2d59eaa2c823edfc3b3d9ab34b098639ac84ef1232384bb6b687c35e7f7f2,True,flag,mule_network,mock: escalate,60,16,0.0,True,,,"{""suspicious"": true, ""typology"": ""mule_network"", ""rationale"": ""mock: escalate""}"
pilot,MOCK,xai_grok,grok-4.5,xai,xai,v_fatf,0,S-mule_network-e-002,suspicious,mule_network,easy,suspicious:mule_network,1776571550,0.0,2026-07-15T14:04:19.851434+00:00,42b0489e3273a736,ffe2d59eaa2c823edfc3b3d9ab34b098639ac84ef1232384bb6b687c35e7f7f2,True,flag,mule_network,mock: escalate,60,16,0.0,True,,,"{""suspicious"": true, ""typology"": ""mule_network"", ""rationale"": ""mock: escalate""}"
pilot,MOCK,xai_grok,grok-4.5,xai,xai,v_fatf,0,S-mule_network-e-003,suspicious,mule_network,easy,suspicious:mule_network,1424048777,0.0,2026-07-15T14:04:19.851481+00:00,355467a6022aaa3c,ffe2d59eaa2c823edfc3b3d9ab34b098639ac84ef1232384bb6b687c35e7f7f2,True,flag,mule_network,mock: escalate,60,16,0.0,True,,,"{""suspicious"": true, ""typology"": ""mule_network"", ""rationale"": ""mock: escalate""}"
pilot,MOCK,xai_grok,grok-4.5,xai,xai,v_fatf,0,S-mule_network-e-009,suspicious,mule_network,easy,suspicious:mule_network,1255894488,0.0,2026-07-15T14:04:19.852346+00:00,aba98a30d1ab1ad5,ffe2d59eaa2c823edfc3b3d9ab34b098639ac84ef1232384bb6b687c35e7f7f2,True,flag,mule_network,mock: escalate,60,16,0.0,True,,,"{""suspicious"": true, ""typology"": ""mule_network"", ""rationale"": ""mock: escalate""}"
pilot,MOCK,xai_grok,grok-4.5,xai,xai,v_fatf,0,S-mule_network-h-004,suspicious,mule_network,hard,suspicious:mule_network,1532353977,0.0,2026-07-15T14:04:19.852395+00:00,bc67739fbc3dfe44,ffe2d59eaa2c823edfc3b3d9ab34b098639ac84ef1232384bb6b687c35e7f7f2,True,flag,mule_network,mock: escalate,60,16,0.0,True,,,"{""suspicious"": true, ""typology"": ""mule_network"", ""rationale"": ""mock: escalate""}"
pilot,MOCK,xai_grok,grok-4.5,xai,xai,v_fatf,0,S-mule_network-h-005,suspicious,mule_network,hard,suspicious:mule_network,22117819,0.0,2026-07-15T14:04:19.852418+00:00,932f3e420306c91d,afcc962dfc92f4c2d391c6f5c9579da1391c3e8d45e02f41fd101c52c9337121,False,no_flag,,mock: no escalation,60,16,0.0,True,,,"{""suspicious"": false, ""typology"": null, ""rationale"": ""mock: no escalation""}"
pilot,MOCK,xai_grok,grok-4.5,xai,xai,v_fatf,0,S-mule_network-h-007,suspicious,mule_network,hard,suspicious:mule_network,1484082703,0.0,2026-07-15T14:04:19.852464+00:00,852b05b3f9f4cb28,ffe2d59eaa2c823edfc3b3d9ab34b098639ac84ef1232384bb6b687c35e7f7f2,True,flag,mule_network,mock: escalate,60,16,0.0,True,,,"{""suspicious"": true, ""typology"": ""mule_network"", ""rationale"": ""mock: escalate""}"
pilot,MOCK,xai_grok,grok-4.5,xai,xai,v_fatf,0,S-mule_network-h-009,suspicious,mule_network,hard,suspicious:mule_network,939774242,0.0,2026-07-15T14:04:19.852648+00:00,e49988af659aa64b,afcc962dfc92f4c2d391c6f5c9579da1391c3e8d45e02f41fd101c52c9337121,False,no_flag,,mock: no escalation,60,16,0.0,True,,,"{""suspicious"": false, ""typology"": null, ""rationale"": ""mock: no escalation""}"
pilot,MOCK,xai_grok,grok-4.5,xai,xai,v_fatf,0,S-mule_network-m-003,suspicious,mule_network,medium,suspicious:mule_network,757379935,0.0,2026-07-15T14:04:19.853437+00:00,6c006f08235d9855,ffe2d59eaa2c823edfc3b3d9ab34b098639ac84ef1232384bb6b687c35e7f7f2,True,flag,mule_network,mock: escalate,60,16,0.0,True,,,"{""suspicious"": true, ""typology"": ""mule_network"", ""rationale"": ""mock: escalate""}"
pilot,MOCK,xai_grok,grok-4.5,xai,xai,v_fatf,0,S-mule_network-m-002,suspicious,mule_network,medium,suspicious:mule_network,1471872163,0.0,2026-07-15T14:04:19.853496+00:00,63c16c15c14703c8,ffe2d59eaa2c823edfc3b3d9ab34b098639ac84ef1232384bb6b687c35e7f7f2,True,flag,mule_network,mock: escalate,60,16,0.0,True,,,"{""suspicious"": true, ""typology"": ""mule_network"", ""rationale"": ""mock: escalate""}"
pilot,MOCK,xai_grok,grok-4.5,xai,xai,v_fatf,0,S-mule_network-m-004,suspicious,mule_network,medium,suspicious:mule_network,1010334235,0.0,2026-07-15T14:04:19.853519+00:00,68473246f2af33bb,ffe2d59eaa2c823edfc3b3d9ab34b098639ac84ef1232384bb6b687c35e7f7f2,True,flag,mule_network,mock: escalate,60,16,0.0,True,,,"{""suspicious"": true, ""typology"": ""mule_network"", ""rationale"": ""mock: escalate""}"
pilot,MOCK,xai_grok,grok-4.5,xai,xai,v_fatf,0,S-mule_network-m-006,suspicious,mule_network,medium,suspicious:mule_network,1373375317,0.0,2026-07-15T14:04:19.853645+00:00,6e891d3d269a3554,ffe2d59eaa2c823edfc3b3d9ab34b098639ac84ef1232384bb6b687c35e7f7f2,True,flag,mule_network,mock: escalate,60,16,0.0,True,,,"{""suspicious"": true, ""typology"": ""mule_network"", ""rationale"": ""mock: escalate""}"
pilot,MOCK,xai_grok,grok-4.5,xai,xai,v_fatf,0,S-mule_network-m-005,suspicious,mule_network,medium,suspicious:mule_network,847001,0.0,2026-07-15T14:04:19.853683+00:00,5b84008cbd9db53d,ffe2d59eaa2c823edfc3b3d9ab34b098639ac84ef1232384bb6b687c35e7f7f2,True,flag,mule_network,mock: escalate,60,16,0.0,True,,,"{""suspicious"": true, ""typology"": ""mule_network"", ""rationale"": ""mock: escalate""}"
pilot,MOCK,xai_grok,grok-4.5,xai,xai,v_fatf,0,S-mule_network-m-013,suspicious,mule_network,medium,suspicious:mule_network,635977612,0.0,2026-07-15T14:04:19.854474+00:00,fbd000e55bea6247,ffe2d59eaa2c823edfc3b3d9ab34b098639ac84ef1232384bb6b687c35e7f7f2,True,flag,mule_network,mock: escalate,60,16,0.0,True,,,"{""suspicious"": true, ""typology"": ""mule_network"", ""rationale"": ""mock: escalate""}"
pilot,MOCK,xai_grok,grok-4.5,xai,xai,v_fatf,0,S-rapid_passthrough-e-001,suspicious,rapid_passthrough,easy,suspicious:rapid_passthrough,783362888,0.0,2026-07-15T14:04:19.854914+00:00,e083dea827a104a3,0a4e755299eb8ff2f2049ba8c56f0da54cf13b8e8a7c8a5a81f1c6e270d44ad4,True,flag,rapid_passthrough,mock: escalate,60,16,0.0,True,,,"{""suspicious"": true, ""typology"": ""rapid_passthrough"", ""rationale"": ""mock: escalate""}"
pilot,MOCK,xai_grok,grok-4.5,xai,xai,v_fatf,0,S-rapid_passthrough-e-003,suspicious,rapid_passthrough,easy,suspicious:rapid_passthrough,1080301210,0.0,2026-07-15T14:04:19.855089+00:00,3dde9565cdee0ab0,0a4e755299eb8ff2f2049ba8c56f0da54cf13b8e8a7c8a5a81f1c6e270d44ad4,True,flag,rapid_passthrough,mock: escalate,60,16,0.0,True,,,"{""suspicious"": true, ""typology"": ""rapid_passthrough"", ""rationale"": ""mock: escalate""}"
pilot,MOCK,xai_grok,grok-4.5,xai,xai,v_fatf,0,S-rapid_passthrough-e-006,suspicious,rapid_passthrough,easy,suspicious:rapid_passthrough,1872669252,0.0,2026-07-15T14:04:19.855123+00:00,0f845fea6a58be48,0a4e755299eb8ff2f2049ba8c56f0da54cf13b8e8a7c8a5a81f1c6e270d44ad4,True,flag,rapid_passthrough,mock: escalate,60,16,0.0,True,,,"{""suspicious"": true, ""typology"": ""rapid_passthrough"", ""rationale"": ""mock: escalate""}"
pilot,MOCK,xai_grok,grok-4.5,xai,xai,v_fatf,0,S-rapid_passthrough-e-009,suspicious,rapid_passthrough,easy,suspicious:rapid_passthrough,1600360465,0.0,2026-07-15T14:04:19.855143+00:00,e47420a5536f76e2,0a4e755299eb8ff2f2049ba8c56f0da54cf13b8e8a7c8a5a81f1c6e270d44ad4,True,flag,rapid_passthrough,mock: escalate,60,16,0.0,True,,,"{""suspicious"": true, ""typology"": ""rapid_passthrough"", ""rationale"": ""mock: escalate""}"
pilot,MOCK,xai_grok,grok-4.5,xai,xai,v_fatf,0,S-rapid_passthrough-e-011,suspicious,rapid_passthrough,easy,suspicious:rapid_passthrough,61091123,0.0,2026-07-15T14:04:19.855755+00:00,552fd57db72335cf,0a4e755299eb8ff2f2049ba8c56f0da54cf13b8e8a7c8a5a81f1c6e270d44ad4,True,flag,rapid_passthrough,mock: escalate,60,16,0.0,True,,,"{""suspicious"": true, ""typology"": ""rapid_passthrough"", ""rationale"": ""mock: escalate""}"
pilot,MOCK,xai_grok,grok-4.5,xai,xai,v_fatf,0,S-rapid_passthrough-h-000,suspicious,rapid_passthrough,hard,suspicious:rapid_passthrough,2032010712,0.0,2026-07-15T14:04:19.856016+00:00,e28cd2b047521ff0,0a4e755299eb8ff2f2049ba8c56f0da54cf13b8e8a7c8a5a81f1c6e270d44ad4,True,flag,rapid_passthrough,mock: escalate,60,16,0.0,True,,,"{""suspicious"": true, ""typology"": ""rapid_passthrough"", ""rationale"": ""mock: escalate""}"
pilot,MOCK,xai_grok,grok-4.5,xai,xai,v_fatf,0,S-rapid_passthrough-h-002,suspicious,rapid_passthrough,hard,suspicious:rapid_passthrough,1155593290,0.0,2026-07-15T14:04:19.856041+00:00,2755bb4a4a39fee4,0a4e755299eb8ff2f2049ba8c56f0da54cf13b8e8a7c8a5a81f1c6e270d44ad4,True,flag,rapid_passthrough,mock: escalate,60,16,0.0,True,,,"{""suspicious"": true, ""typology"": ""rapid_passthrough"", ""rationale"": ""mock: escalate""}"
pilot,MOCK,xai_grok,grok-4.5,xai,xai,v_fatf,0,S-rapid_passthrough-h-004,suspicious,rapid_passthrough,hard,suspicious:rapid_passthrough,843416269,0.0,2026-07-15T14:04:19.856063+00:00,a1897a36684e6383,0a4e755299eb8ff2f2049ba8c56f0da54cf13b8e8a7c8a5a81f1c6e270d44ad4,True,flag,rapid_passthrough,mock: escalate,60,16,0.0,True,,,"{""suspicious"": true, ""typology"": ""rapid_passthrough"", ""rationale"": ""mock: escalate""}"
pilot,MOCK,xai_grok,grok-4.5,xai,xai,v_fatf,0,S-rapid_passthrough-h-005,suspicious,rapid_passthrough,hard,suspicious:rapid_passthrough,2038914546,0.0,2026-07-15T14:04:19.856087+00:00,ef2a1308d0463c71,0a4e755299eb8ff2f2049ba8c56f0da54cf13b8e8a7c8a5a81f1c6e270d44ad4,True,flag,rapid_passthrough,mock: escalate,60,16,0.0,True,,,"{""suspicious"": true, ""typology"": ""rapid_passthrough"", ""rationale"": ""mock: escalate""}"
pilot,MOCK,xai_grok,grok-4.5,xai,xai,v_fatf,0,S-rapid_passthrough-m-005,suspicious,rapid_passthrough,medium,suspicious:rapid_passthrough,517696625,0.0,2026-07-15T14:04:19.856965+00:00,8e794afb483b1dd0,0a4e755299eb8ff2f2049ba8c56f0da54cf13b8e8a7c8a5a81f1c6e270d44ad4,True,flag,rapid_passthrough,mock: escalate,60,16,0.0,True,,,"{""suspicious"": true, ""typology"": ""rapid_passthrough"", ""rationale"": ""mock: escalate""}"
pilot,MOCK,xai_grok,grok-4.5,xai,xai,v_fatf,0,S-rapid_passthrough-m-004,suspicious,rapid_passthrough,medium,suspicious:rapid_passthrough,1993070360,0.0,2026-07-15T14:04:19.857016+00:00,113b97d87474ca15,0a4e755299eb8ff2f2049ba8c56f0da54cf13b8e8a7c8a5a81f1c6e270d44ad4,True,flag,rapid_passthrough,mock: escalate,60,16,0.0,True,,,"{""suspicious"": true, ""typology"": ""rapid_passthrough"", ""rationale"": ""mock: escalate""}"
pilot,MOCK,xai_grok,grok-4.5,xai,xai,v_fatf,0,S-rapid_passthrough-m-001,suspicious,rapid_passthrough,medium,suspicious:rapid_passthrough,1261103071,0.0,2026-07-15T14:04:19.857040+00:00,b472335b4e3079e1,0a4e755299eb8ff2f2049ba8c56f0da54cf13b8e8a7c8a5a81f1c6e270d44ad4,True,flag,rapid_passthrough,mock: escalate,60,16,0.0,True,,,"{""suspicious"": true, ""typology"": ""rapid_passthrough"", ""rationale"": ""mock: escalate""}"
pilot,MOCK,xai_grok,grok-4.5,xai,xai,v_fatf,0,S-rapid_passthrough-m-007,suspicious,rapid_passthrough,medium,suspicious:rapid_passthrough,988644796,0.0,2026-07-15T14:04:19.857082+00:00,e458fb575c108bc2,0a4e755299eb8ff2f2049ba8c56f0da54cf13b8e8a7c8a5a81f1c6e270d44ad4,True,flag,rapid_passthrough,mock: escalate,60,16,0.0,True,,,"{""suspicious"": true, ""typology"": ""rapid_passthrough"", ""rationale"": ""mock: escalate""}"
pilot,MOCK,xai_grok,grok-4.5,xai,xai,v_fatf,0,S-rapid_passthrough-m-008,suspicious,rapid_passthrough,medium,suspicious:rapid_passthrough,871948321,0.0,2026-07-15T14:04:19.857271+00:00,3b1b77e79a32f4e8,0a4e755299eb8ff2f2049ba8c56f0da54cf13b8e8a7c8a5a81f1c6e270d44ad4,True,flag,rapid_passthrough,mock: escalate,60,16,0.0,True,,,"{""suspicious"": true, ""typology"": ""rapid_passthrough"", ""rationale"": ""mock: escalate""}"
pilot,MOCK,xai_grok,grok-4.5,xai,xai,v_fatf,0,S-rapid_passthrough-m-009,suspicious,rapid_passthrough,medium,suspicious:rapid_passthrough,2068222242,0.0,2026-07-15T14:04:19.858025+00:00,bf6be79bb83646da,0a4e755299eb8ff2f2049ba8c56f0da54cf13b8e8a7c8a5a81f1c6e270d44ad4,True,flag,rapid_passthrough,mock: escalate,60,16,0.0,True,,,"{""suspicious"": true, ""typology"": ""rapid_passthrough"", ""rationale"": ""mock: escalate""}"
pilot,MOCK,xai_grok,grok-4.5,xai,xai,v_fatf,0,S-shell_layering-e-000,suspicious,shell_layering,easy,suspicious:shell_layering,959650684,0.0,2026-07-15T14:04:19.858050+00:00,5d898d8d767b1c4a,94296d6b0fafea98ef1b8d27486d6729a78d5560786d6f1dee19d87e06f627a2,True,flag,shell_layering,mock: escalate,60,16,0.0,True,,,"{""suspicious"": true, ""typology"": ""shell_layering"", ""rationale"": ""mock: escalate""}"
pilot,MOCK,xai_grok,grok-4.5,xai,xai,v_fatf,0,S-shell_layering-e-003,suspicious,shell_layering,easy,suspicious:shell_layering,1097366242,0.0,2026-07-15T14:04:19.858110+00:00,10e68c4cc213918c,94296d6b0fafea98ef1b8d27486d6729a78d5560786d6f1dee19d87e06f627a2,True,flag,shell_layering,mock: escalate,60,16,0.0,True,,,"{""suspicious"": true, ""typology"": ""shell_layering"", ""rationale"": ""mock: escalate""}"
pilot,MOCK,xai_grok,grok-4.5,xai,xai,v_fatf,0,S-shell_layering-e-006,suspicious,shell_layering,easy,suspicious:shell_layering,476287738,0.0,2026-07-15T14:04:19.858300+00:00,5ed436ccd734b848,94296d6b0fafea98ef1b8d27486d6729a78d5560786d6f1dee19d87e06f627a2,True,flag,shell_layering,mock: escalate,60,16,0.0,True,,,"{""suspicious"": true, ""typology"": ""shell_layering"", ""rationale"": ""mock: escalate""}"
pilot,MOCK,xai_grok,grok-4.5,xai,xai,v_fatf,0,S-shell_layering-e-009,suspicious,shell_layering,easy,suspicious:shell_layering,261996683,0.0,2026-07-15T14:04:19.858350+00:00,71d8b677995d27c7,94296d6b0fafea98ef1b8d27486d6729a78d5560786d6f1dee19d87e06f627a2,True,flag,shell_layering,mock: escalate,60,16,0.0,True,,,"{""suspicious"": true, ""typology"": ""shell_layering"", ""rationale"": ""mock: escalate""}"
pilot,MOCK,xai_grok,grok-4.5,xai,xai,v_fatf,0,S-shell_layering-e-011,suspicious,shell_layering,easy,suspicious:shell_layering,433914539,0.0,2026-07-15T14:04:19.859071+00:00,4618125265f8e1f4,94296d6b0fafea98ef1b8d27486d6729a78d5560786d6f1dee19d87e06f627a2,True,flag,shell_layering,mock: escalate,60,16,0.0,True,,,"{""suspicious"": true, ""typology"": ""shell_layering"", ""rationale"": ""mock: escalate""}"
pilot,MOCK,xai_grok,grok-4.5,xai,xai,v_fatf,0,S-shell_layering-h-004,suspicious,shell_layering,hard,suspicious:shell_layering,1994876652,0.0,2026-07-15T14:04:19.859554+00:00,7a94ab8b486a8aae,94296d6b0fafea98ef1b8d27486d6729a78d5560786d6f1dee19d87e06f627a2,True,flag,shell_layering,mock: escalate,60,16,0.0,True,,,"{""suspicious"": true, ""typology"": ""shell_layering"", ""rationale"": ""mock: escalate""}"
pilot,MOCK,xai_grok,grok-4.5,xai,xai,v_fatf,0,S-shell_layering-h-005,suspicious,shell_layering,hard,suspicious:shell_layering,224770970,0.0,2026-07-15T14:04:19.859624+00:00,e0841517ad5b3e64,94296d6b0fafea98ef1b8d27486d6729a78d5560786d6f1dee19d87e06f627a2,True,flag,shell_layering,mock: escalate,60,16,0.0,True,,,"{""suspicious"": true, ""typology"": ""shell_layering"", ""rationale"": ""mock: escalate""}"
pilot,MOCK,xai_grok,grok-4.5,xai,xai,v_fatf,0,S-shell_layering-h-006,suspicious,shell_layering,hard,suspicious:shell_layering,481666010,0.0,2026-07-15T14:04:19.859644+00:00,4001694d701876a7,94296d6b0fafea98ef1b8d27486d6729a78d5560786d6f1dee19d87e06f627a2,True,flag,shell_layering,mock: escalate,60,16,0.0,True,,,"{""suspicious"": true, ""typology"": ""shell_layering"", ""rationale"": ""mock: escalate""}"
pilot,MOCK,xai_grok,grok-4.5,xai,xai,v_fatf,0,S-shell_layering-h-008,suspicious,shell_layering,hard,suspicious:shell_layering,1425046409,0.0,2026-07-15T14:04:19.859666+00:00,37cbe84877635476,afcc962dfc92f4c2d391c6f5c9579da1391c3e8d45e02f41fd101c52c9337121,False,no_flag,,mock: no escalation,60,16,0.0,True,,,"{""suspicious"": false, ""typology"": null, ""rationale"": ""mock: no escalation""}"
pilot,MOCK,xai_grok,grok-4.5,xai,xai,v_fatf,0,S-shell_layering-m-001,suspicious,shell_layering,medium,suspicious:shell_layering,594524178,0.0,2026-07-15T14:04:19.860371+00:00,16115ab5705c945e,94296d6b0fafea98ef1b8d27486d6729a78d5560786d6f1dee19d87e06f627a2,True,flag,shell_layering,mock: escalate,60,16,0.0,True,,,"{""suspicious"": true, ""typology"": ""shell_layering"", ""rationale"": ""mock: escalate""}"
pilot,MOCK,xai_grok,grok-4.5,xai,xai,v_fatf,0,S-shell_layering-m-002,suspicious,shell_layering,medium,suspicious:shell_layering,156929334,0.0,2026-07-15T14:04:19.860611+00:00,163bf63ba608f58b,94296d6b0fafea98ef1b8d27486d6729a78d5560786d6f1dee19d87e06f627a2,True,flag,shell_layering,mock: escalate,60,16,0.0,True,,,"{""suspicious"": true, ""typology"": ""shell_layering"", ""rationale"": ""mock: escalate""}"
pilot,MOCK,xai_grok,grok-4.5,xai,xai,v_fatf,0,S-shell_layering-m-003,suspicious,shell_layering,medium,suspicious:shell_layering,1345455404,0.0,2026-07-15T14:04:19.860633+00:00,cbe107039936408b,94296d6b0fafea98ef1b8d27486d6729a78d5560786d6f1dee19d87e06f627a2,True,flag,shell_layering,mock: escalate,60,16,0.0,True,,,"{""suspicious"": true, ""typology"": ""shell_layering"", ""rationale"": ""mock: escalate""}"
pilot,MOCK,xai_grok,grok-4.5,xai,xai,v_fatf,0,S-shell_layering-m-006,suspicious,shell_layering,medium,suspicious:shell_layering,1149647101,0.0,2026-07-15T14:04:19.860654+00:00,9782e36fe99b0557,afcc962dfc92f4c2d391c6f5c9579da1391c3e8d45e02f41fd101c52c9337121,False,no_flag,,mock: no escalation,60,16,0.0,True,,,"{""suspicious"": false, ""typology"": null, ""rationale"": ""mock: no escalation""}"
pilot,MOCK,xai_grok,grok-4.5,xai,xai,v_fatf,0,S-shell_layering-m-010,suspicious,shell_layering,medium,suspicious:shell_layering,1224465052,0.0,2026-07-15T14:04:19.860675+00:00,28713498f629d265,94296d6b0fafea98ef1b8d27486d6729a78d5560786d6f1dee19d87e06f627a2,True,flag,shell_layering,mock: escalate,60,16,0.0,True,,,"{""suspicious"": true, ""typology"": ""shell_layering"", ""rationale"": ""mock: escalate""}"
pilot,MOCK,xai_grok,grok-4.5,xai,xai,v_fatf,0,S-structuring-e-003,suspicious,structuring,easy,suspicious:structuring,2088973627,0.0,2026-07-15T14:04:19.861629+00:00,5694380cd2204dd0,bdb7714ef81a5904ec46acb472bd3f040a03e386594f19657d1f5c537276b6be,True,flag,structuring,mock: escalate,60,16,0.0,True,,,"{""suspicious"": true, ""typology"": ""structuring"", ""rationale"": ""mock: escalate""}"
pilot,MOCK,xai_grok,grok-4.5,xai,xai,v_fatf,0,S-structuring-e-002,suspicious,structuring,easy,suspicious:structuring,1193930482,0.0,2026-07-15T14:04:19.861691+00:00,3e0a80f0a24411fc,bdb7714ef81a5904ec46acb472bd3f040a03e386594f19657d1f5c537276b6be,True,flag,structuring,mock: escalate,60,16,0.0,True,,,"{""suspicious"": true, ""typology"": ""structuring"", ""rationale"": ""mock: escalate""}"
pilot,MOCK,xai_grok,grok-4.5,xai,xai,v_fatf,0,S-shell_layering-m-012,suspicious,shell_layering,medium,suspicious:shell_layering,691574727,0.0,2026-07-15T14:04:19.861715+00:00,4f61f57ef0afb3f6,94296d6b0fafea98ef1b8d27486d6729a78d5560786d6f1dee19d87e06f627a2,True,flag,shell_layering,mock: escalate,60,16,0.0,True,,,"{""suspicious"": true, ""typology"": ""shell_layering"", ""rationale"": ""mock: escalate""}"
pilot,MOCK,xai_grok,grok-4.5,xai,xai,v_fatf,0,S-structuring-e-006,suspicious,structuring,easy,suspicious:structuring,1915023317,0.0,2026-07-15T14:04:19.861829+00:00,a06a253703bec0b9,bdb7714ef81a5904ec46acb472bd3f040a03e386594f19657d1f5c537276b6be,True,flag,structuring,mock: escalate,60,16,0.0,True,,,"{""suspicious"": true, ""typology"": ""structuring"", ""rationale"": ""mock: escalate""}"
pilot,MOCK,xai_grok,grok-4.5,xai,xai,v_fatf,0,S-structuring-e-007,suspicious,structuring,easy,suspicious:structuring,213638646,0.0,2026-07-15T14:04:19.861866+00:00,f6563ba9caa18e80,bdb7714ef81a5904ec46acb472bd3f040a03e386594f19657d1f5c537276b6be,True,flag,structuring,mock: escalate,60,16,0.0,True,,,"{""suspicious"": true, ""typology"": ""structuring"", ""rationale"": ""mock: escalate""}"
pilot,MOCK,xai_grok,grok-4.5,xai,xai,v_fatf,0,S-structuring-e-009,suspicious,structuring,easy,suspicious:structuring,476174351,0.0,2026-07-15T14:04:19.862711+00:00,b97ae05935b2df32,bdb7714ef81a5904ec46acb472bd3f040a03e386594f19657d1f5c537276b6be,True,flag,structuring,mock: escalate,60,16,0.0,True,,,"{""suspicious"": true, ""typology"": ""structuring"", ""rationale"": ""mock: escalate""}"
pilot,MOCK,xai_grok,grok-4.5,xai,xai,v_fatf,0,S-structuring-h-000,suspicious,structuring,hard,suspicious:structuring,1960965340,0.0,2026-07-15T14:04:19.862745+00:00,cfba9147bf512de6,bdb7714ef81a5904ec46acb472bd3f040a03e386594f19657d1f5c537276b6be,True,flag,structuring,mock: escalate,60,16,0.0,True,,,"{""suspicious"": true, ""typology"": ""structuring"", ""rationale"": ""mock: escalate""}"
pilot,MOCK,xai_grok,grok-4.5,xai,xai,v_fatf,0,S-structuring-h-002,suspicious,structuring,hard,suspicious:structuring,2040575012,0.0,2026-07-15T14:04:19.862786+00:00,2c6a4d3851e34054,afcc962dfc92f4c2d391c6f5c9579da1391c3e8d45e02f41fd101c52c9337121,False,no_flag,,mock: no escalation,60,16,0.0,True,,,"{""suspicious"": false, ""typology"": null, ""rationale"": ""mock: no escalation""}"
pilot,MOCK,xai_grok,grok-4.5,xai,xai,v_fatf,0,S-structuring-h-004,suspicious,structuring,hard,suspicious:structuring,1219507454,0.0,2026-07-15T14:04:19.862999+00:00,9c88a8d374079767,bdb7714ef81a5904ec46acb472bd3f040a03e386594f19657d1f5c537276b6be,True,flag,structuring,mock: escalate,60,16,0.0,True,,,"{""suspicious"": true, ""typology"": ""structuring"", ""rationale"": ""mock: escalate""}"
pilot,MOCK,xai_grok,grok-4.5,xai,xai,v_fatf,0,S-structuring-h-007,suspicious,structuring,hard,suspicious:structuring,1543679278,0.0,2026-07-15T14:04:19.863048+00:00,0dfd581cbc592c14,afcc962dfc92f4c2d391c6f5c9579da1391c3e8d45e02f41fd101c52c9337121,False,no_flag,,mock: no escalation,60,16,0.0,True,,,"{""suspicious"": false, ""typology"": null, ""rationale"": ""mock: no escalation""}"
pilot,MOCK,xai_grok,grok-4.5,xai,xai,v_fatf,0,S-structuring-m-003,suspicious,structuring,medium,suspicious:structuring,1092838966,0.0,2026-07-15T14:04:19.863757+00:00,8e7498730d048579,bdb7714ef81a5904ec46acb472bd3f040a03e386594f19657d1f5c537276b6be,True,flag,structuring,mock: escalate,60,16,0.0,True,,,"{""suspicious"": true, ""typology"": ""structuring"", ""rationale"": ""mock: escalate""}"
pilot,MOCK,xai_grok,grok-4.5,xai,xai,v_fatf,0,S-structuring-m-004,suspicious,structuring,medium,suspicious:structuring,1433194165,0.0,2026-07-15T14:04:19.864094+00:00,42d1167a7791ac65,bdb7714ef81a5904ec46acb472bd3f040a03e386594f19657d1f5c537276b6be,True,flag,structuring,mock: escalate,60,16,0.0,True,,,"{""suspicious"": true, ""typology"": ""structuring"", ""rationale"": ""mock: escalate""}"
pilot,MOCK,xai_grok,grok-4.5,xai,xai,v_fatf,0,S-structuring-m-005,suspicious,structuring,medium,suspicious:structuring,1602609390,0.0,2026-07-15T14:04:19.864165+00:00,390549bb9b183bc8,bdb7714ef81a5904ec46acb472bd3f040a03e386594f19657d1f5c537276b6be,True,flag,structuring,mock: escalate,60,16,0.0,True,,,"{""suspicious"": true, ""typology"": ""structuring"", ""rationale"": ""mock: escalate""}"
pilot,MOCK,xai_grok,grok-4.5,xai,xai,v_fatf,0,S-structuring-m-011,suspicious,structuring,medium,suspicious:structuring,2111131031,0.0,2026-07-15T14:04:19.864185+00:00,63db8f4df307ca69,bdb7714ef81a5904ec46acb472bd3f040a03e386594f19657d1f5c537276b6be,True,flag,structuring,mock: escalate,60,16,0.0,True,,,"{""suspicious"": true, ""typology"": ""structuring"", ""rationale"": ""mock: escalate""}"
pilot,MOCK,xai_grok,grok-4.5,xai,xai,v_fatf,0,S-structuring-m-013,suspicious,structuring,medium,suspicious:structuring,1346861983,0.0,2026-07-15T14:04:19.864239+00:00,73905be4b4fec940,afcc962dfc92f4c2d391c6f5c9579da1391c3e8d45e02f41fd101c52c9337121,False,no_flag,,mock: no escalation,60,16,0.0,True,,,"{""suspicious"": false, ""typology"": null, ""rationale"": ""mock: no escalation""}"
pilot,MOCK,xai_grok,grok-4.5,xai,xai,v_fatf,0,S-structuring-m-014,suspicious,structuring,medium,suspicious:structuring,782918659,0.0,2026-07-15T14:04:19.864835+00:00,65303f88e34defee,bdb7714ef81a5904ec46acb472bd3f040a03e386594f19657d1f5c537276b6be,True,flag,structuring,mock: escalate,60,16,0.0,True,,,"{""suspicious"": true, ""typology"": ""structuring"", ""rationale"": ""mock: escalate""}"
pilot,MOCK,xai_grok,grok-4.5,xai,xai,v_fatf,0,S-trade_based-e-000,suspicious,trade_based,easy,suspicious:trade_based,1020320127,0.0,2026-07-15T14:04:19.865076+00:00,b480bd44991dd282,3692e20a22d0dc3dd113546b2a171e334281a34263d9f80aa11bf35f52f0187b,True,flag,trade_based,mock: escalate,60,16,0.0,True,,,"{""suspicious"": true, ""typology"": ""trade_based"", ""rationale"": ""mock: escalate""}"
pilot,MOCK,xai_grok,grok-4.5,xai,xai,v_fatf,0,S-trade_based-e-002,suspicious,trade_based,easy,suspicious:trade_based,1019200816,0.0,2026-07-15T14:04:19.865102+00:00,ce0812f8e3ab7500,3692e20a22d0dc3dd113546b2a171e334281a34263d9f80aa11bf35f52f0187b,True,flag,trade_based,mock: escalate,60,16,0.0,True,,,"{""suspicious"": true, ""typology"": ""trade_based"", ""rationale"": ""mock: escalate""}"
pilot,MOCK,xai_grok,grok-4.5,xai,xai,v_fatf,0,S-trade_based-e-003,suspicious,trade_based,easy,suspicious:trade_based,1207881597,0.0,2026-07-15T14:04:19.865125+00:00,c5c11d600840838c,3692e20a22d0dc3dd113546b2a171e334281a34263d9f80aa11bf35f52f0187b,True,flag,trade_based,mock: escalate,60,16,0.0,True,,,"{""suspicious"": true, ""typology"": ""trade_based"", ""rationale"": ""mock: escalate""}"
pilot,MOCK,xai_grok,grok-4.5,xai,xai,v_fatf,0,S-trade_based-e-004,suspicious,trade_based,easy,suspicious:trade_based,1626296291,0.0,2026-07-15T14:04:19.865149+00:00,81361da03146c1b3,afcc962dfc92f4c2d391c6f5c9579da1391c3e8d45e02f41fd101c52c9337121,False,no_flag,,mock: no escalation,60,16,0.0,True,,,"{""suspicious"": false, ""typology"": null, ""rationale"": ""mock: no escalation""}"
pilot,MOCK,xai_grok,grok-4.5,xai,xai,v_fatf,0,S-trade_based-e-007,suspicious,trade_based,easy,suspicious:trade_based,1664471014,0.0,2026-07-15T14:04:19.866025+00:00,ca65b9895a0ad929,3692e20a22d0dc3dd113546b2a171e334281a34263d9f80aa11bf35f52f0187b,True,flag,trade_based,mock: escalate,60,16,0.0,True,,,"{""suspicious"": true, ""typology"": ""trade_based"", ""rationale"": ""mock: escalate""}"
pilot,MOCK,xai_grok,grok-4.5,xai,xai,v_fatf,0,S-trade_based-h-000,suspicious,trade_based,hard,suspicious:trade_based,481782772,0.0,2026-07-15T14:04:19.866049+00:00,2de1908d286de57c,afcc962dfc92f4c2d391c6f5c9579da1391c3e8d45e02f41fd101c52c9337121,False,no_flag,,mock: no escalation,60,16,0.0,True,,,"{""suspicious"": false, ""typology"": null, ""rationale"": ""mock: no escalation""}"
pilot,MOCK,xai_grok,grok-4.5,xai,xai,v_fatf,0,S-trade_based-h-001,suspicious,trade_based,hard,suspicious:trade_based,1269520979,0.0,2026-07-15T14:04:19.866072+00:00,77ca369bd4b0d598,afcc962dfc92f4c2d391c6f5c9579da1391c3e8d45e02f41fd101c52c9337121,False,no_flag,,mock: no escalation,60,16,0.0,True,,,"{""suspicious"": false, ""typology"": null, ""rationale"": ""mock: no escalation""}"
pilot,MOCK,xai_grok,grok-4.5,xai,xai,v_fatf,0,S-trade_based-h-007,suspicious,trade_based,hard,suspicious:trade_based,368284655,0.0,2026-07-15T14:04:19.866094+00:00,3fd882559e6f820f,3692e20a22d0dc3dd113546b2a171e334281a34263d9f80aa11bf35f52f0187b,True,flag,trade_based,mock: escalate,60,16,0.0,True,,,"{""suspicious"": true, ""typology"": ""trade_based"", ""rationale"": ""mock: escalate""}"
pilot,MOCK,xai_grok,grok-4.5,xai,xai,v_fatf,0,S-trade_based-h-008,suspicious,trade_based,hard,suspicious:trade_based,1960299287,0.0,2026-07-15T14:04:19.866314+00:00,7921229618c37d0d,afcc962dfc92f4c2d391c6f5c9579da1391c3e8d45e02f41fd101c52c9337121,False,no_flag,,mock: no escalation,60,16,0.0,True,,,"{""suspicious"": false, ""typology"": null, ""rationale"": ""mock: no escalation""}"
pilot,MOCK,xai_grok,grok-4.5,xai,xai,v_fatf,0,S-trade_based-m-000,suspicious,trade_based,medium,suspicious:trade_based,772213749,0.0,2026-07-15T14:04:19.867025+00:00,e0f50263c6549d2a,3692e20a22d0dc3dd113546b2a171e334281a34263d9f80aa11bf35f52f0187b,True,flag,trade_based,mock: escalate,60,16,0.0,True,,,"{""suspicious"": true, ""typology"": ""trade_based"", ""rationale"": ""mock: escalate""}"
pilot,MOCK,xai_grok,grok-4.5,xai,xai,v_fatf,0,S-trade_based-m-004,suspicious,trade_based,medium,suspicious:trade_based,44392523,0.0,2026-07-15T14:04:19.867050+00:00,b014ca2ed7ee0d24,3692e20a22d0dc3dd113546b2a171e334281a34263d9f80aa11bf35f52f0187b,True,flag,trade_based,mock: escalate,60,16,0.0,True,,,"{""suspicious"": true, ""typology"": ""trade_based"", ""rationale"": ""mock: escalate""}"
pilot,MOCK,xai_grok,grok-4.5,xai,xai,v_fatf,0,S-trade_based-m-005,suspicious,trade_based,medium,suspicious:trade_based,12133085,0.0,2026-07-15T14:04:19.867076+00:00,c7d36cc4c3f4f74f,3692e20a22d0dc3dd113546b2a171e334281a34263d9f80aa11bf35f52f0187b,True,flag,trade_based,mock: escalate,60,16,0.0,True,,,"{""suspicious"": true, ""typology"": ""trade_based"", ""rationale"": ""mock: escalate""}"
pilot,MOCK,xai_grok,grok-4.5,xai,xai,v_fatf,0,S-trade_based-m-014,suspicious,trade_based,medium,suspicious:trade_based,1915057449,0.0,2026-07-15T14:04:19.867289+00:00,f58d6495787859f5,3692e20a22d0dc3dd113546b2a171e334281a34263d9f80aa11bf35f52f0187b,True,flag,trade_based,mock: escalate,60,16,0.0,True,,,"{""suspicious"": true, ""typology"": ""trade_based"", ""rationale"": ""mock: escalate""}"
pilot,MOCK,xai_grok,grok-4.5,xai,xai,v_fatf,0,S-trade_based-m-010,suspicious,trade_based,medium,suspicious:trade_based,494764381,0.0,2026-07-15T14:04:19.867338+00:00,ffe92dc7598506ec,3692e20a22d0dc3dd113546b2a171e334281a34263d9f80aa11bf35f52f0187b,True,flag,trade_based,mock: escalate,60,16,0.0,True,,,"{""suspicious"": true, ""typology"": ""trade_based"", ""rationale"": ""mock: escalate""}"
pilot,MOCK,xai_grok,grok-4.5,xai,xai,v_fatf,0,S-trade_based-m-009,suspicious,trade_based,medium,suspicious:trade_based,1272452967,0.0,2026-07-15T14:04:19.868083+00:00,19590c00ada1b39e,3692e20a22d0dc3dd113546b2a171e334281a34263d9f80aa11bf35f52f0187b,True,flag,trade_based,mock: escalate,60,16,0.0,True,,,"{""suspicious"": true, ""typology"": ""trade_based"", ""rationale"": ""mock: escalate""}"
pilot,MOCK,xai_grok,grok-4.5,xai,xai,v_fatf,1,B-genuine_trade_finance-e-001,benign,,easy,benign:genuine_trade_finance,1016312276,0.0,2026-07-15T14:04:19.868428+00:00,7c18698319985f3d,99e631c8805e48aa3203d2eaa4c3cdad8883e2772b2e70dc243354a10ccac037,False,no_flag,,mock: benign,60,16,0.0,True,,,"{""suspicious"": false, ""typology"": null, ""rationale"": ""mock: benign""}"
pilot,MOCK,xai_grok,grok-4.5,xai,xai,v_fatf,1,B-genuine_trade_finance-e-002,benign,,easy,benign:genuine_trade_finance,1633806783,0.0,2026-07-15T14:04:19.868490+00:00,52002aaf54501728,99e631c8805e48aa3203d2eaa4c3cdad8883e2772b2e70dc243354a10ccac037,False,no_flag,,mock: benign,60,16,0.0,True,,,"{""suspicious"": false, ""typology"": null, ""rationale"": ""mock: benign""}"
pilot,MOCK,xai_grok,grok-4.5,xai,xai,v_fatf,1,B-genuine_trade_finance-e-004,benign,,easy,benign:genuine_trade_finance,2065302633,0.0,2026-07-15T14:04:19.868511+00:00,00d36687a5fd56ea,99e631c8805e48aa3203d2eaa4c3cdad8883e2772b2e70dc243354a10ccac037,False,no_flag,,mock: benign,60,16,0.0,True,,,"{""suspicious"": false, ""typology"": null, ""rationale"": ""mock: benign""}"
pilot,MOCK,xai_grok,grok-4.5,xai,xai,v_fatf,1,B-genuine_trade_finance-e-006,benign,,easy,benign:genuine_trade_finance,1946338757,0.0,2026-07-15T14:04:19.868532+00:00,4edfc75f37246529,99e631c8805e48aa3203d2eaa4c3cdad8883e2772b2e70dc243354a10ccac037,False,no_flag,,mock: benign,60,16,0.0,True,,,"{""suspicious"": false, ""typology"": null, ""rationale"": ""mock: benign""}"
pilot,MOCK,xai_grok,grok-4.5,xai,xai,v_fatf,1,B-genuine_trade_finance-e-008,benign,,easy,benign:genuine_trade_finance,1253907369,0.0,2026-07-15T14:04:19.869204+00:00,f06a90e6bedb9674,99e631c8805e48aa3203d2eaa4c3cdad8883e2772b2e70dc243354a10ccac037,False,no_flag,,mock: benign,60,16,0.0,True,,,"{""suspicious"": false, ""typology"": null, ""rationale"": ""mock: benign""}"
pilot,MOCK,xai_grok,grok-4.5,xai,xai,v_fatf,1,B-genuine_trade_finance-h-001,benign,,hard,benign:genuine_trade_finance,594980304,0.0,2026-07-15T14:04:19.869450+00:00,3988b324625bd217,7039235a86e0ed6569a588368ac0e6a2b0d43f7b94a6e5387f588533e311a5da,True,flag,structuring,mock: flag(benign),60,16,0.0,True,,,"{""suspicious"": true, ""typology"": ""structuring"", ""rationale"": ""mock: flag(benign)""}"
pilot,MOCK,xai_grok,grok-4.5,xai,xai,v_fatf,1,B-genuine_trade_finance-h-006,benign,,hard,benign:genuine_trade_finance,1066625785,0.0,2026-07-15T14:04:19.869473+00:00,77f3bbd16cae7050,99e631c8805e48aa3203d2eaa4c3cdad8883e2772b2e70dc243354a10ccac037,False,no_flag,,mock: benign,60,16,0.0,True,,,"{""suspicious"": false, ""typology"": null, ""rationale"": ""mock: benign""}"
pilot,MOCK,xai_grok,grok-4.5,xai,xai,v_fatf,1,B-genuine_trade_finance-h-008,benign,,hard,benign:genuine_trade_finance,1462577752,0.0,2026-07-15T14:04:19.869496+00:00,6476176192bb0e11,99e631c8805e48aa3203d2eaa4c3cdad8883e2772b2e70dc243354a10ccac037,False,no_flag,,mock: benign,60,16,0.0,True,,,"{""suspicious"": false, ""typology"": null, ""rationale"": ""mock: benign""}"
pilot,MOCK,xai_grok,grok-4.5,xai,xai,v_fatf,1,B-genuine_trade_finance-h-010,benign,,hard,benign:genuine_trade_finance,1560037439,0.0,2026-07-15T14:04:19.869518+00:00,40fd55d4f5fc113c,99e631c8805e48aa3203d2eaa4c3cdad8883e2772b2e70dc243354a10ccac037,False,no_flag,,mock: benign,60,16,0.0,True,,,"{""suspicious"": false, ""typology"": null, ""rationale"": ""mock: benign""}"
pilot,MOCK,xai_grok,grok-4.5,xai,xai,v_fatf,1,B-genuine_trade_finance-m-011,benign,,medium,benign:genuine_trade_finance,975718772,0.0,2026-07-15T14:04:19.870788+00:00,1be3e8dffbf55330,99e631c8805e48aa3203d2eaa4c3cdad8883e2772b2e70dc243354a10ccac037,False,no_flag,,mock: benign,60,16,0.0,True,,,"{""suspicious"": false, ""typology"": null, ""rationale"": ""mock: benign""}"
pilot,MOCK,xai_grok,grok-4.5,xai,xai,v_fatf,1,B-genuine_trade_finance-m-000,benign,,medium,benign:genuine_trade_finance,348883008,0.0,2026-07-15T14:04:19.870817+00:00,086711e7ef88e68b,99e631c8805e48aa3203d2eaa4c3cdad8883e2772b2e70dc243354a10ccac037,False,no_flag,,mock: benign,60,16,0.0,True,,,"{""suspicious"": false, ""typology"": null, ""rationale"": ""mock: benign""}"
pilot,MOCK,xai_grok,grok-4.5,xai,xai,v_fatf,1,B-genuine_trade_finance-m-003,benign,,medium,benign:genuine_trade_finance,1101598673,0.0,2026-07-15T14:04:19.870845+00:00,90cdf883cd20b429,99e631c8805e48aa3203d2eaa4c3cdad8883e2772b2e70dc243354a10ccac037,False,no_flag,,mock: benign,60,16,0.0,True,,,"{""suspicious"": false, ""typology"": null, ""rationale"": ""mock: benign""}"
pilot,MOCK,xai_grok,grok-4.5,xai,xai,v_fatf,1,B-genuine_trade_finance-m-002,benign,,medium,benign:genuine_trade_finance,1516254916,0.0,2026-07-15T14:04:19.870870+00:00,c31fe0dbdf98271e,99e631c8805e48aa3203d2eaa4c3cdad8883e2772b2e70dc243354a10ccac037,False,no_flag,,mock: benign,60,16,0.0,True,,,"{""suspicious"": false, ""typology"": null, ""rationale"": ""mock: benign""}"
pilot,MOCK,xai_grok,grok-4.5,xai,xai,v_fatf,1,B-genuine_trade_finance-m-012,benign,,medium,benign:genuine_trade_finance,1365694120,0.0,2026-07-15T14:04:19.871107+00:00,cbfd1be8d7783220,99e631c8805e48aa3203d2eaa4c3cdad8883e2772b2e70dc243354a10ccac037,False,no_flag,,mock: benign,60,16,0.0,True,,,"{""suspicious"": false, ""typology"": null, ""rationale"": ""mock: benign""}"
pilot,MOCK,xai_grok,grok-4.5,xai,xai,v_fatf,1,B-genuine_trade_finance-m-013,benign,,medium,benign:genuine_trade_finance,1465436930,0.0,2026-07-15T14:04:19.871858+00:00,6ba05ee3fec8549a,99e631c8805e48aa3203d2eaa4c3cdad8883e2772b2e70dc243354a10ccac037,False,no_flag,,mock: benign,60,16,0.0,True,,,"{""suspicious"": false, ""typology"": null, ""rationale"": ""mock: benign""}"
pilot,MOCK,xai_grok,grok-4.5,xai,xai,v_fatf,1,B-loan_disbursement-e-000,benign,,easy,benign:loan_disbursement,803935333,0.0,2026-07-15T14:04:19.871883+00:00,21734fad644a1e43,99e631c8805e48aa3203d2eaa4c3cdad8883e2772b2e70dc243354a10ccac037,False,no_flag,,mock: benign,60,16,0.0,True,,,"{""suspicious"": false, ""typology"": null, ""rationale"": ""mock: benign""}"
pilot,MOCK,xai_grok,grok-4.5,xai,xai,v_fatf,1,B-loan_disbursement-e-002,benign,,easy,benign:loan_disbursement,207325480,0.0,2026-07-15T14:04:19.871907+00:00,3d7c84c5ad76718b,99e631c8805e48aa3203d2eaa4c3cdad8883e2772b2e70dc243354a10ccac037,False,no_flag,,mock: benign,60,16,0.0,True,,,"{""suspicious"": false, ""typology"": null, ""rationale"": ""mock: benign""}"
pilot,MOCK,xai_grok,grok-4.5,xai,xai,v_fatf,1,B-loan_disbursement-e-006,benign,,easy,benign:loan_disbursement,140605280,0.0,2026-07-15T14:04:19.872160+00:00,baf9e5832b96e981,99e631c8805e48aa3203d2eaa4c3cdad8883e2772b2e70dc243354a10ccac037,False,no_flag,,mock: benign,60,16,0.0,True,,,"{""suspicious"": false, ""typology"": null, ""rationale"": ""mock: benign""}"
pilot,MOCK,xai_grok,grok-4.5,xai,xai,v_fatf,1,B-loan_disbursement-e-008,benign,,easy,benign:loan_disbursement,266503157,0.0,2026-07-15T14:04:19.872182+00:00,df41455f022c724b,99e631c8805e48aa3203d2eaa4c3cdad8883e2772b2e70dc243354a10ccac037,False,no_flag,,mock: benign,60,16,0.0,True,,,"{""suspicious"": false, ""typology"": null, ""rationale"": ""mock: benign""}"
pilot,MOCK,xai_grok,grok-4.5,xai,xai,v_fatf,1,B-loan_disbursement-e-011,benign,,easy,benign:loan_disbursement,1071464484,0.0,2026-07-15T14:04:19.872861+00:00,4843322add9b4f3d,99e631c8805e48aa3203d2eaa4c3cdad8883e2772b2e70dc243354a10ccac037,False,no_flag,,mock: benign,60,16,0.0,True,,,"{""suspicious"": false, ""typology"": null, ""rationale"": ""mock: benign""}"
pilot,MOCK,xai_grok,grok-4.5,xai,xai,v_fatf,1,B-loan_disbursement-h-000,benign,,hard,benign:loan_disbursement,1508904472,0.0,2026-07-15T14:04:19.873220+00:00,8a3ebf5d60a57e92,99e631c8805e48aa3203d2eaa4c3cdad8883e2772b2e70dc243354a10ccac037,False,no_flag,,mock: benign,60,16,0.0,True,,,"{""suspicious"": false, ""typology"": null, ""rationale"": ""mock: benign""}"
pilot,MOCK,xai_grok,grok-4.5,xai,xai,v_fatf,1,B-loan_disbursement-h-004,benign,,hard,benign:loan_disbursement,1755688804,0.0,2026-07-15T14:04:19.873296+00:00,4c8009bc7e15efe5,7039235a86e0ed6569a588368ac0e6a2b0d43f7b94a6e5387f588533e311a5da,True,flag,structuring,mock: flag(benign),60,16,0.0,True,,,"{""suspicious"": true, ""typology"": ""structuring"", ""rationale"": ""mock: flag(benign)""}"
pilot,MOCK,xai_grok,grok-4.5,xai,xai,v_fatf,1,B-loan_disbursement-h-005,benign,,hard,benign:loan_disbursement,2008135566,0.0,2026-07-15T14:04:19.873317+00:00,b0a7e1265422344d,99e631c8805e48aa3203d2eaa4c3cdad8883e2772b2e70dc243354a10ccac037,False,no_flag,,mock: benign,60,16,0.0,True,,,"{""suspicious"": false, ""typology"": null, ""rationale"": ""mock: benign""}"
pilot,MOCK,xai_grok,grok-4.5,xai,xai,v_fatf,1,B-loan_disbursement-h-009,benign,,hard,benign:loan_disbursement,2108706345,0.0,2026-07-15T14:04:19.873336+00:00,9f2e50412b13b061,99e631c8805e48aa3203d2eaa4c3cdad8883e2772b2e70dc243354a10ccac037,False,no_flag,,mock: benign,60,16,0.0,True,,,"{""suspicious"": false, ""typology"": null, ""rationale"": ""mock: benign""}"
pilot,MOCK,xai_grok,grok-4.5,xai,xai,v_fatf,1,B-loan_disbursement-m-005,benign,,medium,benign:loan_disbursement,1913692346,0.0,2026-07-15T14:04:19.874008+00:00,5403941aeecc9850,99e631c8805e48aa3203d2eaa4c3cdad8883e2772b2e70dc243354a10ccac037,False,no_flag,,mock: benign,60,16,0.0,True,,,"{""suspicious"": false, ""typology"": null, ""rationale"": ""mock: benign""}"
pilot,MOCK,xai_grok,grok-4.5,xai,xai,v_fatf,1,B-loan_disbursement-m-006,benign,,medium,benign:loan_disbursement,1326044044,0.0,2026-07-15T14:04:19.874250+00:00,98ec5440a773eefd,99e631c8805e48aa3203d2eaa4c3cdad8883e2772b2e70dc243354a10ccac037,False,no_flag,,mock: benign,60,16,0.0,True,,,"{""suspicious"": false, ""typology"": null, ""rationale"": ""mock: benign""}"
pilot,MOCK,xai_grok,grok-4.5,xai,xai,v_fatf,1,B-loan_disbursement-m-007,benign,,medium,benign:loan_disbursement,2045954713,0.0,2026-07-15T14:04:19.874272+00:00,e35f7cd6092e0912,99e631c8805e48aa3203d2eaa4c3cdad8883e2772b2e70dc243354a10ccac037,False,no_flag,,mock: benign,60,16,0.0,True,,,"{""suspicious"": false, ""typology"": null, ""rationale"": ""mock: benign""}"
pilot,MOCK,xai_grok,grok-4.5,xai,xai,v_fatf,1,B-loan_disbursement-m-008,benign,,medium,benign:loan_disbursement,441426471,0.0,2026-07-15T14:04:19.874295+00:00,56b3e59f94daa19d,99e631c8805e48aa3203d2eaa4c3cdad8883e2772b2e70dc243354a10ccac037,False,no_flag,,mock: benign,60,16,0.0,True,,,"{""suspicious"": false, ""typology"": null, ""rationale"": ""mock: benign""}"
pilot,MOCK,xai_grok,grok-4.5,xai,xai,v_fatf,1,B-loan_disbursement-m-010,benign,,medium,benign:loan_disbursement,859232535,0.0,2026-07-15T14:04:19.874315+00:00,a4bd89ef2d79bef4,99e631c8805e48aa3203d2eaa4c3cdad8883e2772b2e70dc243354a10ccac037,False,no_flag,,mock: benign,60,16,0.0,True,,,"{""suspicious"": false, ""typology"": null, ""rationale"": ""mock: benign""}"
pilot,MOCK,xai_grok,grok-4.5,xai,xai,v_fatf,1,B-loan_disbursement-m-012,benign,,medium,benign:loan_disbursement,2046931888,0.0,2026-07-15T14:04:19.875189+00:00,767bd6e6902ce320,99e631c8805e48aa3203d2eaa4c3cdad8883e2772b2e70dc243354a10ccac037,False,no_flag,,mock: benign,60,16,0.0,True,,,"{""suspicious"": false, ""typology"": null, ""rationale"": ""mock: benign""}"
pilot,MOCK,xai_grok,grok-4.5,xai,xai,v_fatf,1,B-marketplace_payouts-e-000,benign,,easy,benign:marketplace_payouts,1379829704,0.0,2026-07-15T14:04:19.875213+00:00,5663e33f12720973,99e631c8805e48aa3203d2eaa4c3cdad8883e2772b2e70dc243354a10ccac037,False,no_flag,,mock: benign,60,16,0.0,True,,,"{""suspicious"": false, ""typology"": null, ""rationale"": ""mock: benign""}"
pilot,MOCK,xai_grok,grok-4.5,xai,xai,v_fatf,1,B-marketplace_payouts-e-003,benign,,easy,benign:marketplace_payouts,167756150,0.0,2026-07-15T14:04:19.875235+00:00,3b3ce83a51bb7026,99e631c8805e48aa3203d2eaa4c3cdad8883e2772b2e70dc243354a10ccac037,False,no_flag,,mock: benign,60,16,0.0,True,,,"{""suspicious"": false, ""typology"": null, ""rationale"": ""mock: benign""}"
pilot,MOCK,xai_grok,grok-4.5,xai,xai,v_fatf,1,B-marketplace_payouts-e-004,benign,,easy,benign:marketplace_payouts,1780267671,0.0,2026-07-15T14:04:19.875255+00:00,b040bc916749a437,99e631c8805e48aa3203d2eaa4c3cdad8883e2772b2e70dc243354a10ccac037,False,no_flag,,mock: benign,60,16,0.0,True,,,"{""suspicious"": false, ""typology"": null, ""rationale"": ""mock: benign""}"
pilot,MOCK,xai_grok,grok-4.5,xai,xai,v_fatf,1,B-marketplace_payouts-h-008,benign,,hard,benign:marketplace_payouts,1422195571,0.0,2026-07-15T14:04:19.875499+00:00,3d9a6392c787832f,99e631c8805e48aa3203d2eaa4c3cdad8883e2772b2e70dc243354a10ccac037,False,no_flag,,mock: benign,60,16,0.0,True,,,"{""suspicious"": false, ""typology"": null, ""rationale"": ""mock: benign""}"
pilot,MOCK,xai_grok,grok-4.5,xai,xai,v_fatf,1,B-marketplace_payouts-e-008,benign,,easy,benign:marketplace_payouts,127380674,0.0,2026-07-15T14:04:19.876192+00:00,6e4ec420086f7004,99e631c8805e48aa3203d2eaa4c3cdad8883e2772b2e70dc243354a10ccac037,False,no_flag,,mock: benign,60,16,0.0,True,,,"{""suspicious"": false, ""typology"": null, ""rationale"": ""mock: benign""}"
pilot,MOCK,xai_grok,grok-4.5,xai,xai,v_fatf,1,B-marketplace_payouts-h-004,benign,,hard,benign:marketplace_payouts,1656387653,0.0,2026-07-15T14:04:19.876216+00:00,c47677419a08d569,7039235a86e0ed6569a588368ac0e6a2b0d43f7b94a6e5387f588533e311a5da,True,flag,structuring,mock: flag(benign),60,16,0.0,True,,,"{""suspicious"": true, ""typology"": ""structuring"", ""rationale"": ""mock: flag(benign)""}"
pilot,MOCK,xai_grok,grok-4.5,xai,xai,v_fatf,1,B-marketplace_payouts-e-011,benign,,easy,benign:marketplace_payouts,821189097,0.0,2026-07-15T14:04:19.876241+00:00,25f45e8ff9ebcbc6,99e631c8805e48aa3203d2eaa4c3cdad8883e2772b2e70dc243354a10ccac037,False,no_flag,,mock: benign,60,16,0.0,True,,,"{""suspicious"": false, ""typology"": null, ""rationale"": ""mock: benign""}"
pilot,MOCK,xai_grok,grok-4.5,xai,xai,v_fatf,1,B-marketplace_payouts-m-000,benign,,medium,benign:marketplace_payouts,1827419403,0.0,2026-07-15T14:04:19.876447+00:00,c7e638b1ea3184ce,99e631c8805e48aa3203d2eaa4c3cdad8883e2772b2e70dc243354a10ccac037,False,no_flag,,mock: benign,60,16,0.0,True,,,"{""suspicious"": false, ""typology"": null, ""rationale"": ""mock: benign""}"
pilot,MOCK,xai_grok,grok-4.5,xai,xai,v_fatf,1,B-marketplace_payouts-h-010,benign,,hard,benign:marketplace_payouts,1752070402,0.0,2026-07-15T14:04:19.876497+00:00,17c691d3440fce5b,7039235a86e0ed6569a588368ac0e6a2b0d43f7b94a6e5387f588533e311a5da,True,flag,structuring,mock: flag(benign),60,16,0.0,True,,,"{""suspicious"": true, ""typology"": ""structuring"", ""rationale"": ""mock: flag(benign)""}"
pilot,MOCK,xai_grok,grok-4.5,xai,xai,v_fatf,1,B-marketplace_payouts-h-009,benign,,hard,benign:marketplace_payouts,303463763,0.0,2026-07-15T14:04:19.877233+00:00,10ecd3b90a91a571,7039235a86e0ed6569a588368ac0e6a2b0d43f7b94a6e5387f588533e311a5da,True,flag,structuring,mock: flag(benign),60,16,0.0,True,,,"{""suspicious"": true, ""typology"": ""structuring"", ""rationale"": ""mock: flag(benign)""}"
pilot,MOCK,xai_grok,grok-4.5,xai,xai,v_fatf,1,B-marketplace_payouts-m-002,benign,,medium,benign:marketplace_payouts,1485470355,0.0,2026-07-15T14:04:19.877607+00:00,4cc739ec1b8324b5,99e631c8805e48aa3203d2eaa4c3cdad8883e2772b2e70dc243354a10ccac037,False,no_flag,,mock: benign,60,16,0.0,True,,,"{""suspicious"": false, ""typology"": null, ""rationale"": ""mock: benign""}"
pilot,MOCK,xai_grok,grok-4.5,xai,xai,v_fatf,1,B-marketplace_payouts-m-005,benign,,medium,benign:marketplace_payouts,948264805,0.0,2026-07-15T14:04:19.877680+00:00,0f3a1a2df1d5eed5,99e631c8805e48aa3203d2eaa4c3cdad8883e2772b2e70dc243354a10ccac037,False,no_flag,,mock: benign,60,16,0.0,True,,,"{""suspicious"": false, ""typology"": null, ""rationale"": ""mock: benign""}"
pilot,MOCK,xai_grok,grok-4.5,xai,xai,v_fatf,1,B-marketplace_payouts-m-003,benign,,medium,benign:marketplace_payouts,14962763,0.0,2026-07-15T14:04:19.877699+00:00,5b6486bb59dc0be6,99e631c8805e48aa3203d2eaa4c3cdad8883e2772b2e70dc243354a10ccac037,False,no_flag,,mock: benign,60,16,0.0,True,,,"{""suspicious"": false, ""typology"": null, ""rationale"": ""mock: benign""}"
pilot,MOCK,xai_grok,grok-4.5,xai,xai,v_fatf,1,B-marketplace_payouts-m-007,benign,,medium,benign:marketplace_payouts,968056954,0.0,2026-07-15T14:04:19.877718+00:00,76b2873e1fbdb9c3,99e631c8805e48aa3203d2eaa4c3cdad8883e2772b2e70dc243354a10ccac037,False,no_flag,,mock: benign,60,16,0.0,True,,,"{""suspicious"": false, ""typology"": null, ""rationale"": ""mock: benign""}"
pilot,MOCK,xai_grok,grok-4.5,xai,xai,v_fatf,1,B-marketplace_payouts-m-010,benign,,medium,benign:marketplace_payouts,1359357971,0.0,2026-07-15T14:04:19.878380+00:00,9479ca118b3a4571,99e631c8805e48aa3203d2eaa4c3cdad8883e2772b2e70dc243354a10ccac037,False,no_flag,,mock: benign,60,16,0.0,True,,,"{""suspicious"": false, ""typology"": null, ""rationale"": ""mock: benign""}"
pilot,MOCK,xai_grok,grok-4.5,xai,xai,v_fatf,1,B-payroll_fanout-e-003,benign,,easy,benign:payroll_fanout,1471807259,0.0,2026-07-15T14:04:19.878641+00:00,deeeccd9cb0145cd,99e631c8805e48aa3203d2eaa4c3cdad8883e2772b2e70dc243354a10ccac037,False,no_flag,,mock: benign,60,16,0.0,True,,,"{""suspicious"": false, ""typology"": null, ""rationale"": ""mock: benign""}"
pilot,MOCK,xai_grok,grok-4.5,xai,xai,v_fatf,1,B-payroll_fanout-e-001,benign,,easy,benign:payroll_fanout,1076065690,0.0,2026-07-15T14:04:19.878663+00:00,7fb2fa1a55977874,99e631c8805e48aa3203d2eaa4c3cdad8883e2772b2e70dc243354a10ccac037,False,no_flag,,mock: benign,60,16,0.0,True,,,"{""suspicious"": false, ""typology"": null, ""rationale"": ""mock: benign""}"
pilot,MOCK,xai_grok,grok-4.5,xai,xai,v_fatf,1,B-payroll_fanout-e-006,benign,,easy,benign:payroll_fanout,1677677848,0.0,2026-07-15T14:04:19.878687+00:00,99260457155dc130,99e631c8805e48aa3203d2eaa4c3cdad8883e2772b2e70dc243354a10ccac037,False,no_flag,,mock: benign,60,16,0.0,True,,,"{""suspicious"": false, ""typology"": null, ""rationale"": ""mock: benign""}"
pilot,MOCK,xai_grok,grok-4.5,xai,xai,v_fatf,1,B-payroll_fanout-e-008,benign,,easy,benign:payroll_fanout,1697765633,0.0,2026-07-15T14:04:19.878708+00:00,b963a9da7e25a487,99e631c8805e48aa3203d2eaa4c3cdad8883e2772b2e70dc243354a10ccac037,False,no_flag,,mock: benign,60,16,0.0,True,,,"{""suspicious"": false, ""typology"": null, ""rationale"": ""mock: benign""}"
pilot,MOCK,xai_grok,grok-4.5,xai,xai,v_fatf,1,B-payroll_fanout-h-000,benign,,hard,benign:payroll_fanout,1792948055,0.0,2026-07-15T14:04:19.879703+00:00,320912916c3a0416,99e631c8805e48aa3203d2eaa4c3cdad8883e2772b2e70dc243354a10ccac037,False,no_flag,,mock: benign,60,16,0.0,True,,,"{""suspicious"": false, ""typology"": null, ""rationale"": ""mock: benign""}"
pilot,MOCK,xai_grok,grok-4.5,xai,xai,v_fatf,1,B-payroll_fanout-e-009,benign,,easy,benign:payroll_fanout,698907809,0.0,2026-07-15T14:04:19.879730+00:00,f08ca73f945d8835,99e631c8805e48aa3203d2eaa4c3cdad8883e2772b2e70dc243354a10ccac037,False,no_flag,,mock: benign,60,16,0.0,True,,,"{""suspicious"": false, ""typology"": null, ""rationale"": ""mock: benign""}"
pilot,MOCK,xai_grok,grok-4.5,xai,xai,v_fatf,1,B-payroll_fanout-h-003,benign,,hard,benign:payroll_fanout,836104417,0.0,2026-07-15T14:04:19.879766+00:00,db5ebfaf8c3026c3,99e631c8805e48aa3203d2eaa4c3cdad8883e2772b2e70dc243354a10ccac037,False,no_flag,,mock: benign,60,16,0.0,True,,,"{""suspicious"": false, ""typology"": null, ""rationale"": ""mock: benign""}"
pilot,MOCK,xai_grok,grok-4.5,xai,xai,v_fatf,1,B-payroll_fanout-h-002,benign,,hard,benign:payroll_fanout,1595080568,0.0,2026-07-15T14:04:19.879789+00:00,4e26f7634de83b74,99e631c8805e48aa3203d2eaa4c3cdad8883e2772b2e70dc243354a10ccac037,False,no_flag,,mock: benign,60,16,0.0,True,,,"{""suspicious"": false, ""typology"": null, ""rationale"": ""mock: benign""}"
pilot,MOCK,xai_grok,grok-4.5,xai,xai,v_fatf,1,B-payroll_fanout-m-005,benign,,medium,benign:payroll_fanout,1895005559,0.0,2026-07-15T14:04:19.880003+00:00,061f9b8b394a0228,99e631c8805e48aa3203d2eaa4c3cdad8883e2772b2e70dc243354a10ccac037,False,no_flag,,mock: benign,60,16,0.0,True,,,"{""suspicious"": false, ""typology"": null, ""rationale"": ""mock: benign""}"
pilot,MOCK,xai_grok,grok-4.5,xai,xai,v_fatf,1,B-payroll_fanout-m-000,benign,,medium,benign:payroll_fanout,1889557757,0.0,2026-07-15T14:04:19.880655+00:00,e06f6fad72e820a6,99e631c8805e48aa3203d2eaa4c3cdad8883e2772b2e70dc243354a10ccac037,False,no_flag,,mock: benign,60,16,0.0,True,,,"{""suspicious"": false, ""typology"": null, ""rationale"": ""mock: benign""}"
pilot,MOCK,xai_grok,grok-4.5,xai,xai,v_fatf,1,B-payroll_fanout-h-010,benign,,hard,benign:payroll_fanout,365215418,0.0,2026-07-15T14:04:19.880680+00:00,105c92709544526f,99e631c8805e48aa3203d2eaa4c3cdad8883e2772b2e70dc243354a10ccac037,False,no_flag,,mock: benign,60,16,0.0,True,,,"{""suspicious"": false, ""typology"": null, ""rationale"": ""mock: benign""}"
pilot,MOCK,xai_grok,grok-4.5,xai,xai,v_fatf,1,B-payroll_fanout-m-006,benign,,medium,benign:payroll_fanout,1407961105,0.0,2026-07-15T14:04:19.880741+00:00,e41e0e1c999a15ef,99e631c8805e48aa3203d2eaa4c3cdad8883e2772b2e70dc243354a10ccac037,False,no_flag,,mock: benign,60,16,0.0,True,,,"{""suspicious"": false, ""typology"": null, ""rationale"": ""mock: benign""}"
pilot,MOCK,xai_grok,grok-4.5,xai,xai,v_fatf,1,B-payroll_fanout-m-008,benign,,medium,benign:payroll_fanout,499477391,0.0,2026-07-15T14:04:19.880798+00:00,bc2604ec29481164,99e631c8805e48aa3203d2eaa4c3cdad8883e2772b2e70dc243354a10ccac037,False,no_flag,,mock: benign,60,16,0.0,True,,,"{""suspicious"": false, ""typology"": null, ""rationale"": ""mock: benign""}"
pilot,MOCK,xai_grok,grok-4.5,xai,xai,v_fatf,1,B-payroll_fanout-m-012,benign,,medium,benign:payroll_fanout,1531204404,0.0,2026-07-15T14:04:19.881010+00:00,b7fbc27df8066945,99e631c8805e48aa3203d2eaa4c3cdad8883e2772b2e70dc243354a10ccac037,False,no_flag,,mock: benign,60,16,0.0,True,,,"{""suspicious"": false, ""typology"": null, ""rationale"": ""mock: benign""}"
pilot,MOCK,xai_grok,grok-4.5,xai,xai,v_fatf,1,B-payroll_fanout-m-011,benign,,medium,benign:payroll_fanout,337584768,0.0,2026-07-15T14:04:19.881604+00:00,a2afb68bd5cf0616,99e631c8805e48aa3203d2eaa4c3cdad8883e2772b2e70dc243354a10ccac037,False,no_flag,,mock: benign,60,16,0.0,True,,,"{""suspicious"": false, ""typology"": null, ""rationale"": ""mock: benign""}"
pilot,MOCK,xai_grok,grok-4.5,xai,xai,v_fatf,1,B-remittance_corridor-e-000,benign,,easy,benign:remittance_corridor,960436416,0.0,2026-07-15T14:04:19.881904+00:00,c595ea37777799e0,99e631c8805e48aa3203d2eaa4c3cdad8883e2772b2e70dc243354a10ccac037,False,no_flag,,mock: benign,60,16,0.0,True,,,"{""suspicious"": false, ""typology"": null, ""rationale"": ""mock: benign""}"
pilot,MOCK,xai_grok,grok-4.5,xai,xai,v_fatf,1,B-remittance_corridor-e-007,benign,,easy,benign:remittance_corridor,1551291156,0.0,2026-07-15T14:04:19.881967+00:00,16ae8129228ce16a,99e631c8805e48aa3203d2eaa4c3cdad8883e2772b2e70dc243354a10ccac037,False,no_flag,,mock: benign,60,16,0.0,True,,,"{""suspicious"": false, ""typology"": null, ""rationale"": ""mock: benign""}"
pilot,MOCK,xai_grok,grok-4.5,xai,xai,v_fatf,1,B-remittance_corridor-e-009,benign,,easy,benign:remittance_corridor,1238062129,0.0,2026-07-15T14:04:19.881987+00:00,6152352a3ee4f59d,99e631c8805e48aa3203d2eaa4c3cdad8883e2772b2e70dc243354a10ccac037,False,no_flag,,mock: benign,60,16,0.0,True,,,"{""suspicious"": false, ""typology"": null, ""rationale"": ""mock: benign""}"
pilot,MOCK,xai_grok,grok-4.5,xai,xai,v_fatf,1,B-remittance_corridor-e-010,benign,,easy,benign:remittance_corridor,1343699165,0.0,2026-07-15T14:04:19.882007+00:00,96e40843b0261d46,99e631c8805e48aa3203d2eaa4c3cdad8883e2772b2e70dc243354a10ccac037,False,no_flag,,mock: benign,60,16,0.0,True,,,"{""suspicious"": false, ""typology"": null, ""rationale"": ""mock: benign""}"
pilot,MOCK,xai_grok,grok-4.5,xai,xai,v_fatf,1,B-remittance_corridor-e-011,benign,,easy,benign:remittance_corridor,1830669192,0.0,2026-07-15T14:04:19.882670+00:00,d225096579459d49,99e631c8805e48aa3203d2eaa4c3cdad8883e2772b2e70dc243354a10ccac037,False,no_flag,,mock: benign,60,16,0.0,True,,,"{""suspicious"": false, ""typology"": null, ""rationale"": ""mock: benign""}"
pilot,MOCK,xai_grok,grok-4.5,xai,xai,v_fatf,1,B-remittance_corridor-h-001,benign,,hard,benign:remittance_corridor,1619481790,0.0,2026-07-15T14:04:19.882911+00:00,b4fdddd7093cba1d,7039235a86e0ed6569a588368ac0e6a2b0d43f7b94a6e5387f588533e311a5da,True,flag,structuring,mock: flag(benign),60,16,0.0,True,,,"{""suspicious"": true, ""typology"": ""structuring"", ""rationale"": ""mock: flag(benign)""}"
pilot,MOCK,xai_grok,grok-4.5,xai,xai,v_fatf,1,B-remittance_corridor-h-009,benign,,hard,benign:remittance_corridor,1365424786,0.0,2026-07-15T14:04:19.882954+00:00,fd1898dc1914d147,99e631c8805e48aa3203d2eaa4c3cdad8883e2772b2e70dc243354a10ccac037,False,no_flag,,mock: benign,60,16,0.0,True,,,"{""suspicious"": false, ""typology"": null, ""rationale"": ""mock: benign""}"
pilot,MOCK,xai_grok,grok-4.5,xai,xai,v_fatf,1,B-remittance_corridor-h-002,benign,,hard,benign:remittance_corridor,105190752,0.0,2026-07-15T14:04:19.882976+00:00,aaad02749155f101,99e631c8805e48aa3203d2eaa4c3cdad8883e2772b2e70dc243354a10ccac037,False,no_flag,,mock: benign,60,16,0.0,True,,,"{""suspicious"": false, ""typology"": null, ""rationale"": ""mock: benign""}"
pilot,MOCK,xai_grok,grok-4.5,xai,xai,v_fatf,1,B-remittance_corridor-h-010,benign,,hard,benign:remittance_corridor,637249932,0.0,2026-07-15T14:04:19.883017+00:00,7cd764a2f64d0121,7039235a86e0ed6569a588368ac0e6a2b0d43f7b94a6e5387f588533e311a5da,True,flag,structuring,mock: flag(benign),60,16,0.0,True,,,"{""suspicious"": true, ""typology"": ""structuring"", ""rationale"": ""mock: flag(benign)""}"
pilot,MOCK,xai_grok,grok-4.5,xai,xai,v_fatf,1,B-remittance_corridor-m-002,benign,,medium,benign:remittance_corridor,540717223,0.0,2026-07-15T14:04:19.884206+00:00,0d0eef3668a2a0a8,99e631c8805e48aa3203d2eaa4c3cdad8883e2772b2e70dc243354a10ccac037,False,no_flag,,mock: benign,60,16,0.0,True,,,"{""suspicious"": false, ""typology"": null, ""rationale"": ""mock: benign""}"
pilot,MOCK,xai_grok,grok-4.5,xai,xai,v_fatf,1,B-remittance_corridor-m-004,benign,,medium,benign:remittance_corridor,163674109,0.0,2026-07-15T14:04:19.884276+00:00,d38e19c5f1358fab,99e631c8805e48aa3203d2eaa4c3cdad8883e2772b2e70dc243354a10ccac037,False,no_flag,,mock: benign,60,16,0.0,True,,,"{""suspicious"": false, ""typology"": null, ""rationale"": ""mock: benign""}"
pilot,MOCK,xai_grok,grok-4.5,xai,xai,v_fatf,1,B-remittance_corridor-m-011,benign,,medium,benign:remittance_corridor,545371959,0.0,2026-07-15T14:04:19.884405+00:00,7d1e08cdb85f24e4,99e631c8805e48aa3203d2eaa4c3cdad8883e2772b2e70dc243354a10ccac037,False,no_flag,,mock: benign,60,16,0.0,True,,,"{""suspicious"": false, ""typology"": null, ""rationale"": ""mock: benign""}"
pilot,MOCK,xai_grok,grok-4.5,xai,xai,v_fatf,1,B-remittance_corridor-m-003,benign,,medium,benign:remittance_corridor,1736997260,0.0,2026-07-15T14:04:19.884597+00:00,e658b357690c48e6,99e631c8805e48aa3203d2eaa4c3cdad8883e2772b2e70dc243354a10ccac037,False,no_flag,,mock: benign,60,16,0.0,True,,,"{""suspicious"": false, ""typology"": null, ""rationale"": ""mock: benign""}"
pilot,MOCK,xai_grok,grok-4.5,xai,xai,v_fatf,1,B-remittance_corridor-m-007,benign,,medium,benign:remittance_corridor,41834686,0.0,2026-07-15T14:04:19.884645+00:00,4d5e8c1d39d9da71,99e631c8805e48aa3203d2eaa4c3cdad8883e2772b2e70dc243354a10ccac037,False,no_flag,,mock: benign,60,16,0.0,True,,,"{""suspicious"": false, ""typology"": null, ""rationale"": ""mock: benign""}"
pilot,MOCK,xai_grok,grok-4.5,xai,xai,v_fatf,1,B-remittance_corridor-m-012,benign,,medium,benign:remittance_corridor,643304713,0.0,2026-07-15T14:04:19.886029+00:00,3931531383f35b67,99e631c8805e48aa3203d2eaa4c3cdad8883e2772b2e70dc243354a10ccac037,False,no_flag,,mock: benign,60,16,0.0,True,,,"{""suspicious"": false, ""typology"": null, ""rationale"": ""mock: benign""}"
pilot,MOCK,xai_grok,grok-4.5,xai,xai,v_fatf,1,B-retail_settlement-e-006,benign,,easy,benign:retail_settlement,1563734617,0.0,2026-07-15T14:04:19.886300+00:00,783aefbcbb8dae0a,99e631c8805e48aa3203d2eaa4c3cdad8883e2772b2e70dc243354a10ccac037,False,no_flag,,mock: benign,60,16,0.0,True,,,"{""suspicious"": false, ""typology"": null, ""rationale"": ""mock: benign""}"
pilot,MOCK,xai_grok,grok-4.5,xai,xai,v_fatf,1,B-retail_settlement-e-005,benign,,easy,benign:retail_settlement,1143267202,0.0,2026-07-15T14:04:19.886356+00:00,ecf9e11020a9fcfc,99e631c8805e48aa3203d2eaa4c3cdad8883e2772b2e70dc243354a10ccac037,False,no_flag,,mock: benign,60,16,0.0,True,,,"{""suspicious"": false, ""typology"": null, ""rationale"": ""mock: benign""}"
pilot,MOCK,xai_grok,grok-4.5,xai,xai,v_fatf,1,B-retail_settlement-e-004,benign,,easy,benign:retail_settlement,1201220312,0.0,2026-07-15T14:04:19.886378+00:00,6afd943b2f0de134,99e631c8805e48aa3203d2eaa4c3cdad8883e2772b2e70dc243354a10ccac037,False,no_flag,,mock: benign,60,16,0.0,True,,,"{""suspicious"": false, ""typology"": null, ""rationale"": ""mock: benign""}"
pilot,MOCK,xai_grok,grok-4.5,xai,xai,v_fatf,1,B-retail_settlement-e-007,benign,,easy,benign:retail_settlement,1494919619,0.0,2026-07-15T14:04:19.886419+00:00,afb94db28fa3f205,99e631c8805e48aa3203d2eaa4c3cdad8883e2772b2e70dc243354a10ccac037,False,no_flag,,mock: benign,60,16,0.0,True,,,"{""suspicious"": false, ""typology"": null, ""rationale"": ""mock: benign""}"
pilot,MOCK,xai_grok,grok-4.5,xai,xai,v_fatf,1,B-retail_settlement-e-009,benign,,easy,benign:retail_settlement,1703058968,0.0,2026-07-15T14:04:19.887318+00:00,eb6878c38e94f508,99e631c8805e48aa3203d2eaa4c3cdad8883e2772b2e70dc243354a10ccac037,False,no_flag,,mock: benign,60,16,0.0,True,,,"{""suspicious"": false, ""typology"": null, ""rationale"": ""mock: benign""}"
pilot,MOCK,xai_grok,grok-4.5,xai,xai,v_fatf,1,B-retail_settlement-h-000,benign,,hard,benign:retail_settlement,727917321,0.0,2026-07-15T14:04:19.887597+00:00,6886876695c8fc19,7039235a86e0ed6569a588368ac0e6a2b0d43f7b94a6e5387f588533e311a5da,True,flag,structuring,mock: flag(benign),60,16,0.0,True,,,"{""suspicious"": true, ""typology"": ""structuring"", ""rationale"": ""mock: flag(benign)""}"
pilot,MOCK,xai_grok,grok-4.5,xai,xai,v_fatf,1,B-retail_settlement-h-001,benign,,hard,benign:retail_settlement,1785584752,0.0,2026-07-15T14:04:19.887664+00:00,b0fa8f01b9120754,7039235a86e0ed6569a588368ac0e6a2b0d43f7b94a6e5387f588533e311a5da,True,flag,structuring,mock: flag(benign),60,16,0.0,True,,,"{""suspicious"": true, ""typology"": ""structuring"", ""rationale"": ""mock: flag(benign)""}"
pilot,MOCK,xai_grok,grok-4.5,xai,xai,v_fatf,1,B-retail_settlement-h-005,benign,,hard,benign:retail_settlement,1381733318,0.0,2026-07-15T14:04:19.887684+00:00,a1ba4df9c4168f2d,99e631c8805e48aa3203d2eaa4c3cdad8883e2772b2e70dc243354a10ccac037,False,no_flag,,mock: benign,60,16,0.0,True,,,"{""suspicious"": false, ""typology"": null, ""rationale"": ""mock: benign""}"
pilot,MOCK,xai_grok,grok-4.5,xai,xai,v_fatf,1,B-retail_settlement-h-006,benign,,hard,benign:retail_settlement,605252172,0.0,2026-07-15T14:04:19.887706+00:00,defe855050260ec6,99e631c8805e48aa3203d2eaa4c3cdad8883e2772b2e70dc243354a10ccac037,False,no_flag,,mock: benign,60,16,0.0,True,,,"{""suspicious"": false, ""typology"": null, ""rationale"": ""mock: benign""}"
pilot,MOCK,xai_grok,grok-4.5,xai,xai,v_fatf,1,B-retail_settlement-m-000,benign,,medium,benign:retail_settlement,93056193,0.0,2026-07-15T14:04:19.888457+00:00,60c109ebc71bfd84,99e631c8805e48aa3203d2eaa4c3cdad8883e2772b2e70dc243354a10ccac037,False,no_flag,,mock: benign,60,16,0.0,True,,,"{""suspicious"": false, ""typology"": null, ""rationale"": ""mock: benign""}"
pilot,MOCK,xai_grok,grok-4.5,xai,xai,v_fatf,1,B-retail_settlement-m-011,benign,,medium,benign:retail_settlement,745423030,0.0,2026-07-15T14:04:19.888693+00:00,febbf77d50383705,99e631c8805e48aa3203d2eaa4c3cdad8883e2772b2e70dc243354a10ccac037,False,no_flag,,mock: benign,60,16,0.0,True,,,"{""suspicious"": false, ""typology"": null, ""rationale"": ""mock: benign""}"
pilot,MOCK,xai_grok,grok-4.5,xai,xai,v_fatf,1,B-retail_settlement-m-002,benign,,medium,benign:retail_settlement,2122098462,0.0,2026-07-15T14:04:19.888716+00:00,9d6507f495d06ffd,99e631c8805e48aa3203d2eaa4c3cdad8883e2772b2e70dc243354a10ccac037,False,no_flag,,mock: benign,60,16,0.0,True,,,"{""suspicious"": false, ""typology"": null, ""rationale"": ""mock: benign""}"
pilot,MOCK,xai_grok,grok-4.5,xai,xai,v_fatf,1,B-retail_settlement-m-010,benign,,medium,benign:retail_settlement,2072242744,0.0,2026-07-15T14:04:19.888749+00:00,e1ca8e7b569f3055,99e631c8805e48aa3203d2eaa4c3cdad8883e2772b2e70dc243354a10ccac037,False,no_flag,,mock: benign,60,16,0.0,True,,,"{""suspicious"": false, ""typology"": null, ""rationale"": ""mock: benign""}"
pilot,MOCK,xai_grok,grok-4.5,xai,xai,v_fatf,1,B-retail_settlement-m-009,benign,,medium,benign:retail_settlement,632792811,0.0,2026-07-15T14:04:19.888783+00:00,5a44c94a5c17b8d0,99e631c8805e48aa3203d2eaa4c3cdad8883e2772b2e70dc243354a10ccac037,False,no_flag,,mock: benign,60,16,0.0,True,,,"{""suspicious"": false, ""typology"": null, ""rationale"": ""mock: benign""}"
pilot,MOCK,xai_grok,grok-4.5,xai,xai,v_fatf,1,B-retail_settlement-m-014,benign,,medium,benign:retail_settlement,1288059216,0.0,2026-07-15T14:04:19.889578+00:00,7697b5f123deea60,99e631c8805e48aa3203d2eaa4c3cdad8883e2772b2e70dc243354a10ccac037,False,no_flag,,mock: benign,60,16,0.0,True,,,"{""suspicious"": false, ""typology"": null, ""rationale"": ""mock: benign""}"
pilot,MOCK,xai_grok,grok-4.5,xai,xai,v_fatf,1,B-subscription_billing-e-003,benign,,easy,benign:subscription_billing,1050949939,0.0,2026-07-15T14:04:19.889620+00:00,f1b87d08ae3dc9bb,99e631c8805e48aa3203d2eaa4c3cdad8883e2772b2e70dc243354a10ccac037,False,no_flag,,mock: benign,60,16,0.0,True,,,"{""suspicious"": false, ""typology"": null, ""rationale"": ""mock: benign""}"
pilot,MOCK,xai_grok,grok-4.5,xai,xai,v_fatf,1,B-subscription_billing-e-007,benign,,easy,benign:subscription_billing,1580705484,0.0,2026-07-15T14:04:19.889738+00:00,3d26afb45628e0a7,99e631c8805e48aa3203d2eaa4c3cdad8883e2772b2e70dc243354a10ccac037,False,no_flag,,mock: benign,60,16,0.0,True,,,"{""suspicious"": false, ""typology"": null, ""rationale"": ""mock: benign""}"
pilot,MOCK,xai_grok,grok-4.5,xai,xai,v_fatf,1,B-subscription_billing-e-005,benign,,easy,benign:subscription_billing,2021825791,0.0,2026-07-15T14:04:19.889760+00:00,e1145616da994730,99e631c8805e48aa3203d2eaa4c3cdad8883e2772b2e70dc243354a10ccac037,False,no_flag,,mock: benign,60,16,0.0,True,,,"{""suspicious"": false, ""typology"": null, ""rationale"": ""mock: benign""}"
pilot,MOCK,xai_grok,grok-4.5,xai,xai,v_fatf,1,B-subscription_billing-e-009,benign,,easy,benign:subscription_billing,1601383897,0.0,2026-07-15T14:04:19.889891+00:00,a403bb7c72dc8862,99e631c8805e48aa3203d2eaa4c3cdad8883e2772b2e70dc243354a10ccac037,False,no_flag,,mock: benign,60,16,0.0,True,,,"{""suspicious"": false, ""typology"": null, ""rationale"": ""mock: benign""}"
pilot,MOCK,xai_grok,grok-4.5,xai,xai,v_fatf,1,B-subscription_billing-e-008,benign,,easy,benign:subscription_billing,1543813635,0.0,2026-07-15T14:04:19.890625+00:00,dff88b641e1b78fb,99e631c8805e48aa3203d2eaa4c3cdad8883e2772b2e70dc243354a10ccac037,False,no_flag,,mock: benign,60,16,0.0,True,,,"{""suspicious"": false, ""typology"": null, ""rationale"": ""mock: benign""}"
pilot,MOCK,xai_grok,grok-4.5,xai,xai,v_fatf,1,B-subscription_billing-h-004,benign,,hard,benign:subscription_billing,611046265,0.0,2026-07-15T14:04:19.890650+00:00,8a6848236ab18df6,7039235a86e0ed6569a588368ac0e6a2b0d43f7b94a6e5387f588533e311a5da,True,flag,structuring,mock: flag(benign),60,16,0.0,True,,,"{""suspicious"": true, ""typology"": ""structuring"", ""rationale"": ""mock: flag(benign)""}"
pilot,MOCK,xai_grok,grok-4.5,xai,xai,v_fatf,1,B-subscription_billing-h-005,benign,,hard,benign:subscription_billing,1034366940,0.0,2026-07-15T14:04:19.890793+00:00,05afaae29d1628c2,7039235a86e0ed6569a588368ac0e6a2b0d43f7b94a6e5387f588533e311a5da,True,flag,structuring,mock: flag(benign),60,16,0.0,True,,,"{""suspicious"": true, ""typology"": ""structuring"", ""rationale"": ""mock: flag(benign)""}"
pilot,MOCK,xai_grok,grok-4.5,xai,xai,v_fatf,1,B-subscription_billing-m-002,benign,,medium,benign:subscription_billing,1088070243,0.0,2026-07-15T14:04:19.890898+00:00,ac660b822876061f,99e631c8805e48aa3203d2eaa4c3cdad8883e2772b2e70dc243354a10ccac037,False,no_flag,,mock: benign,60,16,0.0,True,,,"{""suspicious"": false, ""typology"": null, ""rationale"": ""mock: benign""}"
pilot,MOCK,xai_grok,grok-4.5,xai,xai,v_fatf,1,B-subscription_billing-h-010,benign,,hard,benign:subscription_billing,107363600,0.0,2026-07-15T14:04:19.890940+00:00,e0708fb9cdbeba4b,99e631c8805e48aa3203d2eaa4c3cdad8883e2772b2e70dc243354a10ccac037,False,no_flag,,mock: benign,60,16,0.0,True,,,"{""suspicious"": false, ""typology"": null, ""rationale"": ""mock: benign""}"
pilot,MOCK,xai_grok,grok-4.5,xai,xai,v_fatf,1,B-subscription_billing-h-009,benign,,hard,benign:subscription_billing,762388889,0.0,2026-07-15T14:04:19.891649+00:00,ec23f196abd7090e,7039235a86e0ed6569a588368ac0e6a2b0d43f7b94a6e5387f588533e311a5da,True,flag,structuring,mock: flag(benign),60,16,0.0,True,,,"{""suspicious"": true, ""typology"": ""structuring"", ""rationale"": ""mock: flag(benign)""}"
pilot,MOCK,xai_grok,grok-4.5,xai,xai,v_fatf,1,B-subscription_billing-m-003,benign,,medium,benign:subscription_billing,1778631673,0.0,2026-07-15T14:04:19.892034+00:00,d8f0e940be69d206,99e631c8805e48aa3203d2eaa4c3cdad8883e2772b2e70dc243354a10ccac037,False,no_flag,,mock: benign,60,16,0.0,True,,,"{""suspicious"": false, ""typology"": null, ""rationale"": ""mock: benign""}"
pilot,MOCK,xai_grok,grok-4.5,xai,xai,v_fatf,1,B-subscription_billing-m-007,benign,,medium,benign:subscription_billing,1891393152,0.0,2026-07-15T14:04:19.892102+00:00,0b3913a7f93bf668,99e631c8805e48aa3203d2eaa4c3cdad8883e2772b2e70dc243354a10ccac037,False,no_flag,,mock: benign,60,16,0.0,True,,,"{""suspicious"": false, ""typology"": null, ""rationale"": ""mock: benign""}"
pilot,MOCK,xai_grok,grok-4.5,xai,xai,v_fatf,1,B-subscription_billing-m-006,benign,,medium,benign:subscription_billing,485770194,0.0,2026-07-15T14:04:19.892128+00:00,ec8ae86ecf73a8f4,99e631c8805e48aa3203d2eaa4c3cdad8883e2772b2e70dc243354a10ccac037,False,no_flag,,mock: benign,60,16,0.0,True,,,"{""suspicious"": false, ""typology"": null, ""rationale"": ""mock: benign""}"
pilot,MOCK,xai_grok,grok-4.5,xai,xai,v_fatf,1,B-subscription_billing-m-012,benign,,medium,benign:subscription_billing,1868070951,0.0,2026-07-15T14:04:19.892175+00:00,c87488deb1c1129f,99e631c8805e48aa3203d2eaa4c3cdad8883e2772b2e70dc243354a10ccac037,False,no_flag,,mock: benign,60,16,0.0,True,,,"{""suspicious"": false, ""typology"": null, ""rationale"": ""mock: benign""}"
pilot,MOCK,xai_grok,grok-4.5,xai,xai,v_fatf,1,B-subscription_billing-m-013,benign,,medium,benign:subscription_billing,724517921,0.0,2026-07-15T14:04:19.892790+00:00,7f2e1f6c18d57bad,99e631c8805e48aa3203d2eaa4c3cdad8883e2772b2e70dc243354a10ccac037,False,no_flag,,mock: benign,60,16,0.0,True,,,"{""suspicious"": false, ""typology"": null, ""rationale"": ""mock: benign""}"
pilot,MOCK,xai_grok,grok-4.5,xai,xai,v_fatf,1,B-treasury_sweep-e-010,benign,,easy,benign:treasury_sweep,1927900812,0.0,2026-07-15T14:04:19.893007+00:00,a5538bdef1b0a87b,99e631c8805e48aa3203d2eaa4c3cdad8883e2772b2e70dc243354a10ccac037,False,no_flag,,mock: benign,60,16,0.0,True,,,"{""suspicious"": false, ""typology"": null, ""rationale"": ""mock: benign""}"
pilot,MOCK,xai_grok,grok-4.5,xai,xai,v_fatf,1,B-treasury_sweep-e-000,benign,,easy,benign:treasury_sweep,1035674830,0.0,2026-07-15T14:04:19.893032+00:00,bd050d4a16b20e69,99e631c8805e48aa3203d2eaa4c3cdad8883e2772b2e70dc243354a10ccac037,False,no_flag,,mock: benign,60,16,0.0,True,,,"{""suspicious"": false, ""typology"": null, ""rationale"": ""mock: benign""}"
pilot,MOCK,xai_grok,grok-4.5,xai,xai,v_fatf,1,B-treasury_sweep-e-005,benign,,easy,benign:treasury_sweep,732854608,0.0,2026-07-15T14:04:19.893055+00:00,e555229cd11f955b,99e631c8805e48aa3203d2eaa4c3cdad8883e2772b2e70dc243354a10ccac037,False,no_flag,,mock: benign,60,16,0.0,True,,,"{""suspicious"": false, ""typology"": null, ""rationale"": ""mock: benign""}"
pilot,MOCK,xai_grok,grok-4.5,xai,xai,v_fatf,1,B-treasury_sweep-e-001,benign,,easy,benign:treasury_sweep,1521383417,0.0,2026-07-15T14:04:19.893076+00:00,cf60983429096900,99e631c8805e48aa3203d2eaa4c3cdad8883e2772b2e70dc243354a10ccac037,False,no_flag,,mock: benign,60,16,0.0,True,,,"{""suspicious"": false, ""typology"": null, ""rationale"": ""mock: benign""}"
pilot,MOCK,xai_grok,grok-4.5,xai,xai,v_fatf,1,B-treasury_sweep-e-011,benign,,easy,benign:treasury_sweep,1491285490,0.0,2026-07-15T14:04:19.894318+00:00,045ca43054c46e83,99e631c8805e48aa3203d2eaa4c3cdad8883e2772b2e70dc243354a10ccac037,False,no_flag,,mock: benign,60,16,0.0,True,,,"{""suspicious"": false, ""typology"": null, ""rationale"": ""mock: benign""}"
pilot,MOCK,xai_grok,grok-4.5,xai,xai,v_fatf,1,B-treasury_sweep-h-004,benign,,hard,benign:treasury_sweep,1295648481,0.0,2026-07-15T14:04:19.894351+00:00,67a02fce0905daa0,7039235a86e0ed6569a588368ac0e6a2b0d43f7b94a6e5387f588533e311a5da,True,flag,structuring,mock: flag(benign),60,16,0.0,True,,,"{""suspicious"": true, ""typology"": ""structuring"", ""rationale"": ""mock: flag(benign)""}"
pilot,MOCK,xai_grok,grok-4.5,xai,xai,v_fatf,1,B-treasury_sweep-h-006,benign,,hard,benign:treasury_sweep,2108912011,0.0,2026-07-15T14:04:19.894376+00:00,a4cbbbe085cd9477,7039235a86e0ed6569a588368ac0e6a2b0d43f7b94a6e5387f588533e311a5da,True,flag,structuring,mock: flag(benign),60,16,0.0,True,,,"{""suspicious"": true, ""typology"": ""structuring"", ""rationale"": ""mock: flag(benign)""}"
pilot,MOCK,xai_grok,grok-4.5,xai,xai,v_fatf,1,B-treasury_sweep-h-008,benign,,hard,benign:treasury_sweep,2123356956,0.0,2026-07-15T14:04:19.894399+00:00,5d6116cd5203bd20,7039235a86e0ed6569a588368ac0e6a2b0d43f7b94a6e5387f588533e311a5da,True,flag,structuring,mock: flag(benign),60,16,0.0,True,,,"{""suspicious"": true, ""typology"": ""structuring"", ""rationale"": ""mock: flag(benign)""}"
pilot,MOCK,xai_grok,grok-4.5,xai,xai,v_fatf,1,B-treasury_sweep-m-002,benign,,medium,benign:treasury_sweep,834940817,0.0,2026-07-15T14:04:19.894649+00:00,e22e4b9d80f59939,99e631c8805e48aa3203d2eaa4c3cdad8883e2772b2e70dc243354a10ccac037,False,no_flag,,mock: benign,60,16,0.0,True,,,"{""suspicious"": false, ""typology"": null, ""rationale"": ""mock: benign""}"
pilot,MOCK,xai_grok,grok-4.5,xai,xai,v_fatf,1,B-treasury_sweep-m-000,benign,,medium,benign:treasury_sweep,1739018455,0.0,2026-07-15T14:04:19.895401+00:00,72a00e33c478b21d,99e631c8805e48aa3203d2eaa4c3cdad8883e2772b2e70dc243354a10ccac037,False,no_flag,,mock: benign,60,16,0.0,True,,,"{""suspicious"": false, ""typology"": null, ""rationale"": ""mock: benign""}"
pilot,MOCK,xai_grok,grok-4.5,xai,xai,v_fatf,1,B-treasury_sweep-h-009,benign,,hard,benign:treasury_sweep,1474674835,0.0,2026-07-15T14:04:19.895425+00:00,d1b04f3dcb6db723,7039235a86e0ed6569a588368ac0e6a2b0d43f7b94a6e5387f588533e311a5da,True,flag,structuring,mock: flag(benign),60,16,0.0,True,,,"{""suspicious"": true, ""typology"": ""structuring"", ""rationale"": ""mock: flag(benign)""}"
pilot,MOCK,xai_grok,grok-4.5,xai,xai,v_fatf,1,B-treasury_sweep-m-005,benign,,medium,benign:treasury_sweep,648818164,0.0,2026-07-15T14:04:19.895466+00:00,4b592c42fc5c7116,99e631c8805e48aa3203d2eaa4c3cdad8883e2772b2e70dc243354a10ccac037,False,no_flag,,mock: benign,60,16,0.0,True,,,"{""suspicious"": false, ""typology"": null, ""rationale"": ""mock: benign""}"
pilot,MOCK,xai_grok,grok-4.5,xai,xai,v_fatf,1,B-treasury_sweep-m-008,benign,,medium,benign:treasury_sweep,867914454,0.0,2026-07-15T14:04:19.895648+00:00,dba7985a0f5ab417,99e631c8805e48aa3203d2eaa4c3cdad8883e2772b2e70dc243354a10ccac037,False,no_flag,,mock: benign,60,16,0.0,True,,,"{""suspicious"": false, ""typology"": null, ""rationale"": ""mock: benign""}"
pilot,MOCK,xai_grok,grok-4.5,xai,xai,v_fatf,1,B-treasury_sweep-m-012,benign,,medium,benign:treasury_sweep,1667424411,0.0,2026-07-15T14:04:19.895694+00:00,5d2b5108b0cc6ad0,99e631c8805e48aa3203d2eaa4c3cdad8883e2772b2e70dc243354a10ccac037,False,no_flag,,mock: benign,60,16,0.0,True,,,"{""suspicious"": false, ""typology"": null, ""rationale"": ""mock: benign""}"
pilot,MOCK,xai_grok,grok-4.5,xai,xai,v_fatf,1,B-treasury_sweep-m-013,benign,,medium,benign:treasury_sweep,757171230,0.0,2026-07-15T14:04:19.896390+00:00,d6a0417dc0aef951,99e631c8805e48aa3203d2eaa4c3cdad8883e2772b2e70dc243354a10ccac037,False,no_flag,,mock: benign,60,16,0.0,True,,,"{""suspicious"": false, ""typology"": null, ""rationale"": ""mock: benign""}"
pilot,MOCK,xai_grok,grok-4.5,xai,xai,v_fatf,1,S-cash_intensive_front-e-000,suspicious,cash_intensive_front,easy,suspicious:cash_intensive_front,1726935362,0.0,2026-07-15T14:04:19.896752+00:00,55f80358cff5068b,b23b6be7f12f6779d2bc557bf3fac8f39b1b72dc9baa138aada031806dc70945,True,flag,cash_intensive_front,mock: escalate,60,16,0.0,True,,,"{""suspicious"": true, ""typology"": ""cash_intensive_front"", ""rationale"": ""mock: escalate""}"
pilot,MOCK,xai_grok,grok-4.5,xai,xai,v_fatf,1,S-cash_intensive_front-e-001,suspicious,cash_intensive_front,easy,suspicious:cash_intensive_front,208212542,0.0,2026-07-15T14:04:19.896823+00:00,201e4ac84d0090c2,b23b6be7f12f6779d2bc557bf3fac8f39b1b72dc9baa138aada031806dc70945,True,flag,cash_intensive_front,mock: escalate,60,16,0.0,True,,,"{""suspicious"": true, ""typology"": ""cash_intensive_front"", ""rationale"": ""mock: escalate""}"
pilot,MOCK,xai_grok,grok-4.5,xai,xai,v_fatf,1,S-cash_intensive_front-e-003,suspicious,cash_intensive_front,easy,suspicious:cash_intensive_front,694456116,0.0,2026-07-15T14:04:19.896841+00:00,9d73c76636ae3bb7,b23b6be7f12f6779d2bc557bf3fac8f39b1b72dc9baa138aada031806dc70945,True,flag,cash_intensive_front,mock: escalate,60,16,0.0,True,,,"{""suspicious"": true, ""typology"": ""cash_intensive_front"", ""rationale"": ""mock: escalate""}"
pilot,MOCK,xai_grok,grok-4.5,xai,xai,v_fatf,1,S-cash_intensive_front-e-005,suspicious,cash_intensive_front,easy,suspicious:cash_intensive_front,1841605383,0.0,2026-07-15T14:04:19.896864+00:00,768227787480c0fe,b23b6be7f12f6779d2bc557bf3fac8f39b1b72dc9baa138aada031806dc70945,True,flag,cash_intensive_front,mock: escalate,60,16,0.0,True,,,"{""suspicious"": true, ""typology"": ""cash_intensive_front"", ""rationale"": ""mock: escalate""}"
pilot,MOCK,xai_grok,grok-4.5,xai,xai,v_fatf,1,S-cash_intensive_front-e-008,suspicious,cash_intensive_front,easy,suspicious:cash_intensive_front,1778127879,0.0,2026-07-15T14:04:19.897532+00:00,ce5f2f71d520f2ed,b23b6be7f12f6779d2bc557bf3fac8f39b1b72dc9baa138aada031806dc70945,True,flag,cash_intensive_front,mock: escalate,60,16,0.0,True,,,"{""suspicious"": true, ""typology"": ""cash_intensive_front"", ""rationale"": ""mock: escalate""}"
pilot,MOCK,xai_grok,grok-4.5,xai,xai,v_fatf,1,S-cash_intensive_front-h-001,suspicious,cash_intensive_front,hard,suspicious:cash_intensive_front,1325900998,0.0,2026-07-15T14:04:19.897768+00:00,ac20b93d29d9c656,b23b6be7f12f6779d2bc557bf3fac8f39b1b72dc9baa138aada031806dc70945,True,flag,cash_intensive_front,mock: escalate,60,16,0.0,True,,,"{""suspicious"": true, ""typology"": ""cash_intensive_front"", ""rationale"": ""mock: escalate""}"
pilot,MOCK,xai_grok,grok-4.5,xai,xai,v_fatf,1,S-cash_intensive_front-h-005,suspicious,cash_intensive_front,hard,suspicious:cash_intensive_front,154478460,0.0,2026-07-15T14:04:19.897793+00:00,848d9ba40f27a3e4,b23b6be7f12f6779d2bc557bf3fac8f39b1b72dc9baa138aada031806dc70945,True,flag,cash_intensive_front,mock: escalate,60,16,0.0,True,,,"{""suspicious"": true, ""typology"": ""cash_intensive_front"", ""rationale"": ""mock: escalate""}"
pilot,MOCK,xai_grok,grok-4.5,xai,xai,v_fatf,1,S-cash_intensive_front-h-006,suspicious,cash_intensive_front,hard,suspicious:cash_intensive_front,1143309227,0.0,2026-07-15T14:04:19.897815+00:00,1bf4286b3cc6258a,b23b6be7f12f6779d2bc557bf3fac8f39b1b72dc9baa138aada031806dc70945,True,flag,cash_intensive_front,mock: escalate,60,16,0.0,True,,,"{""suspicious"": true, ""typology"": ""cash_intensive_front"", ""rationale"": ""mock: escalate""}"
pilot,MOCK,xai_grok,grok-4.5,xai,xai,v_fatf,1,S-cash_intensive_front-h-009,suspicious,cash_intensive_front,hard,suspicious:cash_intensive_front,1263662807,0.0,2026-07-15T14:04:19.897836+00:00,745dece93f762be1,b23b6be7f12f6779d2bc557bf3fac8f39b1b72dc9baa138aada031806dc70945,True,flag,cash_intensive_front,mock: escalate,60,16,0.0,True,,,"{""suspicious"": true, ""typology"": ""cash_intensive_front"", ""rationale"": ""mock: escalate""}"
pilot,MOCK,xai_grok,grok-4.5,xai,xai,v_fatf,1,S-cash_intensive_front-m-008,suspicious,cash_intensive_front,medium,suspicious:cash_intensive_front,361604862,0.0,2026-07-15T14:04:19.898714+00:00,084b7d0e83b900ed,afcc962dfc92f4c2d391c6f5c9579da1391c3e8d45e02f41fd101c52c9337121,False,no_flag,,mock: no escalation,60,16,0.0,True,,,"{""suspicious"": false, ""typology"": null, ""rationale"": ""mock: no escalation""}"
pilot,MOCK,xai_grok,grok-4.5,xai,xai,v_fatf,1,S-cash_intensive_front-m-007,suspicious,cash_intensive_front,medium,suspicious:cash_intensive_front,1108838357,0.0,2026-07-15T14:04:19.898776+00:00,a356dda3ef502d82,afcc962dfc92f4c2d391c6f5c9579da1391c3e8d45e02f41fd101c52c9337121,False,no_flag,,mock: no escalation,60,16,0.0,True,,,"{""suspicious"": false, ""typology"": null, ""rationale"": ""mock: no escalation""}"
pilot,MOCK,xai_grok,grok-4.5,xai,xai,v_fatf,1,S-cash_intensive_front-m-005,suspicious,cash_intensive_front,medium,suspicious:cash_intensive_front,777082469,0.0,2026-07-15T14:04:19.898800+00:00,fbfb6ec6d13e464a,b23b6be7f12f6779d2bc557bf3fac8f39b1b72dc9baa138aada031806dc70945,True,flag,cash_intensive_front,mock: escalate,60,16,0.0,True,,,"{""suspicious"": true, ""typology"": ""cash_intensive_front"", ""rationale"": ""mock: escalate""}"
pilot,MOCK,xai_grok,grok-4.5,xai,xai,v_fatf,1,S-cash_intensive_front-m-010,suspicious,cash_intensive_front,medium,suspicious:cash_intensive_front,1732690621,0.0,2026-07-15T14:04:19.898841+00:00,36c9939573ffe13c,afcc962dfc92f4c2d391c6f5c9579da1391c3e8d45e02f41fd101c52c9337121,False,no_flag,,mock: no escalation,60,16,0.0,True,,,"{""suspicious"": false, ""typology"": null, ""rationale"": ""mock: no escalation""}"
pilot,MOCK,xai_grok,grok-4.5,xai,xai,v_fatf,1,S-cash_intensive_front-m-011,suspicious,cash_intensive_front,medium,suspicious:cash_intensive_front,2048274901,0.0,2026-07-15T14:04:19.899023+00:00,db478eec080892a9,b23b6be7f12f6779d2bc557bf3fac8f39b1b72dc9baa138aada031806dc70945,True,flag,cash_intensive_front,mock: escalate,60,16,0.0,True,,,"{""suspicious"": true, ""typology"": ""cash_intensive_front"", ""rationale"": ""mock: escalate""}"
pilot,MOCK,xai_grok,grok-4.5,xai,xai,v_fatf,1,S-cash_intensive_front-m-012,suspicious,cash_intensive_front,medium,suspicious:cash_intensive_front,1247544172,0.0,2026-07-15T14:04:19.899770+00:00,e11d2d23d94285eb,afcc962dfc92f4c2d391c6f5c9579da1391c3e8d45e02f41fd101c52c9337121,False,no_flag,,mock: no escalation,60,16,0.0,True,,,"{""suspicious"": false, ""typology"": null, ""rationale"": ""mock: no escalation""}"
pilot,MOCK,xai_grok,grok-4.5,xai,xai,v_fatf,1,S-funnel_account-e-000,suspicious,funnel_account,easy,suspicious:funnel_account,407419636,0.0,2026-07-15T14:04:19.899796+00:00,eab7142a81bbd7bd,edfbf31a6302c2f0207fa6c545d2baa3cc982db3684b7cefb114ea96b323d93c,True,flag,funnel_account,mock: escalate,60,16,0.0,True,,,"{""suspicious"": true, ""typology"": ""funnel_account"", ""rationale"": ""mock: escalate""}"
pilot,MOCK,xai_grok,grok-4.5,xai,xai,v_fatf,1,S-funnel_account-e-004,suspicious,funnel_account,easy,suspicious:funnel_account,1398577762,0.0,2026-07-15T14:04:19.899841+00:00,1a3568fe094db8b8,edfbf31a6302c2f0207fa6c545d2baa3cc982db3684b7cefb114ea96b323d93c,True,flag,funnel_account,mock: escalate,60,16,0.0,True,,,"{""suspicious"": true, ""typology"": ""funnel_account"", ""rationale"": ""mock: escalate""}"
pilot,MOCK,xai_grok,grok-4.5,xai,xai,v_fatf,1,S-funnel_account-e-006,suspicious,funnel_account,easy,suspicious:funnel_account,1026907391,0.0,2026-07-15T14:04:19.900063+00:00,811660c29551d225,edfbf31a6302c2f0207fa6c545d2baa3cc982db3684b7cefb114ea96b323d93c,True,flag,funnel_account,mock: escalate,60,16,0.0,True,,,"{""suspicious"": true, ""typology"": ""funnel_account"", ""rationale"": ""mock: escalate""}"
pilot,MOCK,xai_grok,grok-4.5,xai,xai,v_fatf,1,S-funnel_account-e-008,suspicious,funnel_account,easy,suspicious:funnel_account,478347733,0.0,2026-07-15T14:04:19.900109+00:00,69da33ae1aeefb42,edfbf31a6302c2f0207fa6c545d2baa3cc982db3684b7cefb114ea96b323d93c,True,flag,funnel_account,mock: escalate,60,16,0.0,True,,,"{""suspicious"": true, ""typology"": ""funnel_account"", ""rationale"": ""mock: escalate""}"
pilot,MOCK,xai_grok,grok-4.5,xai,xai,v_fatf,1,S-funnel_account-e-011,suspicious,funnel_account,easy,suspicious:funnel_account,2103017657,0.0,2026-07-15T14:04:19.900805+00:00,da90ca2abfa5eb6e,edfbf31a6302c2f0207fa6c545d2baa3cc982db3684b7cefb114ea96b323d93c,True,flag,funnel_account,mock: escalate,60,16,0.0,True,,,"{""suspicious"": true, ""typology"": ""funnel_account"", ""rationale"": ""mock: escalate""}"
pilot,MOCK,xai_grok,grok-4.5,xai,xai,v_fatf,1,S-funnel_account-h-001,suspicious,funnel_account,hard,suspicious:funnel_account,135805094,0.0,2026-07-15T14:04:19.901229+00:00,bf684c67d501b0d1,edfbf31a6302c2f0207fa6c545d2baa3cc982db3684b7cefb114ea96b323d93c,True,flag,funnel_account,mock: escalate,60,16,0.0,True,,,"{""suspicious"": true, ""typology"": ""funnel_account"", ""rationale"": ""mock: escalate""}"
pilot,MOCK,xai_grok,grok-4.5,xai,xai,v_fatf,1,S-funnel_account-h-003,suspicious,funnel_account,hard,suspicious:funnel_account,1726200790,0.0,2026-07-15T14:04:19.901287+00:00,07b07f56a8b82489,edfbf31a6302c2f0207fa6c545d2baa3cc982db3684b7cefb114ea96b323d93c,True,flag,funnel_account,mock: escalate,60,16,0.0,True,,,"{""suspicious"": true, ""typology"": ""funnel_account"", ""rationale"": ""mock: escalate""}"
pilot,MOCK,xai_grok,grok-4.5,xai,xai,v_fatf,1,S-funnel_account-h-006,suspicious,funnel_account,hard,suspicious:funnel_account,1199111790,0.0,2026-07-15T14:04:19.901310+00:00,a7663a7f6922457c,edfbf31a6302c2f0207fa6c545d2baa3cc982db3684b7cefb114ea96b323d93c,True,flag,funnel_account,mock: escalate,60,16,0.0,True,,,"{""suspicious"": true, ""typology"": ""funnel_account"", ""rationale"": ""mock: escalate""}"
pilot,MOCK,xai_grok,grok-4.5,xai,xai,v_fatf,1,S-funnel_account-h-009,suspicious,funnel_account,hard,suspicious:funnel_account,1759761030,0.0,2026-07-15T14:04:19.901330+00:00,ca53b4376e52d00b,edfbf31a6302c2f0207fa6c545d2baa3cc982db3684b7cefb114ea96b323d93c,True,flag,funnel_account,mock: escalate,60,16,0.0,True,,,"{""suspicious"": true, ""typology"": ""funnel_account"", ""rationale"": ""mock: escalate""}"
pilot,MOCK,xai_grok,grok-4.5,xai,xai,v_fatf,1,S-funnel_account-m-001,suspicious,funnel_account,medium,suspicious:funnel_account,697917163,0.0,2026-07-15T14:04:19.902033+00:00,237f4a558252e52d,edfbf31a6302c2f0207fa6c545d2baa3cc982db3684b7cefb114ea96b323d93c,True,flag,funnel_account,mock: escalate,60,16,0.0,True,,,"{""suspicious"": true, ""typology"": ""funnel_account"", ""rationale"": ""mock: escalate""}"
pilot,MOCK,xai_grok,grok-4.5,xai,xai,v_fatf,1,S-funnel_account-m-008,suspicious,funnel_account,medium,suspicious:funnel_account,1554164524,0.0,2026-07-15T14:04:19.902226+00:00,9e8243d0de8f163e,edfbf31a6302c2f0207fa6c545d2baa3cc982db3684b7cefb114ea96b323d93c,True,flag,funnel_account,mock: escalate,60,16,0.0,True,,,"{""suspicious"": true, ""typology"": ""funnel_account"", ""rationale"": ""mock: escalate""}"
pilot,MOCK,xai_grok,grok-4.5,xai,xai,v_fatf,1,S-funnel_account-m-006,suspicious,funnel_account,medium,suspicious:funnel_account,2088027073,0.0,2026-07-15T14:04:19.902277+00:00,42900e295b6578d0,edfbf31a6302c2f0207fa6c545d2baa3cc982db3684b7cefb114ea96b323d93c,True,flag,funnel_account,mock: escalate,60,16,0.0,True,,,"{""suspicious"": true, ""typology"": ""funnel_account"", ""rationale"": ""mock: escalate""}"
pilot,MOCK,xai_grok,grok-4.5,xai,xai,v_fatf,1,S-funnel_account-m-010,suspicious,funnel_account,medium,suspicious:funnel_account,654913579,0.0,2026-07-15T14:04:19.902358+00:00,ff7b1713e1e39198,afcc962dfc92f4c2d391c6f5c9579da1391c3e8d45e02f41fd101c52c9337121,False,no_flag,,mock: no escalation,60,16,0.0,True,,,"{""suspicious"": false, ""typology"": null, ""rationale"": ""mock: no escalation""}"
pilot,MOCK,xai_grok,grok-4.5,xai,xai,v_fatf,1,S-funnel_account-m-011,suspicious,funnel_account,medium,suspicious:funnel_account,507987606,0.0,2026-07-15T14:04:19.902384+00:00,9db21022ebd20c27,edfbf31a6302c2f0207fa6c545d2baa3cc982db3684b7cefb114ea96b323d93c,True,flag,funnel_account,mock: escalate,60,16,0.0,True,,,"{""suspicious"": true, ""typology"": ""funnel_account"", ""rationale"": ""mock: escalate""}"
pilot,MOCK,xai_grok,grok-4.5,xai,xai,v_fatf,1,S-funnel_account-m-013,suspicious,funnel_account,medium,suspicious:funnel_account,1734393159,0.0,2026-07-15T14:04:19.903127+00:00,f7f6170af0a75e06,edfbf31a6302c2f0207fa6c545d2baa3cc982db3684b7cefb114ea96b323d93c,True,flag,funnel_account,mock: escalate,60,16,0.0,True,,,"{""suspicious"": true, ""typology"": ""funnel_account"", ""rationale"": ""mock: escalate""}"
pilot,MOCK,xai_grok,grok-4.5,xai,xai,v_fatf,1,S-layering-e-006,suspicious,layering,easy,suspicious:layering,1672896563,0.0,2026-07-15T14:04:19.903298+00:00,e6ef78bf3d34ae33,7257cee568be2839b7d613c92af3666f64673d42055345229d1a405b5ff1e3ee,True,flag,layering,mock: escalate,60,16,0.0,True,,,"{""suspicious"": true, ""typology"": ""layering"", ""rationale"": ""mock: escalate""}"
pilot,MOCK,xai_grok,grok-4.5,xai,xai,v_fatf,1,S-layering-e-004,suspicious,layering,easy,suspicious:layering,1202095303,0.0,2026-07-15T14:04:19.903331+00:00,f2d754d3b747e40b,7257cee568be2839b7d613c92af3666f64673d42055345229d1a405b5ff1e3ee,True,flag,layering,mock: escalate,60,16,0.0,True,,,"{""suspicious"": true, ""typology"": ""layering"", ""rationale"": ""mock: escalate""}"
pilot,MOCK,xai_grok,grok-4.5,xai,xai,v_fatf,1,S-layering-e-005,suspicious,layering,easy,suspicious:layering,1926794131,0.0,2026-07-15T14:04:19.903354+00:00,723320e8fd43a9a4,7257cee568be2839b7d613c92af3666f64673d42055345229d1a405b5ff1e3ee,True,flag,layering,mock: escalate,60,16,0.0,True,,,"{""suspicious"": true, ""typology"": ""layering"", ""rationale"": ""mock: escalate""}"
pilot,MOCK,xai_grok,grok-4.5,xai,xai,v_fatf,1,S-layering-e-007,suspicious,layering,easy,suspicious:layering,906785960,0.0,2026-07-15T14:04:19.903460+00:00,7888443107152637,7257cee568be2839b7d613c92af3666f64673d42055345229d1a405b5ff1e3ee,True,flag,layering,mock: escalate,60,16,0.0,True,,,"{""suspicious"": true, ""typology"": ""layering"", ""rationale"": ""mock: escalate""}"
pilot,MOCK,xai_grok,grok-4.5,xai,xai,v_fatf,1,S-layering-e-008,suspicious,layering,easy,suspicious:layering,928690261,0.0,2026-07-15T14:04:19.904274+00:00,611297c2997dce3c,7257cee568be2839b7d613c92af3666f64673d42055345229d1a405b5ff1e3ee,True,flag,layering,mock: escalate,60,16,0.0,True,,,"{""suspicious"": true, ""typology"": ""layering"", ""rationale"": ""mock: escalate""}"
pilot,MOCK,xai_grok,grok-4.5,xai,xai,v_fatf,1,S-layering-h-000,suspicious,layering,hard,suspicious:layering,572144234,0.0,2026-07-15T14:04:19.904299+00:00,a4fef9d5558a5a10,afcc962dfc92f4c2d391c6f5c9579da1391c3e8d45e02f41fd101c52c9337121,False,no_flag,,mock: no escalation,60,16,0.0,True,,,"{""suspicious"": false, ""typology"": null, ""rationale"": ""mock: no escalation""}"
pilot,MOCK,xai_grok,grok-4.5,xai,xai,v_fatf,1,S-layering-h-005,suspicious,layering,hard,suspicious:layering,1636025910,0.0,2026-07-15T14:04:19.904324+00:00,3f842fac58aeb23c,7257cee568be2839b7d613c92af3666f64673d42055345229d1a405b5ff1e3ee,True,flag,layering,mock: escalate,60,16,0.0,True,,,"{""suspicious"": true, ""typology"": ""layering"", ""rationale"": ""mock: escalate""}"
pilot,MOCK,xai_grok,grok-4.5,xai,xai,v_fatf,1,S-layering-h-006,suspicious,layering,hard,suspicious:layering,372452158,0.0,2026-07-15T14:04:19.904451+00:00,34034ddb32433378,7257cee568be2839b7d613c92af3666f64673d42055345229d1a405b5ff1e3ee,True,flag,layering,mock: escalate,60,16,0.0,True,,,"{""suspicious"": true, ""typology"": ""layering"", ""rationale"": ""mock: escalate""}"
pilot,MOCK,xai_grok,grok-4.5,xai,xai,v_fatf,1,S-layering-h-008,suspicious,layering,hard,suspicious:layering,2090481991,0.0,2026-07-15T14:04:19.904569+00:00,848a9a7c896e404e,7257cee568be2839b7d613c92af3666f64673d42055345229d1a405b5ff1e3ee,True,flag,layering,mock: escalate,60,16,0.0,True,,,"{""suspicious"": true, ""typology"": ""layering"", ""rationale"": ""mock: escalate""}"
pilot,MOCK,xai_grok,grok-4.5,xai,xai,v_fatf,1,S-layering-m-001,suspicious,layering,medium,suspicious:layering,485820940,0.0,2026-07-15T14:04:19.905319+00:00,3bcf827a4421935d,afcc962dfc92f4c2d391c6f5c9579da1391c3e8d45e02f41fd101c52c9337121,False,no_flag,,mock: no escalation,60,16,0.0,True,,,"{""suspicious"": false, ""typology"": null, ""rationale"": ""mock: no escalation""}"
pilot,MOCK,xai_grok,grok-4.5,xai,xai,v_fatf,1,S-layering-m-004,suspicious,layering,medium,suspicious:layering,855806460,0.0,2026-07-15T14:04:19.905627+00:00,9d2e2c5f84d53d3f,7257cee568be2839b7d613c92af3666f64673d42055345229d1a405b5ff1e3ee,True,flag,layering,mock: escalate,60,16,0.0,True,,,"{""suspicious"": true, ""typology"": ""layering"", ""rationale"": ""mock: escalate""}"
pilot,MOCK,xai_grok,grok-4.5,xai,xai,v_fatf,1,S-layering-m-007,suspicious,layering,medium,suspicious:layering,1725413303,0.0,2026-07-15T14:04:19.905688+00:00,b0da24b187b3d081,7257cee568be2839b7d613c92af3666f64673d42055345229d1a405b5ff1e3ee,True,flag,layering,mock: escalate,60,16,0.0,True,,,"{""suspicious"": true, ""typology"": ""layering"", ""rationale"": ""mock: escalate""}"
pilot,MOCK,xai_grok,grok-4.5,xai,xai,v_fatf,1,S-layering-m-009,suspicious,layering,medium,suspicious:layering,998352847,0.0,2026-07-15T14:04:19.905710+00:00,c22f61feb572035a,afcc962dfc92f4c2d391c6f5c9579da1391c3e8d45e02f41fd101c52c9337121,False,no_flag,,mock: no escalation,60,16,0.0,True,,,"{""suspicious"": false, ""typology"": null, ""rationale"": ""mock: no escalation""}"
pilot,MOCK,xai_grok,grok-4.5,xai,xai,v_fatf,1,S-layering-m-011,suspicious,layering,medium,suspicious:layering,1544982742,0.0,2026-07-15T14:04:19.905741+00:00,fe0319507a8a2435,afcc962dfc92f4c2d391c6f5c9579da1391c3e8d45e02f41fd101c52c9337121,False,no_flag,,mock: no escalation,60,16,0.0,True,,,"{""suspicious"": false, ""typology"": null, ""rationale"": ""mock: no escalation""}"
pilot,MOCK,xai_grok,grok-4.5,xai,xai,v_fatf,1,S-layering-m-013,suspicious,layering,medium,suspicious:layering,607086719,0.0,2026-07-15T14:04:19.906384+00:00,89aa05f4ab66f0ec,7257cee568be2839b7d613c92af3666f64673d42055345229d1a405b5ff1e3ee,True,flag,layering,mock: escalate,60,16,0.0,True,,,"{""suspicious"": true, ""typology"": ""layering"", ""rationale"": ""mock: escalate""}"
pilot,MOCK,xai_grok,grok-4.5,xai,xai,v_fatf,1,S-mule_network-e-002,suspicious,mule_network,easy,suspicious:mule_network,451361917,0.0,2026-07-15T14:04:19.906646+00:00,42b0489e3273a736,ffe2d59eaa2c823edfc3b3d9ab34b098639ac84ef1232384bb6b687c35e7f7f2,True,flag,mule_network,mock: escalate,60,16,0.0,True,,,"{""suspicious"": true, ""typology"": ""mule_network"", ""rationale"": ""mock: escalate""}"
pilot,MOCK,xai_grok,grok-4.5,xai,xai,v_fatf,1,S-mule_network-e-003,suspicious,mule_network,easy,suspicious:mule_network,1710460460,0.0,2026-07-15T14:04:19.906669+00:00,355467a6022aaa3c,ffe2d59eaa2c823edfc3b3d9ab34b098639ac84ef1232384bb6b687c35e7f7f2,True,flag,mule_network,mock: escalate,60,16,0.0,True,,,"{""suspicious"": true, ""typology"": ""mule_network"", ""rationale"": ""mock: escalate""}"
pilot,MOCK,xai_grok,grok-4.5,xai,xai,v_fatf,1,S-mule_network-e-007,suspicious,mule_network,easy,suspicious:mule_network,2063156368,0.0,2026-07-15T14:04:19.906690+00:00,5bd5a591b99a87c9,ffe2d59eaa2c823edfc3b3d9ab34b098639ac84ef1232384bb6b687c35e7f7f2,True,flag,mule_network,mock: escalate,60,16,0.0,True,,,"{""suspicious"": true, ""typology"": ""mule_network"", ""rationale"": ""mock: escalate""}"
pilot,MOCK,xai_grok,grok-4.5,xai,xai,v_fatf,1,S-mule_network-e-001,suspicious,mule_network,easy,suspicious:mule_network,1517172363,0.0,2026-07-15T14:04:19.906711+00:00,a8c5b30dab43987d,ffe2d59eaa2c823edfc3b3d9ab34b098639ac84ef1232384bb6b687c35e7f7f2,True,flag,mule_network,mock: escalate,60,16,0.0,True,,,"{""suspicious"": true, ""typology"": ""mule_network"", ""rationale"": ""mock: escalate""}"
pilot,MOCK,xai_grok,grok-4.5,xai,xai,v_fatf,1,S-mule_network-h-007,suspicious,mule_network,hard,suspicious:mule_network,440519062,0.0,2026-07-15T14:04:19.907617+00:00,852b05b3f9f4cb28,ffe2d59eaa2c823edfc3b3d9ab34b098639ac84ef1232384bb6b687c35e7f7f2,True,flag,mule_network,mock: escalate,60,16,0.0,True,,,"{""suspicious"": true, ""typology"": ""mule_network"", ""rationale"": ""mock: escalate""}"
pilot,MOCK,xai_grok,grok-4.5,xai,xai,v_fatf,1,S-mule_network-h-005,suspicious,mule_network,hard,suspicious:mule_network,1701047384,0.0,2026-07-15T14:04:19.907641+00:00,932f3e420306c91d,afcc962dfc92f4c2d391c6f5c9579da1391c3e8d45e02f41fd101c52c9337121,False,no_flag,,mock: no escalation,60,16,0.0,True,,,"{""suspicious"": false, ""typology"": null, ""rationale"": ""mock: no escalation""}"
pilot,MOCK,xai_grok,grok-4.5,xai,xai,v_fatf,1,S-mule_network-e-009,suspicious,mule_network,easy,suspicious:mule_network,1879052661,0.0,2026-07-15T14:04:19.907664+00:00,aba98a30d1ab1ad5,ffe2d59eaa2c823edfc3b3d9ab34b098639ac84ef1232384bb6b687c35e7f7f2,True,flag,mule_network,mock: escalate,60,16,0.0,True,,,"{""suspicious"": true, ""typology"": ""mule_network"", ""rationale"": ""mock: escalate""}"
pilot,MOCK,xai_grok,grok-4.5,xai,xai,v_fatf,1,S-mule_network-h-004,suspicious,mule_network,hard,suspicious:mule_network,380840963,0.0,2026-07-15T14:04:19.907686+00:00,bc67739fbc3dfe44,ffe2d59eaa2c823edfc3b3d9ab34b098639ac84ef1232384bb6b687c35e7f7f2,True,flag,mule_network,mock: escalate,60,16,0.0,True,,,"{""suspicious"": true, ""typology"": ""mule_network"", ""rationale"": ""mock: escalate""}"
pilot,MOCK,xai_grok,grok-4.5,xai,xai,v_fatf,1,S-mule_network-m-003,suspicious,mule_network,medium,suspicious:mule_network,188330678,0.0,2026-07-15T14:04:19.907841+00:00,6c006f08235d9855,ffe2d59eaa2c823edfc3b3d9ab34b098639ac84ef1232384bb6b687c35e7f7f2,True,flag,mule_network,mock: escalate,60,16,0.0,True,,,"{""suspicious"": true, ""typology"": ""mule_network"", ""rationale"": ""mock: escalate""}"
pilot,MOCK,xai_grok,grok-4.5,xai,xai,v_fatf,1,S-mule_network-m-002,suspicious,mule_network,medium,suspicious:mule_network,1876093001,0.0,2026-07-15T14:04:19.908551+00:00,63c16c15c14703c8,ffe2d59eaa2c823edfc3b3d9ab34b098639ac84ef1232384bb6b687c35e7f7f2,True,flag,mule_network,mock: escalate,60,16,0.0,True,,,"{""suspicious"": true, ""typology"": ""mule_network"", ""rationale"": ""mock: escalate""}"
pilot,MOCK,xai_grok,grok-4.5,xai,xai,v_fatf,1,S-mule_network-h-009,suspicious,mule_network,hard,suspicious:mule_network,1535034934,0.0,2026-07-15T14:04:19.908589+00:00,e49988af659aa64b,afcc962dfc92f4c2d391c6f5c9579da1391c3e8d45e02f41fd101c52c9337121,False,no_flag,,mock: no escalation,60,16,0.0,True,,,"{""suspicious"": false, ""typology"": null, ""rationale"": ""mock: no escalation""}"
pilot,MOCK,xai_grok,grok-4.5,xai,xai,v_fatf,1,S-mule_network-m-004,suspicious,mule_network,medium,suspicious:mule_network,1605370101,0.0,2026-07-15T14:04:19.908611+00:00,68473246f2af33bb,ffe2d59eaa2c823edfc3b3d9ab34b098639ac84ef1232384bb6b687c35e7f7f2,True,flag,mule_network,mock: escalate,60,16,0.0,True,,,"{""suspicious"": true, ""typology"": ""mule_network"", ""rationale"": ""mock: escalate""}"
pilot,MOCK,xai_grok,grok-4.5,xai,xai,v_fatf,1,S-mule_network-m-006,suspicious,mule_network,medium,suspicious:mule_network,1299847594,0.0,2026-07-15T14:04:19.908753+00:00,6e891d3d269a3554,ffe2d59eaa2c823edfc3b3d9ab34b098639ac84ef1232384bb6b687c35e7f7f2,True,flag,mule_network,mock: escalate,60,16,0.0,True,,,"{""suspicious"": true, ""typology"": ""mule_network"", ""rationale"": ""mock: escalate""}"
pilot,MOCK,xai_grok,grok-4.5,xai,xai,v_fatf,1,S-rapid_passthrough-e-003,suspicious,rapid_passthrough,easy,suspicious:rapid_passthrough,1077872624,0.0,2026-07-15T14:04:19.908791+00:00,3dde9565cdee0ab0,0a4e755299eb8ff2f2049ba8c56f0da54cf13b8e8a7c8a5a81f1c6e270d44ad4,True,flag,rapid_passthrough,mock: escalate,60,16,0.0,True,,,"{""suspicious"": true, ""typology"": ""rapid_passthrough"", ""rationale"": ""mock: escalate""}"
pilot,MOCK,xai_grok,grok-4.5,xai,xai,v_fatf,1,S-rapid_passthrough-e-006,suspicious,rapid_passthrough,easy,suspicious:rapid_passthrough,1900451786,0.0,2026-07-15T14:04:19.909788+00:00,0f845fea6a58be48,0a4e755299eb8ff2f2049ba8c56f0da54cf13b8e8a7c8a5a81f1c6e270d44ad4,True,flag,rapid_passthrough,mock: escalate,60,16,0.0,True,,,"{""suspicious"": true, ""typology"": ""rapid_passthrough"", ""rationale"": ""mock: escalate""}"
pilot,MOCK,xai_grok,grok-4.5,xai,xai,v_fatf,1,S-mule_network-m-005,suspicious,mule_network,medium,suspicious:mule_network,2122198264,0.0,2026-07-15T14:04:19.910108+00:00,5b84008cbd9db53d,ffe2d59eaa2c823edfc3b3d9ab34b098639ac84ef1232384bb6b687c35e7f7f2,True,flag,mule_network,mock: escalate,60,16,0.0,True,,,"{""suspicious"": true, ""typology"": ""mule_network"", ""rationale"": ""mock: escalate""}"
pilot,MOCK,xai_grok,grok-4.5,xai,xai,v_fatf,1,S-rapid_passthrough-e-001,suspicious,rapid_passthrough,easy,suspicious:rapid_passthrough,2138665563,0.0,2026-07-15T14:04:19.910162+00:00,e083dea827a104a3,0a4e755299eb8ff2f2049ba8c56f0da54cf13b8e8a7c8a5a81f1c6e270d44ad4,True,flag,rapid_passthrough,mock: escalate,60,16,0.0,True,,,"{""suspicious"": true, ""typology"": ""rapid_passthrough"", ""rationale"": ""mock: escalate""}"
pilot,MOCK,xai_grok,grok-4.5,xai,xai,v_fatf,1,S-mule_network-m-013,suspicious,mule_network,medium,suspicious:mule_network,173282715,0.0,2026-07-15T14:04:19.910200+00:00,fbd000e55bea6247,ffe2d59eaa2c823edfc3b3d9ab34b098639ac84ef1232384bb6b687c35e7f7f2,True,flag,mule_network,mock: escalate,60,16,0.0,True,,,"{""suspicious"": true, ""typology"": ""mule_network"", ""rationale"": ""mock: escalate""}"
pilot,MOCK,xai_grok,grok-4.5,xai,xai,v_fatf,1,S-rapid_passthrough-e-009,suspicious,rapid_passthrough,easy,suspicious:rapid_passthrough,1724457034,0.0,2026-07-15T14:04:19.910221+00:00,e47420a5536f76e2,0a4e755299eb8ff2f2049ba8c56f0da54cf13b8e8a7c8a5a81f1c6e270d44ad4,True,flag,rapid_passthrough,mock: escalate,60,16,0.0,True,,,"{""suspicious"": true, ""typology"": ""rapid_passthrough"", ""rationale"": ""mock: escalate""}"
pilot,MOCK,xai_grok,grok-4.5,xai,xai,v_fatf,1,S-rapid_passthrough-e-011,suspicious,rapid_passthrough,easy,suspicious:rapid_passthrough,853916217,0.0,2026-07-15T14:04:19.910923+00:00,552fd57db72335cf,0a4e755299eb8ff2f2049ba8c56f0da54cf13b8e8a7c8a5a81f1c6e270d44ad4,True,flag,rapid_passthrough,mock: escalate,60,16,0.0,True,,,"{""suspicious"": true, ""typology"": ""rapid_passthrough"", ""rationale"": ""mock: escalate""}"
pilot,MOCK,xai_grok,grok-4.5,xai,xai,v_fatf,1,S-rapid_passthrough-h-000,suspicious,rapid_passthrough,hard,suspicious:rapid_passthrough,972115441,0.0,2026-07-15T14:04:19.911150+00:00,e28cd2b047521ff0,0a4e755299eb8ff2f2049ba8c56f0da54cf13b8e8a7c8a5a81f1c6e270d44ad4,True,flag,rapid_passthrough,mock: escalate,60,16,0.0,True,,,"{""suspicious"": true, ""typology"": ""rapid_passthrough"", ""rationale"": ""mock: escalate""}"
pilot,MOCK,xai_grok,grok-4.5,xai,xai,v_fatf,1,S-rapid_passthrough-h-002,suspicious,rapid_passthrough,hard,suspicious:rapid_passthrough,984448190,0.0,2026-07-15T14:04:19.911172+00:00,2755bb4a4a39fee4,0a4e755299eb8ff2f2049ba8c56f0da54cf13b8e8a7c8a5a81f1c6e270d44ad4,True,flag,rapid_passthrough,mock: escalate,60,16,0.0,True,,,"{""suspicious"": true, ""typology"": ""rapid_passthrough"", ""rationale"": ""mock: escalate""}"
pilot,MOCK,xai_grok,grok-4.5,xai,xai,v_fatf,1,S-rapid_passthrough-h-004,suspicious,rapid_passthrough,hard,suspicious:rapid_passthrough,39285689,0.0,2026-07-15T14:04:19.911194+00:00,a1897a36684e6383,0a4e755299eb8ff2f2049ba8c56f0da54cf13b8e8a7c8a5a81f1c6e270d44ad4,True,flag,rapid_passthrough,mock: escalate,60,16,0.0,True,,,"{""suspicious"": true, ""typology"": ""rapid_passthrough"", ""rationale"": ""mock: escalate""}"
pilot,MOCK,xai_grok,grok-4.5,xai,xai,v_fatf,1,S-rapid_passthrough-h-005,suspicious,rapid_passthrough,hard,suspicious:rapid_passthrough,706968722,0.0,2026-07-15T14:04:19.911217+00:00,ef2a1308d0463c71,0a4e755299eb8ff2f2049ba8c56f0da54cf13b8e8a7c8a5a81f1c6e270d44ad4,True,flag,rapid_passthrough,mock: escalate,60,16,0.0,True,,,"{""suspicious"": true, ""typology"": ""rapid_passthrough"", ""rationale"": ""mock: escalate""}"
pilot,MOCK,xai_grok,grok-4.5,xai,xai,v_fatf,1,S-rapid_passthrough-m-001,suspicious,rapid_passthrough,medium,suspicious:rapid_passthrough,608521937,0.0,2026-07-15T14:04:19.912162+00:00,b472335b4e3079e1,0a4e755299eb8ff2f2049ba8c56f0da54cf13b8e8a7c8a5a81f1c6e270d44ad4,True,flag,rapid_passthrough,mock: escalate,60,16,0.0,True,,,"{""suspicious"": true, ""typology"": ""rapid_passthrough"", ""rationale"": ""mock: escalate""}"
pilot,MOCK,xai_grok,grok-4.5,xai,xai,v_fatf,1,S-rapid_passthrough-m-004,suspicious,rapid_passthrough,medium,suspicious:rapid_passthrough,192815839,0.0,2026-07-15T14:04:19.912187+00:00,113b97d87474ca15,0a4e755299eb8ff2f2049ba8c56f0da54cf13b8e8a7c8a5a81f1c6e270d44ad4,True,flag,rapid_passthrough,mock: escalate,60,16,0.0,True,,,"{""suspicious"": true, ""typology"": ""rapid_passthrough"", ""rationale"": ""mock: escalate""}"
pilot,MOCK,xai_grok,grok-4.5,xai,xai,v_fatf,1,S-rapid_passthrough-m-005,suspicious,rapid_passthrough,medium,suspicious:rapid_passthrough,551936052,0.0,2026-07-15T14:04:19.912212+00:00,8e794afb483b1dd0,0a4e755299eb8ff2f2049ba8c56f0da54cf13b8e8a7c8a5a81f1c6e270d44ad4,True,flag,rapid_passthrough,mock: escalate,60,16,0.0,True,,,"{""suspicious"": true, ""typology"": ""rapid_passthrough"", ""rationale"": ""mock: escalate""}"
pilot,MOCK,xai_grok,grok-4.5,xai,xai,v_fatf,1,S-rapid_passthrough-m-007,suspicious,rapid_passthrough,medium,suspicious:rapid_passthrough,1377682320,0.0,2026-07-15T14:04:19.912233+00:00,e458fb575c108bc2,0a4e755299eb8ff2f2049ba8c56f0da54cf13b8e8a7c8a5a81f1c6e270d44ad4,True,flag,rapid_passthrough,mock: escalate,60,16,0.0,True,,,"{""suspicious"": true, ""typology"": ""rapid_passthrough"", ""rationale"": ""mock: escalate""}"
pilot,MOCK,xai_grok,grok-4.5,xai,xai,v_fatf,1,S-rapid_passthrough-m-008,suspicious,rapid_passthrough,medium,suspicious:rapid_passthrough,712706715,0.0,2026-07-15T14:04:19.912471+00:00,3b1b77e79a32f4e8,0a4e755299eb8ff2f2049ba8c56f0da54cf13b8e8a7c8a5a81f1c6e270d44ad4,True,flag,rapid_passthrough,mock: escalate,60,16,0.0,True,,,"{""suspicious"": true, ""typology"": ""rapid_passthrough"", ""rationale"": ""mock: escalate""}"
pilot,MOCK,xai_grok,grok-4.5,xai,xai,v_fatf,1,S-rapid_passthrough-m-009,suspicious,rapid_passthrough,medium,suspicious:rapid_passthrough,1095170479,0.0,2026-07-15T14:04:19.913216+00:00,bf6be79bb83646da,afcc962dfc92f4c2d391c6f5c9579da1391c3e8d45e02f41fd101c52c9337121,False,no_flag,,mock: no escalation,60,16,0.0,True,,,"{""suspicious"": false, ""typology"": null, ""rationale"": ""mock: no escalation""}"
pilot,MOCK,xai_grok,grok-4.5,xai,xai,v_fatf,1,S-shell_layering-e-000,suspicious,shell_layering,easy,suspicious:shell_layering,2091026318,0.0,2026-07-15T14:04:19.913243+00:00,5d898d8d767b1c4a,94296d6b0fafea98ef1b8d27486d6729a78d5560786d6f1dee19d87e06f627a2,True,flag,shell_layering,mock: escalate,60,16,0.0,True,,,"{""suspicious"": true, ""typology"": ""shell_layering"", ""rationale"": ""mock: escalate""}"
pilot,MOCK,xai_grok,grok-4.5,xai,xai,v_fatf,1,S-shell_layering-e-003,suspicious,shell_layering,easy,suspicious:shell_layering,2020082905,0.0,2026-07-15T14:04:19.913267+00:00,10e68c4cc213918c,94296d6b0fafea98ef1b8d27486d6729a78d5560786d6f1dee19d87e06f627a2,True,flag,shell_layering,mock: escalate,60,16,0.0,True,,,"{""suspicious"": true, ""typology"": ""shell_layering"", ""rationale"": ""mock: escalate""}"
pilot,MOCK,xai_grok,grok-4.5,xai,xai,v_fatf,1,S-shell_layering-e-009,suspicious,shell_layering,easy,suspicious:shell_layering,101960980,0.0,2026-07-15T14:04:19.913470+00:00,71d8b677995d27c7,94296d6b0fafea98ef1b8d27486d6729a78d5560786d6f1dee19d87e06f627a2,True,flag,shell_layering,mock: escalate,60,16,0.0,True,,,"{""suspicious"": true, ""typology"": ""shell_layering"", ""rationale"": ""mock: escalate""}"
pilot,MOCK,xai_grok,grok-4.5,xai,xai,v_fatf,1,S-shell_layering-e-006,suspicious,shell_layering,easy,suspicious:shell_layering,961612152,0.0,2026-07-15T14:04:19.913522+00:00,5ed436ccd734b848,94296d6b0fafea98ef1b8d27486d6729a78d5560786d6f1dee19d87e06f627a2,True,flag,shell_layering,mock: escalate,60,16,0.0,True,,,"{""suspicious"": true, ""typology"": ""shell_layering"", ""rationale"": ""mock: escalate""}"
pilot,MOCK,xai_grok,grok-4.5,xai,xai,v_fatf,1,S-shell_layering-e-011,suspicious,shell_layering,easy,suspicious:shell_layering,746589781,0.0,2026-07-15T14:04:19.914349+00:00,4618125265f8e1f4,94296d6b0fafea98ef1b8d27486d6729a78d5560786d6f1dee19d87e06f627a2,True,flag,shell_layering,mock: escalate,60,16,0.0,True,,,"{""suspicious"": true, ""typology"": ""shell_layering"", ""rationale"": ""mock: escalate""}"
pilot,MOCK,xai_grok,grok-4.5,xai,xai,v_fatf,1,S-shell_layering-h-004,suspicious,shell_layering,hard,suspicious:shell_layering,1553947676,0.0,2026-07-15T14:04:19.914853+00:00,7a94ab8b486a8aae,94296d6b0fafea98ef1b8d27486d6729a78d5560786d6f1dee19d87e06f627a2,True,flag,shell_layering,mock: escalate,60,16,0.0,True,,,"{""suspicious"": true, ""typology"": ""shell_layering"", ""rationale"": ""mock: escalate""}"
pilot,MOCK,xai_grok,grok-4.5,xai,xai,v_fatf,1,S-shell_layering-h-005,suspicious,shell_layering,hard,suspicious:shell_layering,130799082,0.0,2026-07-15T14:04:19.914920+00:00,e0841517ad5b3e64,94296d6b0fafea98ef1b8d27486d6729a78d5560786d6f1dee19d87e06f627a2,True,flag,shell_layering,mock: escalate,60,16,0.0,True,,,"{""suspicious"": true, ""typology"": ""shell_layering"", ""rationale"": ""mock: escalate""}"
pilot,MOCK,xai_grok,grok-4.5,xai,xai,v_fatf,1,S-shell_layering-h-006,suspicious,shell_layering,hard,suspicious:shell_layering,711422106,0.0,2026-07-15T14:04:19.914975+00:00,4001694d701876a7,94296d6b0fafea98ef1b8d27486d6729a78d5560786d6f1dee19d87e06f627a2,True,flag,shell_layering,mock: escalate,60,16,0.0,True,,,"{""suspicious"": true, ""typology"": ""shell_layering"", ""rationale"": ""mock: escalate""}"
pilot,MOCK,xai_grok,grok-4.5,xai,xai,v_fatf,1,S-shell_layering-h-008,suspicious,shell_layering,hard,suspicious:shell_layering,444810211,0.0,2026-07-15T14:04:19.915003+00:00,37cbe84877635476,afcc962dfc92f4c2d391c6f5c9579da1391c3e8d45e02f41fd101c52c9337121,False,no_flag,,mock: no escalation,60,16,0.0,True,,,"{""suspicious"": false, ""typology"": null, ""rationale"": ""mock: no escalation""}"
pilot,MOCK,xai_grok,grok-4.5,xai,xai,v_fatf,1,S-shell_layering-m-001,suspicious,shell_layering,medium,suspicious:shell_layering,353597495,0.0,2026-07-15T14:04:19.915531+00:00,16115ab5705c945e,94296d6b0fafea98ef1b8d27486d6729a78d5560786d6f1dee19d87e06f627a2,True,flag,shell_layering,mock: escalate,60,16,0.0,True,,,"{""suspicious"": true, ""typology"": ""shell_layering"", ""rationale"": ""mock: escalate""}"
pilot,MOCK,xai_grok,grok-4.5,xai,xai,v_fatf,1,S-shell_layering-m-002,suspicious,shell_layering,medium,suspicious:shell_layering,2020647383,0.0,2026-07-15T14:04:19.915772+00:00,163bf63ba608f58b,94296d6b0fafea98ef1b8d27486d6729a78d5560786d6f1dee19d87e06f627a2,True,flag,shell_layering,mock: escalate,60,16,0.0,True,,,"{""suspicious"": true, ""typology"": ""shell_layering"", ""rationale"": ""mock: escalate""}"
pilot,MOCK,xai_grok,grok-4.5,xai,xai,v_fatf,1,S-shell_layering-m-003,suspicious,shell_layering,medium,suspicious:shell_layering,721243137,0.0,2026-07-15T14:04:19.915797+00:00,cbe107039936408b,94296d6b0fafea98ef1b8d27486d6729a78d5560786d6f1dee19d87e06f627a2,True,flag,shell_layering,mock: escalate,60,16,0.0,True,,,"{""suspicious"": true, ""typology"": ""shell_layering"", ""rationale"": ""mock: escalate""}"
pilot,MOCK,xai_grok,grok-4.5,xai,xai,v_fatf,1,S-shell_layering-m-006,suspicious,shell_layering,medium,suspicious:shell_layering,1294250417,0.0,2026-07-15T14:04:19.915819+00:00,9782e36fe99b0557,afcc962dfc92f4c2d391c6f5c9579da1391c3e8d45e02f41fd101c52c9337121,False,no_flag,,mock: no escalation,60,16,0.0,True,,,"{""suspicious"": false, ""typology"": null, ""rationale"": ""mock: no escalation""}"
pilot,MOCK,xai_grok,grok-4.5,xai,xai,v_fatf,1,S-shell_layering-m-010,suspicious,shell_layering,medium,suspicious:shell_layering,1029982845,0.0,2026-07-15T14:04:19.915840+00:00,28713498f629d265,94296d6b0fafea98ef1b8d27486d6729a78d5560786d6f1dee19d87e06f627a2,True,flag,shell_layering,mock: escalate,60,16,0.0,True,,,"{""suspicious"": true, ""typology"": ""shell_layering"", ""rationale"": ""mock: escalate""}"
pilot,MOCK,xai_grok,grok-4.5,xai,xai,v_fatf,1,S-shell_layering-m-012,suspicious,shell_layering,medium,suspicious:shell_layering,2125074505,0.0,2026-07-15T14:04:19.916638+00:00,4f61f57ef0afb3f6,94296d6b0fafea98ef1b8d27486d6729a78d5560786d6f1dee19d87e06f627a2,True,flag,shell_layering,mock: escalate,60,16,0.0,True,,,"{""suspicious"": true, ""typology"": ""shell_layering"", ""rationale"": ""mock: escalate""}"
pilot,MOCK,xai_grok,grok-4.5,xai,xai,v_fatf,1,S-structuring-e-002,suspicious,structuring,easy,suspicious:structuring,1706405825,0.0,2026-07-15T14:04:19.916662+00:00,3e0a80f0a24411fc,bdb7714ef81a5904ec46acb472bd3f040a03e386594f19657d1f5c537276b6be,True,flag,structuring,mock: escalate,60,16,0.0,True,,,"{""suspicious"": true, ""typology"": ""structuring"", ""rationale"": ""mock: escalate""}"
pilot,MOCK,xai_grok,grok-4.5,xai,xai,v_fatf,1,S-structuring-e-003,suspicious,structuring,easy,suspicious:structuring,443573628,0.0,2026-07-15T14:04:19.916685+00:00,5694380cd2204dd0,bdb7714ef81a5904ec46acb472bd3f040a03e386594f19657d1f5c537276b6be,True,flag,structuring,mock: escalate,60,16,0.0,True,,,"{""suspicious"": true, ""typology"": ""structuring"", ""rationale"": ""mock: escalate""}"
pilot,MOCK,xai_grok,grok-4.5,xai,xai,v_fatf,1,S-structuring-e-006,suspicious,structuring,easy,suspicious:structuring,910167147,0.0,2026-07-15T14:04:19.916708+00:00,a06a253703bec0b9,bdb7714ef81a5904ec46acb472bd3f040a03e386594f19657d1f5c537276b6be,True,flag,structuring,mock: escalate,60,16,0.0,True,,,"{""suspicious"": true, ""typology"": ""structuring"", ""rationale"": ""mock: escalate""}"
pilot,MOCK,xai_grok,grok-4.5,xai,xai,v_fatf,1,S-structuring-h-000,suspicious,structuring,hard,suspicious:structuring,2075809109,0.0,2026-07-15T14:04:19.916964+00:00,cfba9147bf512de6,bdb7714ef81a5904ec46acb472bd3f040a03e386594f19657d1f5c537276b6be,True,flag,structuring,mock: escalate,60,16,0.0,True,,,"{""suspicious"": true, ""typology"": ""structuring"", ""rationale"": ""mock: escalate""}"
pilot,MOCK,xai_grok,grok-4.5,xai,xai,v_fatf,1,S-structuring-e-009,suspicious,structuring,easy,suspicious:structuring,2102393804,0.0,2026-07-15T14:04:19.917547+00:00,b97ae05935b2df32,bdb7714ef81a5904ec46acb472bd3f040a03e386594f19657d1f5c537276b6be,True,flag,structuring,mock: escalate,60,16,0.0,True,,,"{""suspicious"": true, ""typology"": ""structuring"", ""rationale"": ""mock: escalate""}"
pilot,MOCK,xai_grok,grok-4.5,xai,xai,v_fatf,1,S-structuring-e-007,suspicious,structuring,easy,suspicious:structuring,783145337,0.0,2026-07-15T14:04:19.917572+00:00,f6563ba9caa18e80,bdb7714ef81a5904ec46acb472bd3f040a03e386594f19657d1f5c537276b6be,True,flag,structuring,mock: escalate,60,16,0.0,True,,,"{""suspicious"": true, ""typology"": ""structuring"", ""rationale"": ""mock: escalate""}"
pilot,MOCK,xai_grok,grok-4.5,xai,xai,v_fatf,1,S-structuring-h-002,suspicious,structuring,hard,suspicious:structuring,1940657846,0.0,2026-07-15T14:04:19.917597+00:00,2c6a4d3851e34054,afcc962dfc92f4c2d391c6f5c9579da1391c3e8d45e02f41fd101c52c9337121,False,no_flag,,mock: no escalation,60,16,0.0,True,,,"{""suspicious"": false, ""typology"": null, ""rationale"": ""mock: no escalation""}"
pilot,MOCK,xai_grok,grok-4.5,xai,xai,v_fatf,1,S-structuring-h-004,suspicious,structuring,hard,suspicious:structuring,1430764552,0.0,2026-07-15T14:04:19.917832+00:00,9c88a8d374079767,bdb7714ef81a5904ec46acb472bd3f040a03e386594f19657d1f5c537276b6be,True,flag,structuring,mock: escalate,60,16,0.0,True,,,"{""suspicious"": true, ""typology"": ""structuring"", ""rationale"": ""mock: escalate""}"
pilot,MOCK,xai_grok,grok-4.5,xai,xai,v_fatf,1,S-structuring-h-007,suspicious,structuring,hard,suspicious:structuring,967856889,0.0,2026-07-15T14:04:19.917855+00:00,0dfd581cbc592c14,afcc962dfc92f4c2d391c6f5c9579da1391c3e8d45e02f41fd101c52c9337121,False,no_flag,,mock: no escalation,60,16,0.0,True,,,"{""suspicious"": false, ""typology"": null, ""rationale"": ""mock: no escalation""}"
pilot,MOCK,xai_grok,grok-4.5,xai,xai,v_fatf,1,S-structuring-m-003,suspicious,structuring,medium,suspicious:structuring,1827320934,0.0,2026-07-15T14:04:19.918435+00:00,8e7498730d048579,bdb7714ef81a5904ec46acb472bd3f040a03e386594f19657d1f5c537276b6be,True,flag,structuring,mock: escalate,60,16,0.0,True,,,"{""suspicious"": true, ""typology"": ""structuring"", ""rationale"": ""mock: escalate""}"
pilot,MOCK,xai_grok,grok-4.5,xai,xai,v_fatf,1,S-structuring-m-004,suspicious,structuring,medium,suspicious:structuring,1995823062,0.0,2026-07-15T14:04:19.918767+00:00,42d1167a7791ac65,bdb7714ef81a5904ec46acb472bd3f040a03e386594f19657d1f5c537276b6be,True,flag,structuring,mock: escalate,60,16,0.0,True,,,"{""suspicious"": true, ""typology"": ""structuring"", ""rationale"": ""mock: escalate""}"
pilot,MOCK,xai_grok,grok-4.5,xai,xai,v_fatf,1,S-structuring-m-005,suspicious,structuring,medium,suspicious:structuring,1029484202,0.0,2026-07-15T14:04:19.918831+00:00,390549bb9b183bc8,bdb7714ef81a5904ec46acb472bd3f040a03e386594f19657d1f5c537276b6be,True,flag,structuring,mock: escalate,60,16,0.0,True,,,"{""suspicious"": true, ""typology"": ""structuring"", ""rationale"": ""mock: escalate""}"
pilot,MOCK,xai_grok,grok-4.5,xai,xai,v_fatf,1,S-structuring-m-011,suspicious,structuring,medium,suspicious:structuring,1849720420,0.0,2026-07-15T14:04:19.918885+00:00,63db8f4df307ca69,bdb7714ef81a5904ec46acb472bd3f040a03e386594f19657d1f5c537276b6be,True,flag,structuring,mock: escalate,60,16,0.0,True,,,"{""suspicious"": true, ""typology"": ""structuring"", ""rationale"": ""mock: escalate""}"
pilot,MOCK,xai_grok,grok-4.5,xai,xai,v_fatf,1,S-structuring-m-013,suspicious,structuring,medium,suspicious:structuring,1690265112,0.0,2026-07-15T14:04:19.918908+00:00,73905be4b4fec940,afcc962dfc92f4c2d391c6f5c9579da1391c3e8d45e02f41fd101c52c9337121,False,no_flag,,mock: no escalation,60,16,0.0,True,,,"{""suspicious"": false, ""typology"": null, ""rationale"": ""mock: no escalation""}"
pilot,MOCK,xai_grok,grok-4.5,xai,xai,v_fatf,1,S-structuring-m-014,suspicious,structuring,medium,suspicious:structuring,1474632052,0.0,2026-07-15T14:04:19.919476+00:00,65303f88e34defee,bdb7714ef81a5904ec46acb472bd3f040a03e386594f19657d1f5c537276b6be,True,flag,structuring,mock: escalate,60,16,0.0,True,,,"{""suspicious"": true, ""typology"": ""structuring"", ""rationale"": ""mock: escalate""}"
pilot,MOCK,xai_grok,grok-4.5,xai,xai,v_fatf,1,S-trade_based-e-000,suspicious,trade_based,easy,suspicious:trade_based,19805792,0.0,2026-07-15T14:04:19.919725+00:00,b480bd44991dd282,3692e20a22d0dc3dd113546b2a171e334281a34263d9f80aa11bf35f52f0187b,True,flag,trade_based,mock: escalate,60,16,0.0,True,,,"{""suspicious"": true, ""typology"": ""trade_based"", ""rationale"": ""mock: escalate""}"
pilot,MOCK,xai_grok,grok-4.5,xai,xai,v_fatf,1,S-trade_based-e-002,suspicious,trade_based,easy,suspicious:trade_based,36851623,0.0,2026-07-15T14:04:19.919760+00:00,ce0812f8e3ab7500,3692e20a22d0dc3dd113546b2a171e334281a34263d9f80aa11bf35f52f0187b,True,flag,trade_based,mock: escalate,60,16,0.0,True,,,"{""suspicious"": true, ""typology"": ""trade_based"", ""rationale"": ""mock: escalate""}"
pilot,MOCK,xai_grok,grok-4.5,xai,xai,v_fatf,1,S-trade_based-e-003,suspicious,trade_based,easy,suspicious:trade_based,347716891,0.0,2026-07-15T14:04:19.919782+00:00,c5c11d600840838c,3692e20a22d0dc3dd113546b2a171e334281a34263d9f80aa11bf35f52f0187b,True,flag,trade_based,mock: escalate,60,16,0.0,True,,,"{""suspicious"": true, ""typology"": ""trade_based"", ""rationale"": ""mock: escalate""}"
pilot,MOCK,xai_grok,grok-4.5,xai,xai,v_fatf,1,S-trade_based-e-004,suspicious,trade_based,easy,suspicious:trade_based,1911211009,0.0,2026-07-15T14:04:19.919805+00:00,81361da03146c1b3,afcc962dfc92f4c2d391c6f5c9579da1391c3e8d45e02f41fd101c52c9337121,False,no_flag,,mock: no escalation,60,16,0.0,True,,,"{""suspicious"": false, ""typology"": null, ""rationale"": ""mock: no escalation""}"
pilot,MOCK,xai_grok,grok-4.5,xai,xai,v_fatf,1,S-trade_based-e-007,suspicious,trade_based,easy,suspicious:trade_based,2029343888,0.0,2026-07-15T14:04:19.920728+00:00,ca65b9895a0ad929,3692e20a22d0dc3dd113546b2a171e334281a34263d9f80aa11bf35f52f0187b,True,flag,trade_based,mock: escalate,60,16,0.0,True,,,"{""suspicious"": true, ""typology"": ""trade_based"", ""rationale"": ""mock: escalate""}"
pilot,MOCK,xai_grok,grok-4.5,xai,xai,v_fatf,1,S-trade_based-h-000,suspicious,trade_based,hard,suspicious:trade_based,842694967,0.0,2026-07-15T14:04:19.920761+00:00,2de1908d286de57c,afcc962dfc92f4c2d391c6f5c9579da1391c3e8d45e02f41fd101c52c9337121,False,no_flag,,mock: no escalation,60,16,0.0,True,,,"{""suspicious"": false, ""typology"": null, ""rationale"": ""mock: no escalation""}"
pilot,MOCK,xai_grok,grok-4.5,xai,xai,v_fatf,1,S-trade_based-h-001,suspicious,trade_based,hard,suspicious:trade_based,1029070944,0.0,2026-07-15T14:04:19.920789+00:00,77ca369bd4b0d598,3692e20a22d0dc3dd113546b2a171e334281a34263d9f80aa11bf35f52f0187b,True,flag,trade_based,mock: escalate,60,16,0.0,True,,,"{""suspicious"": true, ""typology"": ""trade_based"", ""rationale"": ""mock: escalate""}"
pilot,MOCK,xai_grok,grok-4.5,xai,xai,v_fatf,1,S-trade_based-h-007,suspicious,trade_based,hard,suspicious:trade_based,1671427173,0.0,2026-07-15T14:04:19.920813+00:00,3fd882559e6f820f,3692e20a22d0dc3dd113546b2a171e334281a34263d9f80aa11bf35f52f0187b,True,flag,trade_based,mock: escalate,60,16,0.0,True,,,"{""suspicious"": true, ""typology"": ""trade_based"", ""rationale"": ""mock: escalate""}"
pilot,MOCK,xai_grok,grok-4.5,xai,xai,v_fatf,1,S-trade_based-h-008,suspicious,trade_based,hard,suspicious:trade_based,333536995,0.0,2026-07-15T14:04:19.921054+00:00,7921229618c37d0d,afcc962dfc92f4c2d391c6f5c9579da1391c3e8d45e02f41fd101c52c9337121,False,no_flag,,mock: no escalation,60,16,0.0,True,,,"{""suspicious"": false, ""typology"": null, ""rationale"": ""mock: no escalation""}"
pilot,MOCK,xai_grok,grok-4.5,xai,xai,v_fatf,1,S-trade_based-m-000,suspicious,trade_based,medium,suspicious:trade_based,504126706,0.0,2026-07-15T14:04:19.921785+00:00,e0f50263c6549d2a,3692e20a22d0dc3dd113546b2a171e334281a34263d9f80aa11bf35f52f0187b,True,flag,trade_based,mock: escalate,60,16,0.0,True,,,"{""suspicious"": true, ""typology"": ""trade_based"", ""rationale"": ""mock: escalate""}"
pilot,MOCK,xai_grok,grok-4.5,xai,xai,v_fatf,1,S-trade_based-m-004,suspicious,trade_based,medium,suspicious:trade_based,540188187,0.0,2026-07-15T14:04:19.921811+00:00,b014ca2ed7ee0d24,3692e20a22d0dc3dd113546b2a171e334281a34263d9f80aa11bf35f52f0187b,True,flag,trade_based,mock: escalate,60,16,0.0,True,,,"{""suspicious"": true, ""typology"": ""trade_based"", ""rationale"": ""mock: escalate""}"
pilot,MOCK,xai_grok,grok-4.5,xai,xai,v_fatf,1,S-trade_based-m-005,suspicious,trade_based,medium,suspicious:trade_based,1981506309,0.0,2026-07-15T14:04:19.921836+00:00,c7d36cc4c3f4f74f,3692e20a22d0dc3dd113546b2a171e334281a34263d9f80aa11bf35f52f0187b,True,flag,trade_based,mock: escalate,60,16,0.0,True,,,"{""suspicious"": true, ""typology"": ""trade_based"", ""rationale"": ""mock: escalate""}"
pilot,MOCK,xai_grok,grok-4.5,xai,xai,v_fatf,1,S-trade_based-m-009,suspicious,trade_based,medium,suspicious:trade_based,1678416478,0.0,2026-07-15T14:04:19.922042+00:00,19590c00ada1b39e,3692e20a22d0dc3dd113546b2a171e334281a34263d9f80aa11bf35f52f0187b,True,flag,trade_based,mock: escalate,60,16,0.0,True,,,"{""suspicious"": true, ""typology"": ""trade_based"", ""rationale"": ""mock: escalate""}"
pilot,MOCK,xai_grok,grok-4.5,xai,xai,v_fatf,1,S-trade_based-m-010,suspicious,trade_based,medium,suspicious:trade_based,792238474,0.0,2026-07-15T14:04:19.922064+00:00,ffe92dc7598506ec,3692e20a22d0dc3dd113546b2a171e334281a34263d9f80aa11bf35f52f0187b,True,flag,trade_based,mock: escalate,60,16,0.0,True,,,"{""suspicious"": true, ""typology"": ""trade_based"", ""rationale"": ""mock: escalate""}"
pilot,MOCK,xai_grok,grok-4.5,xai,xai,v_fatf,1,S-trade_based-m-014,suspicious,trade_based,medium,suspicious:trade_based,295957296,0.0,2026-07-15T14:04:19.922763+00:00,f58d6495787859f5,3692e20a22d0dc3dd113546b2a171e334281a34263d9f80aa11bf35f52f0187b,True,flag,trade_based,mock: escalate,60,16,0.0,True,,,"{""suspicious"": true, ""typology"": ""trade_based"", ""rationale"": ""mock: escalate""}"
